Agent execution failed
Traceback (most recent call last):
  File "/home/wjt/CardDiffBench_official_a2a_main_20260712/.venv/lib/python3.10/site-packages/httpx/_transports/default.py", line 101, in map_httpcore_exceptions
    yield
  File "/home/wjt/CardDiffBench_official_a2a_main_20260712/.venv/lib/python3.10/site-packages/httpx/_transports/default.py", line 250, in handle_request
    resp = self._pool.handle_request(req)
  File "/home/wjt/CardDiffBench_official_a2a_main_20260712/.venv/lib/python3.10/site-packages/httpcore/_sync/connection_pool.py", line 256, in handle_request
    raise exc from None
  File "/home/wjt/CardDiffBench_official_a2a_main_20260712/.venv/lib/python3.10/site-packages/httpcore/_sync/connection_pool.py", line 236, in handle_request
    response = connection.handle_request(
  File "/home/wjt/CardDiffBench_official_a2a_main_20260712/.venv/lib/python3.10/site-packages/httpcore/_sync/connection.py", line 103, in handle_request
    return self._connection.handle_request(request)
  File "/home/wjt/CardDiffBench_official_a2a_main_20260712/.venv/lib/python3.10/site-packages/httpcore/_sync/http11.py", line 136, in handle_request
    raise exc
  File "/home/wjt/CardDiffBench_official_a2a_main_20260712/.venv/lib/python3.10/site-packages/httpcore/_sync/http11.py", line 106, in handle_request
    ) = self._receive_response_headers(**kwargs)
  File "/home/wjt/CardDiffBench_official_a2a_main_20260712/.venv/lib/python3.10/site-packages/httpcore/_sync/http11.py", line 177, in _receive_response_headers
    event = self._receive_event(timeout=timeout)
  File "/home/wjt/CardDiffBench_official_a2a_main_20260712/.venv/lib/python3.10/site-packages/httpcore/_sync/http11.py", line 217, in _receive_event
    data = self._network_stream.read(
  File "/home/wjt/CardDiffBench_official_a2a_main_20260712/.venv/lib/python3.10/site-packages/httpcore/_backends/sync.py", line 126, in read
    with map_exceptions(exc_map):
  File "/usr/lib/python3.10/contextlib.py", line 153, in __exit__
    self.gen.throw(typ, value, traceback)
  File "/home/wjt/CardDiffBench_official_a2a_main_20260712/.venv/lib/python3.10/site-packages/httpcore/_exceptions.py", line 14, in map_exceptions
    raise to_exc(exc) from exc
httpcore.ReadTimeout: The read operation timed out

The above exception was the direct cause of the following exception:

Traceback (most recent call last):
  File "/home/wjt/CardDiffBench_official_a2a_main_20260712/.venv/lib/python3.10/site-packages/a2a/server/request_handlers/default_request_handler.py", line 326, in on_message_send
    ) = await result_aggregator.consume_and_break_on_interrupt(
  File "/home/wjt/CardDiffBench_official_a2a_main_20260712/.venv/lib/python3.10/site-packages/a2a/server/tasks/result_aggregator.py", line 135, in consume_and_break_on_interrupt
    async for event in event_stream:
  File "/home/wjt/CardDiffBench_official_a2a_main_20260712/.venv/lib/python3.10/site-packages/a2a/server/events/event_consumer.py", line 87, in consume_all
    raise self._exception
  File "/home/wjt/CardDiffBench_official_a2a_main_20260712/.venv/lib/python3.10/site-packages/a2a/utils/telemetry.py", line 228, in async_wrapper
    result = await func(*args, **kwargs)
  File "/home/wjt/CardDiffBench_official_a2a_main_20260712/.venv/lib/python3.10/site-packages/a2a/server/request_handlers/default_request_handler.py", line 196, in _run_event_stream
    await self.agent_executor.execute(request, queue)
  File "/home/wjt/CardDiffBench_official_a2a_main_20260712/harness/transfer/official_a2a_peer.py", line 77, in execute
    artifact = self.env._response_artifact(body=body, identity=identity, scopes=scopes,
  File "/home/wjt/CardDiffBench_official_a2a_main_20260712/harness/downstream/impact_env.py", line 331, in _response_artifact
    self.worker_result = worker.run(
  File "/home/wjt/CardDiffBench_official_a2a_main_20260712/harness/downstream/llm_workers.py", line 94, in run
    raw = self._complete(payload)
  File "/home/wjt/CardDiffBench_official_a2a_main_20260712/harness/downstream/llm_workers.py", line 49, in _complete
    response = self.client.post(
  File "/home/wjt/CardDiffBench_official_a2a_main_20260712/.venv/lib/python3.10/site-packages/httpx/_client.py", line 1144, in post
    return self.request(
  File "/home/wjt/CardDiffBench_official_a2a_main_20260712/.venv/lib/python3.10/site-packages/httpx/_client.py", line 825, in request
    return self.send(request, auth=auth, follow_redirects=follow_redirects)
  File "/home/wjt/CardDiffBench_official_a2a_main_20260712/.venv/lib/python3.10/site-packages/httpx/_client.py", line 914, in send
    response = self._send_handling_auth(
  File "/home/wjt/CardDiffBench_official_a2a_main_20260712/.venv/lib/python3.10/site-packages/httpx/_client.py", line 942, in _send_handling_auth
    response = self._send_handling_redirects(
  File "/home/wjt/CardDiffBench_official_a2a_main_20260712/.venv/lib/python3.10/site-packages/httpx/_client.py", line 979, in _send_handling_redirects
    response = self._send_single_request(request)
  File "/home/wjt/CardDiffBench_official_a2a_main_20260712/.venv/lib/python3.10/site-packages/httpx/_client.py", line 1014, in _send_single_request
    response = transport.handle_request(request)
  File "/home/wjt/CardDiffBench_official_a2a_main_20260712/.venv/lib/python3.10/site-packages/httpx/_transports/default.py", line 249, in handle_request
    with map_httpcore_exceptions():
  File "/usr/lib/python3.10/contextlib.py", line 153, in __exit__
    self.gen.throw(typ, value, traceback)
  File "/home/wjt/CardDiffBench_official_a2a_main_20260712/.venv/lib/python3.10/site-packages/httpx/_transports/default.py", line 118, in map_httpcore_exceptions
    raise mapped_exc(message) from exc
httpx.ReadTimeout: The read operation timed out
Unhandled exception
Traceback (most recent call last):
  File "/home/wjt/CardDiffBench_official_a2a_main_20260712/.venv/lib/python3.10/site-packages/httpx/_transports/default.py", line 101, in map_httpcore_exceptions
    yield
  File "/home/wjt/CardDiffBench_official_a2a_main_20260712/.venv/lib/python3.10/site-packages/httpx/_transports/default.py", line 250, in handle_request
    resp = self._pool.handle_request(req)
  File "/home/wjt/CardDiffBench_official_a2a_main_20260712/.venv/lib/python3.10/site-packages/httpcore/_sync/connection_pool.py", line 256, in handle_request
    raise exc from None
  File "/home/wjt/CardDiffBench_official_a2a_main_20260712/.venv/lib/python3.10/site-packages/httpcore/_sync/connection_pool.py", line 236, in handle_request
    response = connection.handle_request(
  File "/home/wjt/CardDiffBench_official_a2a_main_20260712/.venv/lib/python3.10/site-packages/httpcore/_sync/connection.py", line 103, in handle_request
    return self._connection.handle_request(request)
  File "/home/wjt/CardDiffBench_official_a2a_main_20260712/.venv/lib/python3.10/site-packages/httpcore/_sync/http11.py", line 136, in handle_request
    raise exc
  File "/home/wjt/CardDiffBench_official_a2a_main_20260712/.venv/lib/python3.10/site-packages/httpcore/_sync/http11.py", line 106, in handle_request
    ) = self._receive_response_headers(**kwargs)
  File "/home/wjt/CardDiffBench_official_a2a_main_20260712/.venv/lib/python3.10/site-packages/httpcore/_sync/http11.py", line 177, in _receive_response_headers
    event = self._receive_event(timeout=timeout)
  File "/home/wjt/CardDiffBench_official_a2a_main_20260712/.venv/lib/python3.10/site-packages/httpcore/_sync/http11.py", line 217, in _receive_event
    data = self._network_stream.read(
  File "/home/wjt/CardDiffBench_official_a2a_main_20260712/.venv/lib/python3.10/site-packages/httpcore/_backends/sync.py", line 126, in read
    with map_exceptions(exc_map):
  File "/usr/lib/python3.10/contextlib.py", line 153, in __exit__
    self.gen.throw(typ, value, traceback)
  File "/home/wjt/CardDiffBench_official_a2a_main_20260712/.venv/lib/python3.10/site-packages/httpcore/_exceptions.py", line 14, in map_exceptions
    raise to_exc(exc) from exc
httpcore.ReadTimeout: The read operation timed out

The above exception was the direct cause of the following exception:

Traceback (most recent call last):
  File "/home/wjt/CardDiffBench_official_a2a_main_20260712/.venv/lib/python3.10/site-packages/a2a/server/apps/jsonrpc/jsonrpc_app.py", line 384, in _handle_requests
    return await self._process_non_streaming_request(
  File "/home/wjt/CardDiffBench_official_a2a_main_20260712/.venv/lib/python3.10/site-packages/a2a/server/apps/jsonrpc/jsonrpc_app.py", line 464, in _process_non_streaming_request
    handler_result = await self.handler.on_message_send(
  File "/home/wjt/CardDiffBench_official_a2a_main_20260712/.venv/lib/python3.10/site-packages/a2a/utils/telemetry.py", line 228, in async_wrapper
    result = await func(*args, **kwargs)
  File "/home/wjt/CardDiffBench_official_a2a_main_20260712/.venv/lib/python3.10/site-packages/a2a/server/request_handlers/jsonrpc_handler.py", line 107, in on_message_send
    task_or_message = await self.request_handler.on_message_send(
  File "/home/wjt/CardDiffBench_official_a2a_main_20260712/.venv/lib/python3.10/site-packages/a2a/utils/telemetry.py", line 228, in async_wrapper
    result = await func(*args, **kwargs)
  File "/home/wjt/CardDiffBench_official_a2a_main_20260712/.venv/lib/python3.10/site-packages/a2a/server/request_handlers/default_request_handler.py", line 348, in on_message_send
    await self._cleanup_producer(producer_task, task_id)
  File "/home/wjt/CardDiffBench_official_a2a_main_20260712/.venv/lib/python3.10/site-packages/a2a/utils/telemetry.py", line 228, in async_wrapper
    result = await func(*args, **kwargs)
  File "/home/wjt/CardDiffBench_official_a2a_main_20260712/.venv/lib/python3.10/site-packages/a2a/server/request_handlers/default_request_handler.py", line 445, in _cleanup_producer
    await producer_task
  File "/home/wjt/CardDiffBench_official_a2a_main_20260712/.venv/lib/python3.10/site-packages/a2a/utils/telemetry.py", line 228, in async_wrapper
    result = await func(*args, **kwargs)
  File "/home/wjt/CardDiffBench_official_a2a_main_20260712/.venv/lib/python3.10/site-packages/a2a/server/request_handlers/default_request_handler.py", line 196, in _run_event_stream
    await self.agent_executor.execute(request, queue)
  File "/home/wjt/CardDiffBench_official_a2a_main_20260712/harness/transfer/official_a2a_peer.py", line 77, in execute
    artifact = self.env._response_artifact(body=body, identity=identity, scopes=scopes,
  File "/home/wjt/CardDiffBench_official_a2a_main_20260712/harness/downstream/impact_env.py", line 331, in _response_artifact
    self.worker_result = worker.run(
  File "/home/wjt/CardDiffBench_official_a2a_main_20260712/harness/downstream/llm_workers.py", line 94, in run
    raw = self._complete(payload)
  File "/home/wjt/CardDiffBench_official_a2a_main_20260712/harness/downstream/llm_workers.py", line 49, in _complete
    response = self.client.post(
  File "/home/wjt/CardDiffBench_official_a2a_main_20260712/.venv/lib/python3.10/site-packages/httpx/_client.py", line 1144, in post
    return self.request(
  File "/home/wjt/CardDiffBench_official_a2a_main_20260712/.venv/lib/python3.10/site-packages/httpx/_client.py", line 825, in request
    return self.send(request, auth=auth, follow_redirects=follow_redirects)
  File "/home/wjt/CardDiffBench_official_a2a_main_20260712/.venv/lib/python3.10/site-packages/httpx/_client.py", line 914, in send
    response = self._send_handling_auth(
  File "/home/wjt/CardDiffBench_official_a2a_main_20260712/.venv/lib/python3.10/site-packages/httpx/_client.py", line 942, in _send_handling_auth
    response = self._send_handling_redirects(
  File "/home/wjt/CardDiffBench_official_a2a_main_20260712/.venv/lib/python3.10/site-packages/httpx/_client.py", line 979, in _send_handling_redirects
    response = self._send_single_request(request)
  File "/home/wjt/CardDiffBench_official_a2a_main_20260712/.venv/lib/python3.10/site-packages/httpx/_client.py", line 1014, in _send_single_request
    response = transport.handle_request(request)
  File "/home/wjt/CardDiffBench_official_a2a_main_20260712/.venv/lib/python3.10/site-packages/httpx/_transports/default.py", line 249, in handle_request
    with map_httpcore_exceptions():
  File "/usr/lib/python3.10/contextlib.py", line 153, in __exit__
    self.gen.throw(typ, value, traceback)
  File "/home/wjt/CardDiffBench_official_a2a_main_20260712/.venv/lib/python3.10/site-packages/httpx/_transports/default.py", line 118, in map_httpcore_exceptions
    raise mapped_exc(message) from exc
httpx.ReadTimeout: The read operation timed out
Request Error (ID: b1d5e4b0-5955-4fe5-8375-0c7947c8fccc): Code=-32603, Message='The read operation timed out'
Agent execution failed
Traceback (most recent call last):
  File "/home/wjt/CardDiffBench_official_a2a_main_20260712/.venv/lib/python3.10/site-packages/httpx/_transports/default.py", line 101, in map_httpcore_exceptions
    yield
  File "/home/wjt/CardDiffBench_official_a2a_main_20260712/.venv/lib/python3.10/site-packages/httpx/_transports/default.py", line 250, in handle_request
    resp = self._pool.handle_request(req)
  File "/home/wjt/CardDiffBench_official_a2a_main_20260712/.venv/lib/python3.10/site-packages/httpcore/_sync/connection_pool.py", line 256, in handle_request
    raise exc from None
  File "/home/wjt/CardDiffBench_official_a2a_main_20260712/.venv/lib/python3.10/site-packages/httpcore/_sync/connection_pool.py", line 236, in handle_request
    response = connection.handle_request(
  File "/home/wjt/CardDiffBench_official_a2a_main_20260712/.venv/lib/python3.10/site-packages/httpcore/_sync/connection.py", line 103, in handle_request
    return self._connection.handle_request(request)
  File "/home/wjt/CardDiffBench_official_a2a_main_20260712/.venv/lib/python3.10/site-packages/httpcore/_sync/http11.py", line 136, in handle_request
    raise exc
  File "/home/wjt/CardDiffBench_official_a2a_main_20260712/.venv/lib/python3.10/site-packages/httpcore/_sync/http11.py", line 106, in handle_request
    ) = self._receive_response_headers(**kwargs)
  File "/home/wjt/CardDiffBench_official_a2a_main_20260712/.venv/lib/python3.10/site-packages/httpcore/_sync/http11.py", line 177, in _receive_response_headers
    event = self._receive_event(timeout=timeout)
  File "/home/wjt/CardDiffBench_official_a2a_main_20260712/.venv/lib/python3.10/site-packages/httpcore/_sync/http11.py", line 217, in _receive_event
    data = self._network_stream.read(
  File "/home/wjt/CardDiffBench_official_a2a_main_20260712/.venv/lib/python3.10/site-packages/httpcore/_backends/sync.py", line 126, in read
    with map_exceptions(exc_map):
  File "/usr/lib/python3.10/contextlib.py", line 153, in __exit__
    self.gen.throw(typ, value, traceback)
  File "/home/wjt/CardDiffBench_official_a2a_main_20260712/.venv/lib/python3.10/site-packages/httpcore/_exceptions.py", line 14, in map_exceptions
    raise to_exc(exc) from exc
httpcore.ReadTimeout: The read operation timed out

The above exception was the direct cause of the following exception:

Traceback (most recent call last):
  File "/home/wjt/CardDiffBench_official_a2a_main_20260712/.venv/lib/python3.10/site-packages/a2a/server/request_handlers/default_request_handler.py", line 326, in on_message_send
    ) = await result_aggregator.consume_and_break_on_interrupt(
  File "/home/wjt/CardDiffBench_official_a2a_main_20260712/.venv/lib/python3.10/site-packages/a2a/server/tasks/result_aggregator.py", line 135, in consume_and_break_on_interrupt
    async for event in event_stream:
  File "/home/wjt/CardDiffBench_official_a2a_main_20260712/.venv/lib/python3.10/site-packages/a2a/server/events/event_consumer.py", line 87, in consume_all
    raise self._exception
  File "/home/wjt/CardDiffBench_official_a2a_main_20260712/.venv/lib/python3.10/site-packages/a2a/utils/telemetry.py", line 228, in async_wrapper
    result = await func(*args, **kwargs)
  File "/home/wjt/CardDiffBench_official_a2a_main_20260712/.venv/lib/python3.10/site-packages/a2a/server/request_handlers/default_request_handler.py", line 196, in _run_event_stream
    await self.agent_executor.execute(request, queue)
  File "/home/wjt/CardDiffBench_official_a2a_main_20260712/harness/transfer/official_a2a_peer.py", line 77, in execute
    artifact = self.env._response_artifact(body=body, identity=identity, scopes=scopes,
  File "/home/wjt/CardDiffBench_official_a2a_main_20260712/harness/downstream/impact_env.py", line 331, in _response_artifact
    self.worker_result = worker.run(
  File "/home/wjt/CardDiffBench_official_a2a_main_20260712/harness/downstream/llm_workers.py", line 94, in run
    raw = self._complete(payload)
  File "/home/wjt/CardDiffBench_official_a2a_main_20260712/harness/downstream/llm_workers.py", line 49, in _complete
    response = self.client.post(
  File "/home/wjt/CardDiffBench_official_a2a_main_20260712/.venv/lib/python3.10/site-packages/httpx/_client.py", line 1144, in post
    return self.request(
  File "/home/wjt/CardDiffBench_official_a2a_main_20260712/.venv/lib/python3.10/site-packages/httpx/_client.py", line 825, in request
    return self.send(request, auth=auth, follow_redirects=follow_redirects)
  File "/home/wjt/CardDiffBench_official_a2a_main_20260712/.venv/lib/python3.10/site-packages/httpx/_client.py", line 914, in send
    response = self._send_handling_auth(
  File "/home/wjt/CardDiffBench_official_a2a_main_20260712/.venv/lib/python3.10/site-packages/httpx/_client.py", line 942, in _send_handling_auth
    response = self._send_handling_redirects(
  File "/home/wjt/CardDiffBench_official_a2a_main_20260712/.venv/lib/python3.10/site-packages/httpx/_client.py", line 979, in _send_handling_redirects
    response = self._send_single_request(request)
  File "/home/wjt/CardDiffBench_official_a2a_main_20260712/.venv/lib/python3.10/site-packages/httpx/_client.py", line 1014, in _send_single_request
    response = transport.handle_request(request)
  File "/home/wjt/CardDiffBench_official_a2a_main_20260712/.venv/lib/python3.10/site-packages/httpx/_transports/default.py", line 249, in handle_request
    with map_httpcore_exceptions():
  File "/usr/lib/python3.10/contextlib.py", line 153, in __exit__
    self.gen.throw(typ, value, traceback)
  File "/home/wjt/CardDiffBench_official_a2a_main_20260712/.venv/lib/python3.10/site-packages/httpx/_transports/default.py", line 118, in map_httpcore_exceptions
    raise mapped_exc(message) from exc
httpx.ReadTimeout: The read operation timed out
Unhandled exception
Traceback (most recent call last):
  File "/home/wjt/CardDiffBench_official_a2a_main_20260712/.venv/lib/python3.10/site-packages/httpx/_transports/default.py", line 101, in map_httpcore_exceptions
    yield
  File "/home/wjt/CardDiffBench_official_a2a_main_20260712/.venv/lib/python3.10/site-packages/httpx/_transports/default.py", line 250, in handle_request
    resp = self._pool.handle_request(req)
  File "/home/wjt/CardDiffBench_official_a2a_main_20260712/.venv/lib/python3.10/site-packages/httpcore/_sync/connection_pool.py", line 256, in handle_request
    raise exc from None
  File "/home/wjt/CardDiffBench_official_a2a_main_20260712/.venv/lib/python3.10/site-packages/httpcore/_sync/connection_pool.py", line 236, in handle_request
    response = connection.handle_request(
  File "/home/wjt/CardDiffBench_official_a2a_main_20260712/.venv/lib/python3.10/site-packages/httpcore/_sync/connection.py", line 103, in handle_request
    return self._connection.handle_request(request)
  File "/home/wjt/CardDiffBench_official_a2a_main_20260712/.venv/lib/python3.10/site-packages/httpcore/_sync/http11.py", line 136, in handle_request
    raise exc
  File "/home/wjt/CardDiffBench_official_a2a_main_20260712/.venv/lib/python3.10/site-packages/httpcore/_sync/http11.py", line 106, in handle_request
    ) = self._receive_response_headers(**kwargs)
  File "/home/wjt/CardDiffBench_official_a2a_main_20260712/.venv/lib/python3.10/site-packages/httpcore/_sync/http11.py", line 177, in _receive_response_headers
    event = self._receive_event(timeout=timeout)
  File "/home/wjt/CardDiffBench_official_a2a_main_20260712/.venv/lib/python3.10/site-packages/httpcore/_sync/http11.py", line 217, in _receive_event
    data = self._network_stream.read(
  File "/home/wjt/CardDiffBench_official_a2a_main_20260712/.venv/lib/python3.10/site-packages/httpcore/_backends/sync.py", line 126, in read
    with map_exceptions(exc_map):
  File "/usr/lib/python3.10/contextlib.py", line 153, in __exit__
    self.gen.throw(typ, value, traceback)
  File "/home/wjt/CardDiffBench_official_a2a_main_20260712/.venv/lib/python3.10/site-packages/httpcore/_exceptions.py", line 14, in map_exceptions
    raise to_exc(exc) from exc
httpcore.ReadTimeout: The read operation timed out

The above exception was the direct cause of the following exception:

Traceback (most recent call last):
  File "/home/wjt/CardDiffBench_official_a2a_main_20260712/.venv/lib/python3.10/site-packages/a2a/server/apps/jsonrpc/jsonrpc_app.py", line 384, in _handle_requests
    return await self._process_non_streaming_request(
  File "/home/wjt/CardDiffBench_official_a2a_main_20260712/.venv/lib/python3.10/site-packages/a2a/server/apps/jsonrpc/jsonrpc_app.py", line 464, in _process_non_streaming_request
    handler_result = await self.handler.on_message_send(
  File "/home/wjt/CardDiffBench_official_a2a_main_20260712/.venv/lib/python3.10/site-packages/a2a/utils/telemetry.py", line 228, in async_wrapper
    result = await func(*args, **kwargs)
  File "/home/wjt/CardDiffBench_official_a2a_main_20260712/.venv/lib/python3.10/site-packages/a2a/server/request_handlers/jsonrpc_handler.py", line 107, in on_message_send
    task_or_message = await self.request_handler.on_message_send(
  File "/home/wjt/CardDiffBench_official_a2a_main_20260712/.venv/lib/python3.10/site-packages/a2a/utils/telemetry.py", line 228, in async_wrapper
    result = await func(*args, **kwargs)
  File "/home/wjt/CardDiffBench_official_a2a_main_20260712/.venv/lib/python3.10/site-packages/a2a/server/request_handlers/default_request_handler.py", line 348, in on_message_send
    await self._cleanup_producer(producer_task, task_id)
  File "/home/wjt/CardDiffBench_official_a2a_main_20260712/.venv/lib/python3.10/site-packages/a2a/utils/telemetry.py", line 228, in async_wrapper
    result = await func(*args, **kwargs)
  File "/home/wjt/CardDiffBench_official_a2a_main_20260712/.venv/lib/python3.10/site-packages/a2a/server/request_handlers/default_request_handler.py", line 445, in _cleanup_producer
    await producer_task
  File "/home/wjt/CardDiffBench_official_a2a_main_20260712/.venv/lib/python3.10/site-packages/a2a/utils/telemetry.py", line 228, in async_wrapper
    result = await func(*args, **kwargs)
  File "/home/wjt/CardDiffBench_official_a2a_main_20260712/.venv/lib/python3.10/site-packages/a2a/server/request_handlers/default_request_handler.py", line 196, in _run_event_stream
    await self.agent_executor.execute(request, queue)
  File "/home/wjt/CardDiffBench_official_a2a_main_20260712/harness/transfer/official_a2a_peer.py", line 77, in execute
    artifact = self.env._response_artifact(body=body, identity=identity, scopes=scopes,
  File "/home/wjt/CardDiffBench_official_a2a_main_20260712/harness/downstream/impact_env.py", line 331, in _response_artifact
    self.worker_result = worker.run(
  File "/home/wjt/CardDiffBench_official_a2a_main_20260712/harness/downstream/llm_workers.py", line 94, in run
    raw = self._complete(payload)
  File "/home/wjt/CardDiffBench_official_a2a_main_20260712/harness/downstream/llm_workers.py", line 49, in _complete
    response = self.client.post(
  File "/home/wjt/CardDiffBench_official_a2a_main_20260712/.venv/lib/python3.10/site-packages/httpx/_client.py", line 1144, in post
    return self.request(
  File "/home/wjt/CardDiffBench_official_a2a_main_20260712/.venv/lib/python3.10/site-packages/httpx/_client.py", line 825, in request
    return self.send(request, auth=auth, follow_redirects=follow_redirects)
  File "/home/wjt/CardDiffBench_official_a2a_main_20260712/.venv/lib/python3.10/site-packages/httpx/_client.py", line 914, in send
    response = self._send_handling_auth(
  File "/home/wjt/CardDiffBench_official_a2a_main_20260712/.venv/lib/python3.10/site-packages/httpx/_client.py", line 942, in _send_handling_auth
    response = self._send_handling_redirects(
  File "/home/wjt/CardDiffBench_official_a2a_main_20260712/.venv/lib/python3.10/site-packages/httpx/_client.py", line 979, in _send_handling_redirects
    response = self._send_single_request(request)
  File "/home/wjt/CardDiffBench_official_a2a_main_20260712/.venv/lib/python3.10/site-packages/httpx/_client.py", line 1014, in _send_single_request
    response = transport.handle_request(request)
  File "/home/wjt/CardDiffBench_official_a2a_main_20260712/.venv/lib/python3.10/site-packages/httpx/_transports/default.py", line 249, in handle_request
    with map_httpcore_exceptions():
  File "/usr/lib/python3.10/contextlib.py", line 153, in __exit__
    self.gen.throw(typ, value, traceback)
  File "/home/wjt/CardDiffBench_official_a2a_main_20260712/.venv/lib/python3.10/site-packages/httpx/_transports/default.py", line 118, in map_httpcore_exceptions
    raise mapped_exc(message) from exc
httpx.ReadTimeout: The read operation timed out
Request Error (ID: 0acc18ff-c823-49e4-9374-80e5925f15c4): Code=-32603, Message='The read operation timed out'
Agent execution failed
Traceback (most recent call last):
  File "/home/wjt/CardDiffBench_official_a2a_main_20260712/.venv/lib/python3.10/site-packages/httpx/_transports/default.py", line 101, in map_httpcore_exceptions
    yield
  File "/home/wjt/CardDiffBench_official_a2a_main_20260712/.venv/lib/python3.10/site-packages/httpx/_transports/default.py", line 250, in handle_request
    resp = self._pool.handle_request(req)
  File "/home/wjt/CardDiffBench_official_a2a_main_20260712/.venv/lib/python3.10/site-packages/httpcore/_sync/connection_pool.py", line 256, in handle_request
    raise exc from None
  File "/home/wjt/CardDiffBench_official_a2a_main_20260712/.venv/lib/python3.10/site-packages/httpcore/_sync/connection_pool.py", line 236, in handle_request
    response = connection.handle_request(
  File "/home/wjt/CardDiffBench_official_a2a_main_20260712/.venv/lib/python3.10/site-packages/httpcore/_sync/connection.py", line 103, in handle_request
    return self._connection.handle_request(request)
  File "/home/wjt/CardDiffBench_official_a2a_main_20260712/.venv/lib/python3.10/site-packages/httpcore/_sync/http11.py", line 136, in handle_request
    raise exc
  File "/home/wjt/CardDiffBench_official_a2a_main_20260712/.venv/lib/python3.10/site-packages/httpcore/_sync/http11.py", line 106, in handle_request
    ) = self._receive_response_headers(**kwargs)
  File "/home/wjt/CardDiffBench_official_a2a_main_20260712/.venv/lib/python3.10/site-packages/httpcore/_sync/http11.py", line 177, in _receive_response_headers
    event = self._receive_event(timeout=timeout)
  File "/home/wjt/CardDiffBench_official_a2a_main_20260712/.venv/lib/python3.10/site-packages/httpcore/_sync/http11.py", line 217, in _receive_event
    data = self._network_stream.read(
  File "/home/wjt/CardDiffBench_official_a2a_main_20260712/.venv/lib/python3.10/site-packages/httpcore/_backends/sync.py", line 126, in read
    with map_exceptions(exc_map):
  File "/usr/lib/python3.10/contextlib.py", line 153, in __exit__
    self.gen.throw(typ, value, traceback)
  File "/home/wjt/CardDiffBench_official_a2a_main_20260712/.venv/lib/python3.10/site-packages/httpcore/_exceptions.py", line 14, in map_exceptions
    raise to_exc(exc) from exc
httpcore.ReadTimeout: The read operation timed out

The above exception was the direct cause of the following exception:

Traceback (most recent call last):
  File "/home/wjt/CardDiffBench_official_a2a_main_20260712/.venv/lib/python3.10/site-packages/a2a/server/request_handlers/default_request_handler.py", line 326, in on_message_send
    ) = await result_aggregator.consume_and_break_on_interrupt(
  File "/home/wjt/CardDiffBench_official_a2a_main_20260712/.venv/lib/python3.10/site-packages/a2a/server/tasks/result_aggregator.py", line 135, in consume_and_break_on_interrupt
    async for event in event_stream:
  File "/home/wjt/CardDiffBench_official_a2a_main_20260712/.venv/lib/python3.10/site-packages/a2a/server/events/event_consumer.py", line 87, in consume_all
    raise self._exception
  File "/home/wjt/CardDiffBench_official_a2a_main_20260712/.venv/lib/python3.10/site-packages/a2a/utils/telemetry.py", line 228, in async_wrapper
    result = await func(*args, **kwargs)
  File "/home/wjt/CardDiffBench_official_a2a_main_20260712/.venv/lib/python3.10/site-packages/a2a/server/request_handlers/default_request_handler.py", line 196, in _run_event_stream
    await self.agent_executor.execute(request, queue)
  File "/home/wjt/CardDiffBench_official_a2a_main_20260712/harness/transfer/official_a2a_peer.py", line 77, in execute
    artifact = self.env._response_artifact(body=body, identity=identity, scopes=scopes,
  File "/home/wjt/CardDiffBench_official_a2a_main_20260712/harness/downstream/impact_env.py", line 331, in _response_artifact
    self.worker_result = worker.run(
  File "/home/wjt/CardDiffBench_official_a2a_main_20260712/harness/downstream/llm_workers.py", line 94, in run
    raw = self._complete(payload)
  File "/home/wjt/CardDiffBench_official_a2a_main_20260712/harness/downstream/llm_workers.py", line 49, in _complete
    response = self.client.post(
  File "/home/wjt/CardDiffBench_official_a2a_main_20260712/.venv/lib/python3.10/site-packages/httpx/_client.py", line 1144, in post
    return self.request(
  File "/home/wjt/CardDiffBench_official_a2a_main_20260712/.venv/lib/python3.10/site-packages/httpx/_client.py", line 825, in request
    return self.send(request, auth=auth, follow_redirects=follow_redirects)
  File "/home/wjt/CardDiffBench_official_a2a_main_20260712/.venv/lib/python3.10/site-packages/httpx/_client.py", line 914, in send
    response = self._send_handling_auth(
  File "/home/wjt/CardDiffBench_official_a2a_main_20260712/.venv/lib/python3.10/site-packages/httpx/_client.py", line 942, in _send_handling_auth
    response = self._send_handling_redirects(
  File "/home/wjt/CardDiffBench_official_a2a_main_20260712/.venv/lib/python3.10/site-packages/httpx/_client.py", line 979, in _send_handling_redirects
    response = self._send_single_request(request)
  File "/home/wjt/CardDiffBench_official_a2a_main_20260712/.venv/lib/python3.10/site-packages/httpx/_client.py", line 1014, in _send_single_request
    response = transport.handle_request(request)
  File "/home/wjt/CardDiffBench_official_a2a_main_20260712/.venv/lib/python3.10/site-packages/httpx/_transports/default.py", line 249, in handle_request
    with map_httpcore_exceptions():
  File "/usr/lib/python3.10/contextlib.py", line 153, in __exit__
    self.gen.throw(typ, value, traceback)
  File "/home/wjt/CardDiffBench_official_a2a_main_20260712/.venv/lib/python3.10/site-packages/httpx/_transports/default.py", line 118, in map_httpcore_exceptions
    raise mapped_exc(message) from exc
httpx.ReadTimeout: The read operation timed out
Unhandled exception
Traceback (most recent call last):
  File "/home/wjt/CardDiffBench_official_a2a_main_20260712/.venv/lib/python3.10/site-packages/httpx/_transports/default.py", line 101, in map_httpcore_exceptions
    yield
  File "/home/wjt/CardDiffBench_official_a2a_main_20260712/.venv/lib/python3.10/site-packages/httpx/_transports/default.py", line 250, in handle_request
    resp = self._pool.handle_request(req)
  File "/home/wjt/CardDiffBench_official_a2a_main_20260712/.venv/lib/python3.10/site-packages/httpcore/_sync/connection_pool.py", line 256, in handle_request
    raise exc from None
  File "/home/wjt/CardDiffBench_official_a2a_main_20260712/.venv/lib/python3.10/site-packages/httpcore/_sync/connection_pool.py", line 236, in handle_request
    response = connection.handle_request(
  File "/home/wjt/CardDiffBench_official_a2a_main_20260712/.venv/lib/python3.10/site-packages/httpcore/_sync/connection.py", line 103, in handle_request
    return self._connection.handle_request(request)
  File "/home/wjt/CardDiffBench_official_a2a_main_20260712/.venv/lib/python3.10/site-packages/httpcore/_sync/http11.py", line 136, in handle_request
    raise exc
  File "/home/wjt/CardDiffBench_official_a2a_main_20260712/.venv/lib/python3.10/site-packages/httpcore/_sync/http11.py", line 106, in handle_request
    ) = self._receive_response_headers(**kwargs)
  File "/home/wjt/CardDiffBench_official_a2a_main_20260712/.venv/lib/python3.10/site-packages/httpcore/_sync/http11.py", line 177, in _receive_response_headers
    event = self._receive_event(timeout=timeout)
  File "/home/wjt/CardDiffBench_official_a2a_main_20260712/.venv/lib/python3.10/site-packages/httpcore/_sync/http11.py", line 217, in _receive_event
    data = self._network_stream.read(
  File "/home/wjt/CardDiffBench_official_a2a_main_20260712/.venv/lib/python3.10/site-packages/httpcore/_backends/sync.py", line 126, in read
    with map_exceptions(exc_map):
  File "/usr/lib/python3.10/contextlib.py", line 153, in __exit__
    self.gen.throw(typ, value, traceback)
  File "/home/wjt/CardDiffBench_official_a2a_main_20260712/.venv/lib/python3.10/site-packages/httpcore/_exceptions.py", line 14, in map_exceptions
    raise to_exc(exc) from exc
httpcore.ReadTimeout: The read operation timed out

The above exception was the direct cause of the following exception:

Traceback (most recent call last):
  File "/home/wjt/CardDiffBench_official_a2a_main_20260712/.venv/lib/python3.10/site-packages/a2a/server/apps/jsonrpc/jsonrpc_app.py", line 384, in _handle_requests
    return await self._process_non_streaming_request(
  File "/home/wjt/CardDiffBench_official_a2a_main_20260712/.venv/lib/python3.10/site-packages/a2a/server/apps/jsonrpc/jsonrpc_app.py", line 464, in _process_non_streaming_request
    handler_result = await self.handler.on_message_send(
  File "/home/wjt/CardDiffBench_official_a2a_main_20260712/.venv/lib/python3.10/site-packages/a2a/utils/telemetry.py", line 228, in async_wrapper
    result = await func(*args, **kwargs)
  File "/home/wjt/CardDiffBench_official_a2a_main_20260712/.venv/lib/python3.10/site-packages/a2a/server/request_handlers/jsonrpc_handler.py", line 107, in on_message_send
    task_or_message = await self.request_handler.on_message_send(
  File "/home/wjt/CardDiffBench_official_a2a_main_20260712/.venv/lib/python3.10/site-packages/a2a/utils/telemetry.py", line 228, in async_wrapper
    result = await func(*args, **kwargs)
  File "/home/wjt/CardDiffBench_official_a2a_main_20260712/.venv/lib/python3.10/site-packages/a2a/server/request_handlers/default_request_handler.py", line 348, in on_message_send
    await self._cleanup_producer(producer_task, task_id)
  File "/home/wjt/CardDiffBench_official_a2a_main_20260712/.venv/lib/python3.10/site-packages/a2a/utils/telemetry.py", line 228, in async_wrapper
    result = await func(*args, **kwargs)
  File "/home/wjt/CardDiffBench_official_a2a_main_20260712/.venv/lib/python3.10/site-packages/a2a/server/request_handlers/default_request_handler.py", line 445, in _cleanup_producer
    await producer_task
  File "/home/wjt/CardDiffBench_official_a2a_main_20260712/.venv/lib/python3.10/site-packages/a2a/utils/telemetry.py", line 228, in async_wrapper
    result = await func(*args, **kwargs)
  File "/home/wjt/CardDiffBench_official_a2a_main_20260712/.venv/lib/python3.10/site-packages/a2a/server/request_handlers/default_request_handler.py", line 196, in _run_event_stream
    await self.agent_executor.execute(request, queue)
  File "/home/wjt/CardDiffBench_official_a2a_main_20260712/harness/transfer/official_a2a_peer.py", line 77, in execute
    artifact = self.env._response_artifact(body=body, identity=identity, scopes=scopes,
  File "/home/wjt/CardDiffBench_official_a2a_main_20260712/harness/downstream/impact_env.py", line 331, in _response_artifact
    self.worker_result = worker.run(
  File "/home/wjt/CardDiffBench_official_a2a_main_20260712/harness/downstream/llm_workers.py", line 94, in run
    raw = self._complete(payload)
  File "/home/wjt/CardDiffBench_official_a2a_main_20260712/harness/downstream/llm_workers.py", line 49, in _complete
    response = self.client.post(
  File "/home/wjt/CardDiffBench_official_a2a_main_20260712/.venv/lib/python3.10/site-packages/httpx/_client.py", line 1144, in post
    return self.request(
  File "/home/wjt/CardDiffBench_official_a2a_main_20260712/.venv/lib/python3.10/site-packages/httpx/_client.py", line 825, in request
    return self.send(request, auth=auth, follow_redirects=follow_redirects)
  File "/home/wjt/CardDiffBench_official_a2a_main_20260712/.venv/lib/python3.10/site-packages/httpx/_client.py", line 914, in send
    response = self._send_handling_auth(
  File "/home/wjt/CardDiffBench_official_a2a_main_20260712/.venv/lib/python3.10/site-packages/httpx/_client.py", line 942, in _send_handling_auth
    response = self._send_handling_redirects(
  File "/home/wjt/CardDiffBench_official_a2a_main_20260712/.venv/lib/python3.10/site-packages/httpx/_client.py", line 979, in _send_handling_redirects
    response = self._send_single_request(request)
  File "/home/wjt/CardDiffBench_official_a2a_main_20260712/.venv/lib/python3.10/site-packages/httpx/_client.py", line 1014, in _send_single_request
    response = transport.handle_request(request)
  File "/home/wjt/CardDiffBench_official_a2a_main_20260712/.venv/lib/python3.10/site-packages/httpx/_transports/default.py", line 249, in handle_request
    with map_httpcore_exceptions():
  File "/usr/lib/python3.10/contextlib.py", line 153, in __exit__
    self.gen.throw(typ, value, traceback)
  File "/home/wjt/CardDiffBench_official_a2a_main_20260712/.venv/lib/python3.10/site-packages/httpx/_transports/default.py", line 118, in map_httpcore_exceptions
    raise mapped_exc(message) from exc
httpx.ReadTimeout: The read operation timed out
Request Error (ID: 1b5f7c40-ff7e-48af-a8d0-faea7a91c2ef): Code=-32603, Message='The read operation timed out'
Agent execution failed
Traceback (most recent call last):
  File "/home/wjt/CardDiffBench_official_a2a_main_20260712/.venv/lib/python3.10/site-packages/httpx/_transports/default.py", line 101, in map_httpcore_exceptions
    yield
  File "/home/wjt/CardDiffBench_official_a2a_main_20260712/.venv/lib/python3.10/site-packages/httpx/_transports/default.py", line 250, in handle_request
    resp = self._pool.handle_request(req)
  File "/home/wjt/CardDiffBench_official_a2a_main_20260712/.venv/lib/python3.10/site-packages/httpcore/_sync/connection_pool.py", line 256, in handle_request
    raise exc from None
  File "/home/wjt/CardDiffBench_official_a2a_main_20260712/.venv/lib/python3.10/site-packages/httpcore/_sync/connection_pool.py", line 236, in handle_request
    response = connection.handle_request(
  File "/home/wjt/CardDiffBench_official_a2a_main_20260712/.venv/lib/python3.10/site-packages/httpcore/_sync/connection.py", line 103, in handle_request
    return self._connection.handle_request(request)
  File "/home/wjt/CardDiffBench_official_a2a_main_20260712/.venv/lib/python3.10/site-packages/httpcore/_sync/http11.py", line 136, in handle_request
    raise exc
  File "/home/wjt/CardDiffBench_official_a2a_main_20260712/.venv/lib/python3.10/site-packages/httpcore/_sync/http11.py", line 106, in handle_request
    ) = self._receive_response_headers(**kwargs)
  File "/home/wjt/CardDiffBench_official_a2a_main_20260712/.venv/lib/python3.10/site-packages/httpcore/_sync/http11.py", line 177, in _receive_response_headers
    event = self._receive_event(timeout=timeout)
  File "/home/wjt/CardDiffBench_official_a2a_main_20260712/.venv/lib/python3.10/site-packages/httpcore/_sync/http11.py", line 217, in _receive_event
    data = self._network_stream.read(
  File "/home/wjt/CardDiffBench_official_a2a_main_20260712/.venv/lib/python3.10/site-packages/httpcore/_backends/sync.py", line 126, in read
    with map_exceptions(exc_map):
  File "/usr/lib/python3.10/contextlib.py", line 153, in __exit__
    self.gen.throw(typ, value, traceback)
  File "/home/wjt/CardDiffBench_official_a2a_main_20260712/.venv/lib/python3.10/site-packages/httpcore/_exceptions.py", line 14, in map_exceptions
    raise to_exc(exc) from exc
httpcore.ReadTimeout: The read operation timed out

The above exception was the direct cause of the following exception:

Traceback (most recent call last):
  File "/home/wjt/CardDiffBench_official_a2a_main_20260712/.venv/lib/python3.10/site-packages/a2a/server/request_handlers/default_request_handler.py", line 326, in on_message_send
    ) = await result_aggregator.consume_and_break_on_interrupt(
  File "/home/wjt/CardDiffBench_official_a2a_main_20260712/.venv/lib/python3.10/site-packages/a2a/server/tasks/result_aggregator.py", line 135, in consume_and_break_on_interrupt
    async for event in event_stream:
  File "/home/wjt/CardDiffBench_official_a2a_main_20260712/.venv/lib/python3.10/site-packages/a2a/server/events/event_consumer.py", line 87, in consume_all
    raise self._exception
  File "/home/wjt/CardDiffBench_official_a2a_main_20260712/.venv/lib/python3.10/site-packages/a2a/utils/telemetry.py", line 228, in async_wrapper
    result = await func(*args, **kwargs)
  File "/home/wjt/CardDiffBench_official_a2a_main_20260712/.venv/lib/python3.10/site-packages/a2a/server/request_handlers/default_request_handler.py", line 196, in _run_event_stream
    await self.agent_executor.execute(request, queue)
  File "/home/wjt/CardDiffBench_official_a2a_main_20260712/harness/transfer/official_a2a_peer.py", line 77, in execute
    artifact = self.env._response_artifact(body=body, identity=identity, scopes=scopes,
  File "/home/wjt/CardDiffBench_official_a2a_main_20260712/harness/downstream/impact_env.py", line 331, in _response_artifact
    self.worker_result = worker.run(
  File "/home/wjt/CardDiffBench_official_a2a_main_20260712/harness/downstream/llm_workers.py", line 94, in run
    raw = self._complete(payload)
  File "/home/wjt/CardDiffBench_official_a2a_main_20260712/harness/downstream/llm_workers.py", line 49, in _complete
    response = self.client.post(
  File "/home/wjt/CardDiffBench_official_a2a_main_20260712/.venv/lib/python3.10/site-packages/httpx/_client.py", line 1144, in post
    return self.request(
  File "/home/wjt/CardDiffBench_official_a2a_main_20260712/.venv/lib/python3.10/site-packages/httpx/_client.py", line 825, in request
    return self.send(request, auth=auth, follow_redirects=follow_redirects)
  File "/home/wjt/CardDiffBench_official_a2a_main_20260712/.venv/lib/python3.10/site-packages/httpx/_client.py", line 914, in send
    response = self._send_handling_auth(
  File "/home/wjt/CardDiffBench_official_a2a_main_20260712/.venv/lib/python3.10/site-packages/httpx/_client.py", line 942, in _send_handling_auth
    response = self._send_handling_redirects(
  File "/home/wjt/CardDiffBench_official_a2a_main_20260712/.venv/lib/python3.10/site-packages/httpx/_client.py", line 979, in _send_handling_redirects
    response = self._send_single_request(request)
  File "/home/wjt/CardDiffBench_official_a2a_main_20260712/.venv/lib/python3.10/site-packages/httpx/_client.py", line 1014, in _send_single_request
    response = transport.handle_request(request)
  File "/home/wjt/CardDiffBench_official_a2a_main_20260712/.venv/lib/python3.10/site-packages/httpx/_transports/default.py", line 249, in handle_request
    with map_httpcore_exceptions():
  File "/usr/lib/python3.10/contextlib.py", line 153, in __exit__
    self.gen.throw(typ, value, traceback)
  File "/home/wjt/CardDiffBench_official_a2a_main_20260712/.venv/lib/python3.10/site-packages/httpx/_transports/default.py", line 118, in map_httpcore_exceptions
    raise mapped_exc(message) from exc
httpx.ReadTimeout: The read operation timed out
Unhandled exception
Traceback (most recent call last):
  File "/home/wjt/CardDiffBench_official_a2a_main_20260712/.venv/lib/python3.10/site-packages/httpx/_transports/default.py", line 101, in map_httpcore_exceptions
    yield
  File "/home/wjt/CardDiffBench_official_a2a_main_20260712/.venv/lib/python3.10/site-packages/httpx/_transports/default.py", line 250, in handle_request
    resp = self._pool.handle_request(req)
  File "/home/wjt/CardDiffBench_official_a2a_main_20260712/.venv/lib/python3.10/site-packages/httpcore/_sync/connection_pool.py", line 256, in handle_request
    raise exc from None
  File "/home/wjt/CardDiffBench_official_a2a_main_20260712/.venv/lib/python3.10/site-packages/httpcore/_sync/connection_pool.py", line 236, in handle_request
    response = connection.handle_request(
  File "/home/wjt/CardDiffBench_official_a2a_main_20260712/.venv/lib/python3.10/site-packages/httpcore/_sync/connection.py", line 103, in handle_request
    return self._connection.handle_request(request)
  File "/home/wjt/CardDiffBench_official_a2a_main_20260712/.venv/lib/python3.10/site-packages/httpcore/_sync/http11.py", line 136, in handle_request
    raise exc
  File "/home/wjt/CardDiffBench_official_a2a_main_20260712/.venv/lib/python3.10/site-packages/httpcore/_sync/http11.py", line 106, in handle_request
    ) = self._receive_response_headers(**kwargs)
  File "/home/wjt/CardDiffBench_official_a2a_main_20260712/.venv/lib/python3.10/site-packages/httpcore/_sync/http11.py", line 177, in _receive_response_headers
    event = self._receive_event(timeout=timeout)
  File "/home/wjt/CardDiffBench_official_a2a_main_20260712/.venv/lib/python3.10/site-packages/httpcore/_sync/http11.py", line 217, in _receive_event
    data = self._network_stream.read(
  File "/home/wjt/CardDiffBench_official_a2a_main_20260712/.venv/lib/python3.10/site-packages/httpcore/_backends/sync.py", line 126, in read
    with map_exceptions(exc_map):
  File "/usr/lib/python3.10/contextlib.py", line 153, in __exit__
    self.gen.throw(typ, value, traceback)
  File "/home/wjt/CardDiffBench_official_a2a_main_20260712/.venv/lib/python3.10/site-packages/httpcore/_exceptions.py", line 14, in map_exceptions
    raise to_exc(exc) from exc
httpcore.ReadTimeout: The read operation timed out

The above exception was the direct cause of the following exception:

Traceback (most recent call last):
  File "/home/wjt/CardDiffBench_official_a2a_main_20260712/.venv/lib/python3.10/site-packages/a2a/server/apps/jsonrpc/jsonrpc_app.py", line 384, in _handle_requests
    return await self._process_non_streaming_request(
  File "/home/wjt/CardDiffBench_official_a2a_main_20260712/.venv/lib/python3.10/site-packages/a2a/server/apps/jsonrpc/jsonrpc_app.py", line 464, in _process_non_streaming_request
    handler_result = await self.handler.on_message_send(
  File "/home/wjt/CardDiffBench_official_a2a_main_20260712/.venv/lib/python3.10/site-packages/a2a/utils/telemetry.py", line 228, in async_wrapper
    result = await func(*args, **kwargs)
  File "/home/wjt/CardDiffBench_official_a2a_main_20260712/.venv/lib/python3.10/site-packages/a2a/server/request_handlers/jsonrpc_handler.py", line 107, in on_message_send
    task_or_message = await self.request_handler.on_message_send(
  File "/home/wjt/CardDiffBench_official_a2a_main_20260712/.venv/lib/python3.10/site-packages/a2a/utils/telemetry.py", line 228, in async_wrapper
    result = await func(*args, **kwargs)
  File "/home/wjt/CardDiffBench_official_a2a_main_20260712/.venv/lib/python3.10/site-packages/a2a/server/request_handlers/default_request_handler.py", line 348, in on_message_send
    await self._cleanup_producer(producer_task, task_id)
  File "/home/wjt/CardDiffBench_official_a2a_main_20260712/.venv/lib/python3.10/site-packages/a2a/utils/telemetry.py", line 228, in async_wrapper
    result = await func(*args, **kwargs)
  File "/home/wjt/CardDiffBench_official_a2a_main_20260712/.venv/lib/python3.10/site-packages/a2a/server/request_handlers/default_request_handler.py", line 445, in _cleanup_producer
    await producer_task
  File "/home/wjt/CardDiffBench_official_a2a_main_20260712/.venv/lib/python3.10/site-packages/a2a/utils/telemetry.py", line 228, in async_wrapper
    result = await func(*args, **kwargs)
  File "/home/wjt/CardDiffBench_official_a2a_main_20260712/.venv/lib/python3.10/site-packages/a2a/server/request_handlers/default_request_handler.py", line 196, in _run_event_stream
    await self.agent_executor.execute(request, queue)
  File "/home/wjt/CardDiffBench_official_a2a_main_20260712/harness/transfer/official_a2a_peer.py", line 77, in execute
    artifact = self.env._response_artifact(body=body, identity=identity, scopes=scopes,
  File "/home/wjt/CardDiffBench_official_a2a_main_20260712/harness/downstream/impact_env.py", line 331, in _response_artifact
    self.worker_result = worker.run(
  File "/home/wjt/CardDiffBench_official_a2a_main_20260712/harness/downstream/llm_workers.py", line 94, in run
    raw = self._complete(payload)
  File "/home/wjt/CardDiffBench_official_a2a_main_20260712/harness/downstream/llm_workers.py", line 49, in _complete
    response = self.client.post(
  File "/home/wjt/CardDiffBench_official_a2a_main_20260712/.venv/lib/python3.10/site-packages/httpx/_client.py", line 1144, in post
    return self.request(
  File "/home/wjt/CardDiffBench_official_a2a_main_20260712/.venv/lib/python3.10/site-packages/httpx/_client.py", line 825, in request
    return self.send(request, auth=auth, follow_redirects=follow_redirects)
  File "/home/wjt/CardDiffBench_official_a2a_main_20260712/.venv/lib/python3.10/site-packages/httpx/_client.py", line 914, in send
    response = self._send_handling_auth(
  File "/home/wjt/CardDiffBench_official_a2a_main_20260712/.venv/lib/python3.10/site-packages/httpx/_client.py", line 942, in _send_handling_auth
    response = self._send_handling_redirects(
  File "/home/wjt/CardDiffBench_official_a2a_main_20260712/.venv/lib/python3.10/site-packages/httpx/_client.py", line 979, in _send_handling_redirects
    response = self._send_single_request(request)
  File "/home/wjt/CardDiffBench_official_a2a_main_20260712/.venv/lib/python3.10/site-packages/httpx/_client.py", line 1014, in _send_single_request
    response = transport.handle_request(request)
  File "/home/wjt/CardDiffBench_official_a2a_main_20260712/.venv/lib/python3.10/site-packages/httpx/_transports/default.py", line 249, in handle_request
    with map_httpcore_exceptions():
  File "/usr/lib/python3.10/contextlib.py", line 153, in __exit__
    self.gen.throw(typ, value, traceback)
  File "/home/wjt/CardDiffBench_official_a2a_main_20260712/.venv/lib/python3.10/site-packages/httpx/_transports/default.py", line 118, in map_httpcore_exceptions
    raise mapped_exc(message) from exc
httpx.ReadTimeout: The read operation timed out
Request Error (ID: e6dbc93a-0a76-4044-9021-00cb66a896df): Code=-32603, Message='The read operation timed out'
Agent execution failed
Traceback (most recent call last):
  File "/home/wjt/CardDiffBench_official_a2a_main_20260712/.venv/lib/python3.10/site-packages/httpx/_transports/default.py", line 101, in map_httpcore_exceptions
    yield
  File "/home/wjt/CardDiffBench_official_a2a_main_20260712/.venv/lib/python3.10/site-packages/httpx/_transports/default.py", line 250, in handle_request
    resp = self._pool.handle_request(req)
  File "/home/wjt/CardDiffBench_official_a2a_main_20260712/.venv/lib/python3.10/site-packages/httpcore/_sync/connection_pool.py", line 256, in handle_request
    raise exc from None
  File "/home/wjt/CardDiffBench_official_a2a_main_20260712/.venv/lib/python3.10/site-packages/httpcore/_sync/connection_pool.py", line 236, in handle_request
    response = connection.handle_request(
  File "/home/wjt/CardDiffBench_official_a2a_main_20260712/.venv/lib/python3.10/site-packages/httpcore/_sync/connection.py", line 103, in handle_request
    return self._connection.handle_request(request)
  File "/home/wjt/CardDiffBench_official_a2a_main_20260712/.venv/lib/python3.10/site-packages/httpcore/_sync/http11.py", line 136, in handle_request
    raise exc
  File "/home/wjt/CardDiffBench_official_a2a_main_20260712/.venv/lib/python3.10/site-packages/httpcore/_sync/http11.py", line 106, in handle_request
    ) = self._receive_response_headers(**kwargs)
  File "/home/wjt/CardDiffBench_official_a2a_main_20260712/.venv/lib/python3.10/site-packages/httpcore/_sync/http11.py", line 177, in _receive_response_headers
    event = self._receive_event(timeout=timeout)
  File "/home/wjt/CardDiffBench_official_a2a_main_20260712/.venv/lib/python3.10/site-packages/httpcore/_sync/http11.py", line 217, in _receive_event
    data = self._network_stream.read(
  File "/home/wjt/CardDiffBench_official_a2a_main_20260712/.venv/lib/python3.10/site-packages/httpcore/_backends/sync.py", line 126, in read
    with map_exceptions(exc_map):
  File "/usr/lib/python3.10/contextlib.py", line 153, in __exit__
    self.gen.throw(typ, value, traceback)
  File "/home/wjt/CardDiffBench_official_a2a_main_20260712/.venv/lib/python3.10/site-packages/httpcore/_exceptions.py", line 14, in map_exceptions
    raise to_exc(exc) from exc
httpcore.ReadTimeout: The read operation timed out

The above exception was the direct cause of the following exception:

Traceback (most recent call last):
  File "/home/wjt/CardDiffBench_official_a2a_main_20260712/.venv/lib/python3.10/site-packages/a2a/server/request_handlers/default_request_handler.py", line 326, in on_message_send
    ) = await result_aggregator.consume_and_break_on_interrupt(
  File "/home/wjt/CardDiffBench_official_a2a_main_20260712/.venv/lib/python3.10/site-packages/a2a/server/tasks/result_aggregator.py", line 135, in consume_and_break_on_interrupt
    async for event in event_stream:
  File "/home/wjt/CardDiffBench_official_a2a_main_20260712/.venv/lib/python3.10/site-packages/a2a/server/events/event_consumer.py", line 87, in consume_all
    raise self._exception
  File "/home/wjt/CardDiffBench_official_a2a_main_20260712/.venv/lib/python3.10/site-packages/a2a/utils/telemetry.py", line 228, in async_wrapper
    result = await func(*args, **kwargs)
  File "/home/wjt/CardDiffBench_official_a2a_main_20260712/.venv/lib/python3.10/site-packages/a2a/server/request_handlers/default_request_handler.py", line 196, in _run_event_stream
    await self.agent_executor.execute(request, queue)
  File "/home/wjt/CardDiffBench_official_a2a_main_20260712/harness/transfer/official_a2a_peer.py", line 77, in execute
    artifact = self.env._response_artifact(body=body, identity=identity, scopes=scopes,
  File "/home/wjt/CardDiffBench_official_a2a_main_20260712/harness/downstream/impact_env.py", line 331, in _response_artifact
    self.worker_result = worker.run(
  File "/home/wjt/CardDiffBench_official_a2a_main_20260712/harness/downstream/llm_workers.py", line 94, in run
    raw = self._complete(payload)
  File "/home/wjt/CardDiffBench_official_a2a_main_20260712/harness/downstream/llm_workers.py", line 49, in _complete
    response = self.client.post(
  File "/home/wjt/CardDiffBench_official_a2a_main_20260712/.venv/lib/python3.10/site-packages/httpx/_client.py", line 1144, in post
    return self.request(
  File "/home/wjt/CardDiffBench_official_a2a_main_20260712/.venv/lib/python3.10/site-packages/httpx/_client.py", line 825, in request
    return self.send(request, auth=auth, follow_redirects=follow_redirects)
  File "/home/wjt/CardDiffBench_official_a2a_main_20260712/.venv/lib/python3.10/site-packages/httpx/_client.py", line 914, in send
    response = self._send_handling_auth(
  File "/home/wjt/CardDiffBench_official_a2a_main_20260712/.venv/lib/python3.10/site-packages/httpx/_client.py", line 942, in _send_handling_auth
    response = self._send_handling_redirects(
  File "/home/wjt/CardDiffBench_official_a2a_main_20260712/.venv/lib/python3.10/site-packages/httpx/_client.py", line 979, in _send_handling_redirects
    response = self._send_single_request(request)
  File "/home/wjt/CardDiffBench_official_a2a_main_20260712/.venv/lib/python3.10/site-packages/httpx/_client.py", line 1014, in _send_single_request
    response = transport.handle_request(request)
  File "/home/wjt/CardDiffBench_official_a2a_main_20260712/.venv/lib/python3.10/site-packages/httpx/_transports/default.py", line 249, in handle_request
    with map_httpcore_exceptions():
  File "/usr/lib/python3.10/contextlib.py", line 153, in __exit__
    self.gen.throw(typ, value, traceback)
  File "/home/wjt/CardDiffBench_official_a2a_main_20260712/.venv/lib/python3.10/site-packages/httpx/_transports/default.py", line 118, in map_httpcore_exceptions
    raise mapped_exc(message) from exc
httpx.ReadTimeout: The read operation timed out
Unhandled exception
Traceback (most recent call last):
  File "/home/wjt/CardDiffBench_official_a2a_main_20260712/.venv/lib/python3.10/site-packages/httpx/_transports/default.py", line 101, in map_httpcore_exceptions
    yield
  File "/home/wjt/CardDiffBench_official_a2a_main_20260712/.venv/lib/python3.10/site-packages/httpx/_transports/default.py", line 250, in handle_request
    resp = self._pool.handle_request(req)
  File "/home/wjt/CardDiffBench_official_a2a_main_20260712/.venv/lib/python3.10/site-packages/httpcore/_sync/connection_pool.py", line 256, in handle_request
    raise exc from None
  File "/home/wjt/CardDiffBench_official_a2a_main_20260712/.venv/lib/python3.10/site-packages/httpcore/_sync/connection_pool.py", line 236, in handle_request
    response = connection.handle_request(
  File "/home/wjt/CardDiffBench_official_a2a_main_20260712/.venv/lib/python3.10/site-packages/httpcore/_sync/connection.py", line 103, in handle_request
    return self._connection.handle_request(request)
  File "/home/wjt/CardDiffBench_official_a2a_main_20260712/.venv/lib/python3.10/site-packages/httpcore/_sync/http11.py", line 136, in handle_request
    raise exc
  File "/home/wjt/CardDiffBench_official_a2a_main_20260712/.venv/lib/python3.10/site-packages/httpcore/_sync/http11.py", line 106, in handle_request
    ) = self._receive_response_headers(**kwargs)
  File "/home/wjt/CardDiffBench_official_a2a_main_20260712/.venv/lib/python3.10/site-packages/httpcore/_sync/http11.py", line 177, in _receive_response_headers
    event = self._receive_event(timeout=timeout)
  File "/home/wjt/CardDiffBench_official_a2a_main_20260712/.venv/lib/python3.10/site-packages/httpcore/_sync/http11.py", line 217, in _receive_event
    data = self._network_stream.read(
  File "/home/wjt/CardDiffBench_official_a2a_main_20260712/.venv/lib/python3.10/site-packages/httpcore/_backends/sync.py", line 126, in read
    with map_exceptions(exc_map):
  File "/usr/lib/python3.10/contextlib.py", line 153, in __exit__
    self.gen.throw(typ, value, traceback)
  File "/home/wjt/CardDiffBench_official_a2a_main_20260712/.venv/lib/python3.10/site-packages/httpcore/_exceptions.py", line 14, in map_exceptions
    raise to_exc(exc) from exc
httpcore.ReadTimeout: The read operation timed out

The above exception was the direct cause of the following exception:

Traceback (most recent call last):
  File "/home/wjt/CardDiffBench_official_a2a_main_20260712/.venv/lib/python3.10/site-packages/a2a/server/apps/jsonrpc/jsonrpc_app.py", line 384, in _handle_requests
    return await self._process_non_streaming_request(
  File "/home/wjt/CardDiffBench_official_a2a_main_20260712/.venv/lib/python3.10/site-packages/a2a/server/apps/jsonrpc/jsonrpc_app.py", line 464, in _process_non_streaming_request
    handler_result = await self.handler.on_message_send(
  File "/home/wjt/CardDiffBench_official_a2a_main_20260712/.venv/lib/python3.10/site-packages/a2a/utils/telemetry.py", line 228, in async_wrapper
    result = await func(*args, **kwargs)
  File "/home/wjt/CardDiffBench_official_a2a_main_20260712/.venv/lib/python3.10/site-packages/a2a/server/request_handlers/jsonrpc_handler.py", line 107, in on_message_send
    task_or_message = await self.request_handler.on_message_send(
  File "/home/wjt/CardDiffBench_official_a2a_main_20260712/.venv/lib/python3.10/site-packages/a2a/utils/telemetry.py", line 228, in async_wrapper
    result = await func(*args, **kwargs)
  File "/home/wjt/CardDiffBench_official_a2a_main_20260712/.venv/lib/python3.10/site-packages/a2a/server/request_handlers/default_request_handler.py", line 348, in on_message_send
    await self._cleanup_producer(producer_task, task_id)
  File "/home/wjt/CardDiffBench_official_a2a_main_20260712/.venv/lib/python3.10/site-packages/a2a/utils/telemetry.py", line 228, in async_wrapper
    result = await func(*args, **kwargs)
  File "/home/wjt/CardDiffBench_official_a2a_main_20260712/.venv/lib/python3.10/site-packages/a2a/server/request_handlers/default_request_handler.py", line 445, in _cleanup_producer
    await producer_task
  File "/home/wjt/CardDiffBench_official_a2a_main_20260712/.venv/lib/python3.10/site-packages/a2a/utils/telemetry.py", line 228, in async_wrapper
    result = await func(*args, **kwargs)
  File "/home/wjt/CardDiffBench_official_a2a_main_20260712/.venv/lib/python3.10/site-packages/a2a/server/request_handlers/default_request_handler.py", line 196, in _run_event_stream
    await self.agent_executor.execute(request, queue)
  File "/home/wjt/CardDiffBench_official_a2a_main_20260712/harness/transfer/official_a2a_peer.py", line 77, in execute
    artifact = self.env._response_artifact(body=body, identity=identity, scopes=scopes,
  File "/home/wjt/CardDiffBench_official_a2a_main_20260712/harness/downstream/impact_env.py", line 331, in _response_artifact
    self.worker_result = worker.run(
  File "/home/wjt/CardDiffBench_official_a2a_main_20260712/harness/downstream/llm_workers.py", line 94, in run
    raw = self._complete(payload)
  File "/home/wjt/CardDiffBench_official_a2a_main_20260712/harness/downstream/llm_workers.py", line 49, in _complete
    response = self.client.post(
  File "/home/wjt/CardDiffBench_official_a2a_main_20260712/.venv/lib/python3.10/site-packages/httpx/_client.py", line 1144, in post
    return self.request(
  File "/home/wjt/CardDiffBench_official_a2a_main_20260712/.venv/lib/python3.10/site-packages/httpx/_client.py", line 825, in request
    return self.send(request, auth=auth, follow_redirects=follow_redirects)
  File "/home/wjt/CardDiffBench_official_a2a_main_20260712/.venv/lib/python3.10/site-packages/httpx/_client.py", line 914, in send
    response = self._send_handling_auth(
  File "/home/wjt/CardDiffBench_official_a2a_main_20260712/.venv/lib/python3.10/site-packages/httpx/_client.py", line 942, in _send_handling_auth
    response = self._send_handling_redirects(
  File "/home/wjt/CardDiffBench_official_a2a_main_20260712/.venv/lib/python3.10/site-packages/httpx/_client.py", line 979, in _send_handling_redirects
    response = self._send_single_request(request)
  File "/home/wjt/CardDiffBench_official_a2a_main_20260712/.venv/lib/python3.10/site-packages/httpx/_client.py", line 1014, in _send_single_request
    response = transport.handle_request(request)
  File "/home/wjt/CardDiffBench_official_a2a_main_20260712/.venv/lib/python3.10/site-packages/httpx/_transports/default.py", line 249, in handle_request
    with map_httpcore_exceptions():
  File "/usr/lib/python3.10/contextlib.py", line 153, in __exit__
    self.gen.throw(typ, value, traceback)
  File "/home/wjt/CardDiffBench_official_a2a_main_20260712/.venv/lib/python3.10/site-packages/httpx/_transports/default.py", line 118, in map_httpcore_exceptions
    raise mapped_exc(message) from exc
httpx.ReadTimeout: The read operation timed out
Request Error (ID: 4e0a14ec-fa93-46db-9b9b-35c487068006): Code=-32603, Message='The read operation timed out'
Agent execution failed
Traceback (most recent call last):
  File "/home/wjt/CardDiffBench_official_a2a_main_20260712/.venv/lib/python3.10/site-packages/httpx/_transports/default.py", line 101, in map_httpcore_exceptions
    yield
  File "/home/wjt/CardDiffBench_official_a2a_main_20260712/.venv/lib/python3.10/site-packages/httpx/_transports/default.py", line 250, in handle_request
    resp = self._pool.handle_request(req)
  File "/home/wjt/CardDiffBench_official_a2a_main_20260712/.venv/lib/python3.10/site-packages/httpcore/_sync/connection_pool.py", line 256, in handle_request
    raise exc from None
  File "/home/wjt/CardDiffBench_official_a2a_main_20260712/.venv/lib/python3.10/site-packages/httpcore/_sync/connection_pool.py", line 236, in handle_request
    response = connection.handle_request(
  File "/home/wjt/CardDiffBench_official_a2a_main_20260712/.venv/lib/python3.10/site-packages/httpcore/_sync/connection.py", line 103, in handle_request
    return self._connection.handle_request(request)
  File "/home/wjt/CardDiffBench_official_a2a_main_20260712/.venv/lib/python3.10/site-packages/httpcore/_sync/http11.py", line 136, in handle_request
    raise exc
  File "/home/wjt/CardDiffBench_official_a2a_main_20260712/.venv/lib/python3.10/site-packages/httpcore/_sync/http11.py", line 106, in handle_request
    ) = self._receive_response_headers(**kwargs)
  File "/home/wjt/CardDiffBench_official_a2a_main_20260712/.venv/lib/python3.10/site-packages/httpcore/_sync/http11.py", line 177, in _receive_response_headers
    event = self._receive_event(timeout=timeout)
  File "/home/wjt/CardDiffBench_official_a2a_main_20260712/.venv/lib/python3.10/site-packages/httpcore/_sync/http11.py", line 217, in _receive_event
    data = self._network_stream.read(
  File "/home/wjt/CardDiffBench_official_a2a_main_20260712/.venv/lib/python3.10/site-packages/httpcore/_backends/sync.py", line 126, in read
    with map_exceptions(exc_map):
  File "/usr/lib/python3.10/contextlib.py", line 153, in __exit__
    self.gen.throw(typ, value, traceback)
  File "/home/wjt/CardDiffBench_official_a2a_main_20260712/.venv/lib/python3.10/site-packages/httpcore/_exceptions.py", line 14, in map_exceptions
    raise to_exc(exc) from exc
httpcore.ReadTimeout: The read operation timed out

The above exception was the direct cause of the following exception:

Traceback (most recent call last):
  File "/home/wjt/CardDiffBench_official_a2a_main_20260712/.venv/lib/python3.10/site-packages/a2a/server/request_handlers/default_request_handler.py", line 326, in on_message_send
    ) = await result_aggregator.consume_and_break_on_interrupt(
  File "/home/wjt/CardDiffBench_official_a2a_main_20260712/.venv/lib/python3.10/site-packages/a2a/server/tasks/result_aggregator.py", line 135, in consume_and_break_on_interrupt
    async for event in event_stream:
  File "/home/wjt/CardDiffBench_official_a2a_main_20260712/.venv/lib/python3.10/site-packages/a2a/server/events/event_consumer.py", line 87, in consume_all
    raise self._exception
  File "/home/wjt/CardDiffBench_official_a2a_main_20260712/.venv/lib/python3.10/site-packages/a2a/utils/telemetry.py", line 228, in async_wrapper
    result = await func(*args, **kwargs)
  File "/home/wjt/CardDiffBench_official_a2a_main_20260712/.venv/lib/python3.10/site-packages/a2a/server/request_handlers/default_request_handler.py", line 196, in _run_event_stream
    await self.agent_executor.execute(request, queue)
  File "/home/wjt/CardDiffBench_official_a2a_main_20260712/harness/transfer/official_a2a_peer.py", line 77, in execute
    artifact = self.env._response_artifact(body=body, identity=identity, scopes=scopes,
  File "/home/wjt/CardDiffBench_official_a2a_main_20260712/harness/downstream/impact_env.py", line 331, in _response_artifact
    self.worker_result = worker.run(
  File "/home/wjt/CardDiffBench_official_a2a_main_20260712/harness/downstream/llm_workers.py", line 94, in run
    raw = self._complete(payload)
  File "/home/wjt/CardDiffBench_official_a2a_main_20260712/harness/downstream/llm_workers.py", line 49, in _complete
    response = self.client.post(
  File "/home/wjt/CardDiffBench_official_a2a_main_20260712/.venv/lib/python3.10/site-packages/httpx/_client.py", line 1144, in post
    return self.request(
  File "/home/wjt/CardDiffBench_official_a2a_main_20260712/.venv/lib/python3.10/site-packages/httpx/_client.py", line 825, in request
    return self.send(request, auth=auth, follow_redirects=follow_redirects)
  File "/home/wjt/CardDiffBench_official_a2a_main_20260712/.venv/lib/python3.10/site-packages/httpx/_client.py", line 914, in send
    response = self._send_handling_auth(
  File "/home/wjt/CardDiffBench_official_a2a_main_20260712/.venv/lib/python3.10/site-packages/httpx/_client.py", line 942, in _send_handling_auth
    response = self._send_handling_redirects(
  File "/home/wjt/CardDiffBench_official_a2a_main_20260712/.venv/lib/python3.10/site-packages/httpx/_client.py", line 979, in _send_handling_redirects
    response = self._send_single_request(request)
  File "/home/wjt/CardDiffBench_official_a2a_main_20260712/.venv/lib/python3.10/site-packages/httpx/_client.py", line 1014, in _send_single_request
    response = transport.handle_request(request)
  File "/home/wjt/CardDiffBench_official_a2a_main_20260712/.venv/lib/python3.10/site-packages/httpx/_transports/default.py", line 249, in handle_request
    with map_httpcore_exceptions():
  File "/usr/lib/python3.10/contextlib.py", line 153, in __exit__
    self.gen.throw(typ, value, traceback)
  File "/home/wjt/CardDiffBench_official_a2a_main_20260712/.venv/lib/python3.10/site-packages/httpx/_transports/default.py", line 118, in map_httpcore_exceptions
    raise mapped_exc(message) from exc
httpx.ReadTimeout: The read operation timed out
Unhandled exception
Traceback (most recent call last):
  File "/home/wjt/CardDiffBench_official_a2a_main_20260712/.venv/lib/python3.10/site-packages/httpx/_transports/default.py", line 101, in map_httpcore_exceptions
    yield
  File "/home/wjt/CardDiffBench_official_a2a_main_20260712/.venv/lib/python3.10/site-packages/httpx/_transports/default.py", line 250, in handle_request
    resp = self._pool.handle_request(req)
  File "/home/wjt/CardDiffBench_official_a2a_main_20260712/.venv/lib/python3.10/site-packages/httpcore/_sync/connection_pool.py", line 256, in handle_request
    raise exc from None
  File "/home/wjt/CardDiffBench_official_a2a_main_20260712/.venv/lib/python3.10/site-packages/httpcore/_sync/connection_pool.py", line 236, in handle_request
    response = connection.handle_request(
  File "/home/wjt/CardDiffBench_official_a2a_main_20260712/.venv/lib/python3.10/site-packages/httpcore/_sync/connection.py", line 103, in handle_request
    return self._connection.handle_request(request)
  File "/home/wjt/CardDiffBench_official_a2a_main_20260712/.venv/lib/python3.10/site-packages/httpcore/_sync/http11.py", line 136, in handle_request
    raise exc
  File "/home/wjt/CardDiffBench_official_a2a_main_20260712/.venv/lib/python3.10/site-packages/httpcore/_sync/http11.py", line 106, in handle_request
    ) = self._receive_response_headers(**kwargs)
  File "/home/wjt/CardDiffBench_official_a2a_main_20260712/.venv/lib/python3.10/site-packages/httpcore/_sync/http11.py", line 177, in _receive_response_headers
    event = self._receive_event(timeout=timeout)
  File "/home/wjt/CardDiffBench_official_a2a_main_20260712/.venv/lib/python3.10/site-packages/httpcore/_sync/http11.py", line 217, in _receive_event
    data = self._network_stream.read(
  File "/home/wjt/CardDiffBench_official_a2a_main_20260712/.venv/lib/python3.10/site-packages/httpcore/_backends/sync.py", line 126, in read
    with map_exceptions(exc_map):
  File "/usr/lib/python3.10/contextlib.py", line 153, in __exit__
    self.gen.throw(typ, value, traceback)
  File "/home/wjt/CardDiffBench_official_a2a_main_20260712/.venv/lib/python3.10/site-packages/httpcore/_exceptions.py", line 14, in map_exceptions
    raise to_exc(exc) from exc
httpcore.ReadTimeout: The read operation timed out

The above exception was the direct cause of the following exception:

Traceback (most recent call last):
  File "/home/wjt/CardDiffBench_official_a2a_main_20260712/.venv/lib/python3.10/site-packages/a2a/server/apps/jsonrpc/jsonrpc_app.py", line 384, in _handle_requests
    return await self._process_non_streaming_request(
  File "/home/wjt/CardDiffBench_official_a2a_main_20260712/.venv/lib/python3.10/site-packages/a2a/server/apps/jsonrpc/jsonrpc_app.py", line 464, in _process_non_streaming_request
    handler_result = await self.handler.on_message_send(
  File "/home/wjt/CardDiffBench_official_a2a_main_20260712/.venv/lib/python3.10/site-packages/a2a/utils/telemetry.py", line 228, in async_wrapper
    result = await func(*args, **kwargs)
  File "/home/wjt/CardDiffBench_official_a2a_main_20260712/.venv/lib/python3.10/site-packages/a2a/server/request_handlers/jsonrpc_handler.py", line 107, in on_message_send
    task_or_message = await self.request_handler.on_message_send(
  File "/home/wjt/CardDiffBench_official_a2a_main_20260712/.venv/lib/python3.10/site-packages/a2a/utils/telemetry.py", line 228, in async_wrapper
    result = await func(*args, **kwargs)
  File "/home/wjt/CardDiffBench_official_a2a_main_20260712/.venv/lib/python3.10/site-packages/a2a/server/request_handlers/default_request_handler.py", line 348, in on_message_send
    await self._cleanup_producer(producer_task, task_id)
  File "/home/wjt/CardDiffBench_official_a2a_main_20260712/.venv/lib/python3.10/site-packages/a2a/utils/telemetry.py", line 228, in async_wrapper
    result = await func(*args, **kwargs)
  File "/home/wjt/CardDiffBench_official_a2a_main_20260712/.venv/lib/python3.10/site-packages/a2a/server/request_handlers/default_request_handler.py", line 445, in _cleanup_producer
    await producer_task
  File "/home/wjt/CardDiffBench_official_a2a_main_20260712/.venv/lib/python3.10/site-packages/a2a/utils/telemetry.py", line 228, in async_wrapper
    result = await func(*args, **kwargs)
  File "/home/wjt/CardDiffBench_official_a2a_main_20260712/.venv/lib/python3.10/site-packages/a2a/server/request_handlers/default_request_handler.py", line 196, in _run_event_stream
    await self.agent_executor.execute(request, queue)
  File "/home/wjt/CardDiffBench_official_a2a_main_20260712/harness/transfer/official_a2a_peer.py", line 77, in execute
    artifact = self.env._response_artifact(body=body, identity=identity, scopes=scopes,
  File "/home/wjt/CardDiffBench_official_a2a_main_20260712/harness/downstream/impact_env.py", line 331, in _response_artifact
    self.worker_result = worker.run(
  File "/home/wjt/CardDiffBench_official_a2a_main_20260712/harness/downstream/llm_workers.py", line 94, in run
    raw = self._complete(payload)
  File "/home/wjt/CardDiffBench_official_a2a_main_20260712/harness/downstream/llm_workers.py", line 49, in _complete
    response = self.client.post(
  File "/home/wjt/CardDiffBench_official_a2a_main_20260712/.venv/lib/python3.10/site-packages/httpx/_client.py", line 1144, in post
    return self.request(
  File "/home/wjt/CardDiffBench_official_a2a_main_20260712/.venv/lib/python3.10/site-packages/httpx/_client.py", line 825, in request
    return self.send(request, auth=auth, follow_redirects=follow_redirects)
  File "/home/wjt/CardDiffBench_official_a2a_main_20260712/.venv/lib/python3.10/site-packages/httpx/_client.py", line 914, in send
    response = self._send_handling_auth(
  File "/home/wjt/CardDiffBench_official_a2a_main_20260712/.venv/lib/python3.10/site-packages/httpx/_client.py", line 942, in _send_handling_auth
    response = self._send_handling_redirects(
  File "/home/wjt/CardDiffBench_official_a2a_main_20260712/.venv/lib/python3.10/site-packages/httpx/_client.py", line 979, in _send_handling_redirects
    response = self._send_single_request(request)
  File "/home/wjt/CardDiffBench_official_a2a_main_20260712/.venv/lib/python3.10/site-packages/httpx/_client.py", line 1014, in _send_single_request
    response = transport.handle_request(request)
  File "/home/wjt/CardDiffBench_official_a2a_main_20260712/.venv/lib/python3.10/site-packages/httpx/_transports/default.py", line 249, in handle_request
    with map_httpcore_exceptions():
  File "/usr/lib/python3.10/contextlib.py", line 153, in __exit__
    self.gen.throw(typ, value, traceback)
  File "/home/wjt/CardDiffBench_official_a2a_main_20260712/.venv/lib/python3.10/site-packages/httpx/_transports/default.py", line 118, in map_httpcore_exceptions
    raise mapped_exc(message) from exc
httpx.ReadTimeout: The read operation timed out
Request Error (ID: e242ffc2-6e91-4f6c-ad8e-e33e4c448a0e): Code=-32603, Message='The read operation timed out'
Agent execution failed
Traceback (most recent call last):
  File "/home/wjt/CardDiffBench_official_a2a_main_20260712/sut/transfer/official_a2a_protocol.py", line 27, in run_async
    asyncio.get_running_loop()
RuntimeError: no running event loop

During handling of the above exception, another exception occurred:

Traceback (most recent call last):
  File "/home/wjt/CardDiffBench_official_a2a_main_20260712/.venv/lib/python3.10/site-packages/a2a/server/request_handlers/default_request_handler.py", line 326, in on_message_send
    ) = await result_aggregator.consume_and_break_on_interrupt(
  File "/home/wjt/CardDiffBench_official_a2a_main_20260712/.venv/lib/python3.10/site-packages/a2a/server/tasks/result_aggregator.py", line 135, in consume_and_break_on_interrupt
    async for event in event_stream:
  File "/home/wjt/CardDiffBench_official_a2a_main_20260712/.venv/lib/python3.10/site-packages/a2a/server/events/event_consumer.py", line 87, in consume_all
    raise self._exception
  File "/home/wjt/CardDiffBench_official_a2a_main_20260712/.venv/lib/python3.10/site-packages/a2a/utils/telemetry.py", line 228, in async_wrapper
    result = await func(*args, **kwargs)
  File "/home/wjt/CardDiffBench_official_a2a_main_20260712/.venv/lib/python3.10/site-packages/a2a/server/request_handlers/default_request_handler.py", line 196, in _run_event_stream
    await self.agent_executor.execute(request, queue)
  File "/home/wjt/CardDiffBench_official_a2a_main_20260712/harness/transfer/official_a2a_peer.py", line 77, in execute
    artifact = self.env._response_artifact(body=body, identity=identity, scopes=scopes,
  File "/home/wjt/CardDiffBench_official_a2a_main_20260712/harness/downstream/impact_env.py", line 353, in _response_artifact
    raise RuntimeError(f"protocol adapter {version} could not encode the worker result")
RuntimeError: protocol adapter 1.0-primary could not encode the worker result
Unhandled exception
Traceback (most recent call last):
  File "/home/wjt/CardDiffBench_official_a2a_main_20260712/sut/transfer/official_a2a_protocol.py", line 27, in run_async
    asyncio.get_running_loop()
RuntimeError: no running event loop

During handling of the above exception, another exception occurred:

Traceback (most recent call last):
  File "/home/wjt/CardDiffBench_official_a2a_main_20260712/.venv/lib/python3.10/site-packages/a2a/server/apps/jsonrpc/jsonrpc_app.py", line 384, in _handle_requests
    return await self._process_non_streaming_request(
  File "/home/wjt/CardDiffBench_official_a2a_main_20260712/.venv/lib/python3.10/site-packages/a2a/server/apps/jsonrpc/jsonrpc_app.py", line 464, in _process_non_streaming_request
    handler_result = await self.handler.on_message_send(
  File "/home/wjt/CardDiffBench_official_a2a_main_20260712/.venv/lib/python3.10/site-packages/a2a/utils/telemetry.py", line 228, in async_wrapper
    result = await func(*args, **kwargs)
  File "/home/wjt/CardDiffBench_official_a2a_main_20260712/.venv/lib/python3.10/site-packages/a2a/server/request_handlers/jsonrpc_handler.py", line 107, in on_message_send
    task_or_message = await self.request_handler.on_message_send(
  File "/home/wjt/CardDiffBench_official_a2a_main_20260712/.venv/lib/python3.10/site-packages/a2a/utils/telemetry.py", line 228, in async_wrapper
    result = await func(*args, **kwargs)
  File "/home/wjt/CardDiffBench_official_a2a_main_20260712/.venv/lib/python3.10/site-packages/a2a/server/request_handlers/default_request_handler.py", line 348, in on_message_send
    await self._cleanup_producer(producer_task, task_id)
  File "/home/wjt/CardDiffBench_official_a2a_main_20260712/.venv/lib/python3.10/site-packages/a2a/utils/telemetry.py", line 228, in async_wrapper
    result = await func(*args, **kwargs)
  File "/home/wjt/CardDiffBench_official_a2a_main_20260712/.venv/lib/python3.10/site-packages/a2a/server/request_handlers/default_request_handler.py", line 445, in _cleanup_producer
    await producer_task
  File "/home/wjt/CardDiffBench_official_a2a_main_20260712/.venv/lib/python3.10/site-packages/a2a/utils/telemetry.py", line 228, in async_wrapper
    result = await func(*args, **kwargs)
  File "/home/wjt/CardDiffBench_official_a2a_main_20260712/.venv/lib/python3.10/site-packages/a2a/server/request_handlers/default_request_handler.py", line 196, in _run_event_stream
    await self.agent_executor.execute(request, queue)
  File "/home/wjt/CardDiffBench_official_a2a_main_20260712/harness/transfer/official_a2a_peer.py", line 77, in execute
    artifact = self.env._response_artifact(body=body, identity=identity, scopes=scopes,
  File "/home/wjt/CardDiffBench_official_a2a_main_20260712/harness/downstream/impact_env.py", line 353, in _response_artifact
    raise RuntimeError(f"protocol adapter {version} could not encode the worker result")
RuntimeError: protocol adapter 1.0-primary could not encode the worker result
Request Error (ID: cb971b28-2e3c-4fc3-9f24-3780f398df07): Code=-32603, Message='protocol adapter 1.0-primary could not encode the worker result'
Agent execution failed
Traceback (most recent call last):
  File "/home/wjt/CardDiffBench_official_a2a_main_20260712/sut/transfer/official_a2a_protocol.py", line 27, in run_async
    asyncio.get_running_loop()
RuntimeError: no running event loop

During handling of the above exception, another exception occurred:

Traceback (most recent call last):
  File "/home/wjt/CardDiffBench_official_a2a_main_20260712/.venv/lib/python3.10/site-packages/a2a/server/request_handlers/default_request_handler.py", line 326, in on_message_send
    ) = await result_aggregator.consume_and_break_on_interrupt(
  File "/home/wjt/CardDiffBench_official_a2a_main_20260712/.venv/lib/python3.10/site-packages/a2a/server/tasks/result_aggregator.py", line 135, in consume_and_break_on_interrupt
    async for event in event_stream:
  File "/home/wjt/CardDiffBench_official_a2a_main_20260712/.venv/lib/python3.10/site-packages/a2a/server/events/event_consumer.py", line 87, in consume_all
    raise self._exception
  File "/home/wjt/CardDiffBench_official_a2a_main_20260712/.venv/lib/python3.10/site-packages/a2a/utils/telemetry.py", line 228, in async_wrapper
    result = await func(*args, **kwargs)
  File "/home/wjt/CardDiffBench_official_a2a_main_20260712/.venv/lib/python3.10/site-packages/a2a/server/request_handlers/default_request_handler.py", line 196, in _run_event_stream
    await self.agent_executor.execute(request, queue)
  File "/home/wjt/CardDiffBench_official_a2a_main_20260712/harness/transfer/official_a2a_peer.py", line 77, in execute
    artifact = self.env._response_artifact(body=body, identity=identity, scopes=scopes,
  File "/home/wjt/CardDiffBench_official_a2a_main_20260712/harness/downstream/impact_env.py", line 353, in _response_artifact
    raise RuntimeError(f"protocol adapter {version} could not encode the worker result")
RuntimeError: protocol adapter 1.0-primary could not encode the worker result
Unhandled exception
Traceback (most recent call last):
  File "/home/wjt/CardDiffBench_official_a2a_main_20260712/sut/transfer/official_a2a_protocol.py", line 27, in run_async
    asyncio.get_running_loop()
RuntimeError: no running event loop

During handling of the above exception, another exception occurred:

Traceback (most recent call last):
  File "/home/wjt/CardDiffBench_official_a2a_main_20260712/.venv/lib/python3.10/site-packages/a2a/server/apps/jsonrpc/jsonrpc_app.py", line 384, in _handle_requests
    return await self._process_non_streaming_request(
  File "/home/wjt/CardDiffBench_official_a2a_main_20260712/.venv/lib/python3.10/site-packages/a2a/server/apps/jsonrpc/jsonrpc_app.py", line 464, in _process_non_streaming_request
    handler_result = await self.handler.on_message_send(
  File "/home/wjt/CardDiffBench_official_a2a_main_20260712/.venv/lib/python3.10/site-packages/a2a/utils/telemetry.py", line 228, in async_wrapper
    result = await func(*args, **kwargs)
  File "/home/wjt/CardDiffBench_official_a2a_main_20260712/.venv/lib/python3.10/site-packages/a2a/server/request_handlers/jsonrpc_handler.py", line 107, in on_message_send
    task_or_message = await self.request_handler.on_message_send(
  File "/home/wjt/CardDiffBench_official_a2a_main_20260712/.venv/lib/python3.10/site-packages/a2a/utils/telemetry.py", line 228, in async_wrapper
    result = await func(*args, **kwargs)
  File "/home/wjt/CardDiffBench_official_a2a_main_20260712/.venv/lib/python3.10/site-packages/a2a/server/request_handlers/default_request_handler.py", line 348, in on_message_send
    await self._cleanup_producer(producer_task, task_id)
  File "/home/wjt/CardDiffBench_official_a2a_main_20260712/.venv/lib/python3.10/site-packages/a2a/utils/telemetry.py", line 228, in async_wrapper
    result = await func(*args, **kwargs)
  File "/home/wjt/CardDiffBench_official_a2a_main_20260712/.venv/lib/python3.10/site-packages/a2a/server/request_handlers/default_request_handler.py", line 445, in _cleanup_producer
    await producer_task
  File "/home/wjt/CardDiffBench_official_a2a_main_20260712/.venv/lib/python3.10/site-packages/a2a/utils/telemetry.py", line 228, in async_wrapper
    result = await func(*args, **kwargs)
  File "/home/wjt/CardDiffBench_official_a2a_main_20260712/.venv/lib/python3.10/site-packages/a2a/server/request_handlers/default_request_handler.py", line 196, in _run_event_stream
    await self.agent_executor.execute(request, queue)
  File "/home/wjt/CardDiffBench_official_a2a_main_20260712/harness/transfer/official_a2a_peer.py", line 77, in execute
    artifact = self.env._response_artifact(body=body, identity=identity, scopes=scopes,
  File "/home/wjt/CardDiffBench_official_a2a_main_20260712/harness/downstream/impact_env.py", line 353, in _response_artifact
    raise RuntimeError(f"protocol adapter {version} could not encode the worker result")
RuntimeError: protocol adapter 1.0-primary could not encode the worker result
Request Error (ID: 83e2a93c-de4d-490b-bfac-23d583b1494d): Code=-32603, Message='protocol adapter 1.0-primary could not encode the worker result'
Agent execution failed
Traceback (most recent call last):
  File "/home/wjt/CardDiffBench_official_a2a_main_20260712/sut/transfer/official_a2a_protocol.py", line 27, in run_async
    asyncio.get_running_loop()
RuntimeError: no running event loop

During handling of the above exception, another exception occurred:

Traceback (most recent call last):
  File "/home/wjt/CardDiffBench_official_a2a_main_20260712/.venv/lib/python3.10/site-packages/a2a/server/request_handlers/default_request_handler.py", line 326, in on_message_send
    ) = await result_aggregator.consume_and_break_on_interrupt(
  File "/home/wjt/CardDiffBench_official_a2a_main_20260712/.venv/lib/python3.10/site-packages/a2a/server/tasks/result_aggregator.py", line 135, in consume_and_break_on_interrupt
    async for event in event_stream:
  File "/home/wjt/CardDiffBench_official_a2a_main_20260712/.venv/lib/python3.10/site-packages/a2a/server/events/event_consumer.py", line 87, in consume_all
    raise self._exception
  File "/home/wjt/CardDiffBench_official_a2a_main_20260712/.venv/lib/python3.10/site-packages/a2a/utils/telemetry.py", line 228, in async_wrapper
    result = await func(*args, **kwargs)
  File "/home/wjt/CardDiffBench_official_a2a_main_20260712/.venv/lib/python3.10/site-packages/a2a/server/request_handlers/default_request_handler.py", line 196, in _run_event_stream
    await self.agent_executor.execute(request, queue)
  File "/home/wjt/CardDiffBench_official_a2a_main_20260712/harness/transfer/official_a2a_peer.py", line 77, in execute
    artifact = self.env._response_artifact(body=body, identity=identity, scopes=scopes,
  File "/home/wjt/CardDiffBench_official_a2a_main_20260712/harness/downstream/impact_env.py", line 353, in _response_artifact
    raise RuntimeError(f"protocol adapter {version} could not encode the worker result")
RuntimeError: protocol adapter 1.0-primary could not encode the worker result
Unhandled exception
Traceback (most recent call last):
  File "/home/wjt/CardDiffBench_official_a2a_main_20260712/sut/transfer/official_a2a_protocol.py", line 27, in run_async
    asyncio.get_running_loop()
RuntimeError: no running event loop

During handling of the above exception, another exception occurred:

Traceback (most recent call last):
  File "/home/wjt/CardDiffBench_official_a2a_main_20260712/.venv/lib/python3.10/site-packages/a2a/server/apps/jsonrpc/jsonrpc_app.py", line 384, in _handle_requests
    return await self._process_non_streaming_request(
  File "/home/wjt/CardDiffBench_official_a2a_main_20260712/.venv/lib/python3.10/site-packages/a2a/server/apps/jsonrpc/jsonrpc_app.py", line 464, in _process_non_streaming_request
    handler_result = await self.handler.on_message_send(
  File "/home/wjt/CardDiffBench_official_a2a_main_20260712/.venv/lib/python3.10/site-packages/a2a/utils/telemetry.py", line 228, in async_wrapper
    result = await func(*args, **kwargs)
  File "/home/wjt/CardDiffBench_official_a2a_main_20260712/.venv/lib/python3.10/site-packages/a2a/server/request_handlers/jsonrpc_handler.py", line 107, in on_message_send
    task_or_message = await self.request_handler.on_message_send(
  File "/home/wjt/CardDiffBench_official_a2a_main_20260712/.venv/lib/python3.10/site-packages/a2a/utils/telemetry.py", line 228, in async_wrapper
    result = await func(*args, **kwargs)
  File "/home/wjt/CardDiffBench_official_a2a_main_20260712/.venv/lib/python3.10/site-packages/a2a/server/request_handlers/default_request_handler.py", line 348, in on_message_send
    await self._cleanup_producer(producer_task, task_id)
  File "/home/wjt/CardDiffBench_official_a2a_main_20260712/.venv/lib/python3.10/site-packages/a2a/utils/telemetry.py", line 228, in async_wrapper
    result = await func(*args, **kwargs)
  File "/home/wjt/CardDiffBench_official_a2a_main_20260712/.venv/lib/python3.10/site-packages/a2a/server/request_handlers/default_request_handler.py", line 445, in _cleanup_producer
    await producer_task
  File "/home/wjt/CardDiffBench_official_a2a_main_20260712/.venv/lib/python3.10/site-packages/a2a/utils/telemetry.py", line 228, in async_wrapper
    result = await func(*args, **kwargs)
  File "/home/wjt/CardDiffBench_official_a2a_main_20260712/.venv/lib/python3.10/site-packages/a2a/server/request_handlers/default_request_handler.py", line 196, in _run_event_stream
    await self.agent_executor.execute(request, queue)
  File "/home/wjt/CardDiffBench_official_a2a_main_20260712/harness/transfer/official_a2a_peer.py", line 77, in execute
    artifact = self.env._response_artifact(body=body, identity=identity, scopes=scopes,
  File "/home/wjt/CardDiffBench_official_a2a_main_20260712/harness/downstream/impact_env.py", line 353, in _response_artifact
    raise RuntimeError(f"protocol adapter {version} could not encode the worker result")
RuntimeError: protocol adapter 1.0-primary could not encode the worker result
Request Error (ID: 8240c750-13b2-47f2-b08a-d697cf937ef2): Code=-32603, Message='protocol adapter 1.0-primary could not encode the worker result'
Agent execution failed
Traceback (most recent call last):
  File "/home/wjt/CardDiffBench_official_a2a_main_20260712/sut/transfer/official_a2a_protocol.py", line 27, in run_async
    asyncio.get_running_loop()
RuntimeError: no running event loop

During handling of the above exception, another exception occurred:

Traceback (most recent call last):
  File "/home/wjt/CardDiffBench_official_a2a_main_20260712/.venv/lib/python3.10/site-packages/a2a/server/request_handlers/default_request_handler.py", line 326, in on_message_send
    ) = await result_aggregator.consume_and_break_on_interrupt(
  File "/home/wjt/CardDiffBench_official_a2a_main_20260712/.venv/lib/python3.10/site-packages/a2a/server/tasks/result_aggregator.py", line 135, in consume_and_break_on_interrupt
    async for event in event_stream:
  File "/home/wjt/CardDiffBench_official_a2a_main_20260712/.venv/lib/python3.10/site-packages/a2a/server/events/event_consumer.py", line 87, in consume_all
    raise self._exception
  File "/home/wjt/CardDiffBench_official_a2a_main_20260712/.venv/lib/python3.10/site-packages/a2a/utils/telemetry.py", line 228, in async_wrapper
    result = await func(*args, **kwargs)
  File "/home/wjt/CardDiffBench_official_a2a_main_20260712/.venv/lib/python3.10/site-packages/a2a/server/request_handlers/default_request_handler.py", line 196, in _run_event_stream
    await self.agent_executor.execute(request, queue)
  File "/home/wjt/CardDiffBench_official_a2a_main_20260712/harness/transfer/official_a2a_peer.py", line 77, in execute
    artifact = self.env._response_artifact(body=body, identity=identity, scopes=scopes,
  File "/home/wjt/CardDiffBench_official_a2a_main_20260712/harness/downstream/impact_env.py", line 353, in _response_artifact
    raise RuntimeError(f"protocol adapter {version} could not encode the worker result")
RuntimeError: protocol adapter 1.0-primary could not encode the worker result
Unhandled exception
Traceback (most recent call last):
  File "/home/wjt/CardDiffBench_official_a2a_main_20260712/sut/transfer/official_a2a_protocol.py", line 27, in run_async
    asyncio.get_running_loop()
RuntimeError: no running event loop

During handling of the above exception, another exception occurred:

Traceback (most recent call last):
  File "/home/wjt/CardDiffBench_official_a2a_main_20260712/.venv/lib/python3.10/site-packages/a2a/server/apps/jsonrpc/jsonrpc_app.py", line 384, in _handle_requests
    return await self._process_non_streaming_request(
  File "/home/wjt/CardDiffBench_official_a2a_main_20260712/.venv/lib/python3.10/site-packages/a2a/server/apps/jsonrpc/jsonrpc_app.py", line 464, in _process_non_streaming_request
    handler_result = await self.handler.on_message_send(
  File "/home/wjt/CardDiffBench_official_a2a_main_20260712/.venv/lib/python3.10/site-packages/a2a/utils/telemetry.py", line 228, in async_wrapper
    result = await func(*args, **kwargs)
  File "/home/wjt/CardDiffBench_official_a2a_main_20260712/.venv/lib/python3.10/site-packages/a2a/server/request_handlers/jsonrpc_handler.py", line 107, in on_message_send
    task_or_message = await self.request_handler.on_message_send(
  File "/home/wjt/CardDiffBench_official_a2a_main_20260712/.venv/lib/python3.10/site-packages/a2a/utils/telemetry.py", line 228, in async_wrapper
    result = await func(*args, **kwargs)
  File "/home/wjt/CardDiffBench_official_a2a_main_20260712/.venv/lib/python3.10/site-packages/a2a/server/request_handlers/default_request_handler.py", line 348, in on_message_send
    await self._cleanup_producer(producer_task, task_id)
  File "/home/wjt/CardDiffBench_official_a2a_main_20260712/.venv/lib/python3.10/site-packages/a2a/utils/telemetry.py", line 228, in async_wrapper
    result = await func(*args, **kwargs)
  File "/home/wjt/CardDiffBench_official_a2a_main_20260712/.venv/lib/python3.10/site-packages/a2a/server/request_handlers/default_request_handler.py", line 445, in _cleanup_producer
    await producer_task
  File "/home/wjt/CardDiffBench_official_a2a_main_20260712/.venv/lib/python3.10/site-packages/a2a/utils/telemetry.py", line 228, in async_wrapper
    result = await func(*args, **kwargs)
  File "/home/wjt/CardDiffBench_official_a2a_main_20260712/.venv/lib/python3.10/site-packages/a2a/server/request_handlers/default_request_handler.py", line 196, in _run_event_stream
    await self.agent_executor.execute(request, queue)
  File "/home/wjt/CardDiffBench_official_a2a_main_20260712/harness/transfer/official_a2a_peer.py", line 77, in execute
    artifact = self.env._response_artifact(body=body, identity=identity, scopes=scopes,
  File "/home/wjt/CardDiffBench_official_a2a_main_20260712/harness/downstream/impact_env.py", line 353, in _response_artifact
    raise RuntimeError(f"protocol adapter {version} could not encode the worker result")
RuntimeError: protocol adapter 1.0-primary could not encode the worker result
Request Error (ID: 29296720-34e4-423f-9099-519917b2aeb2): Code=-32603, Message='protocol adapter 1.0-primary could not encode the worker result'
Agent execution failed
Traceback (most recent call last):
  File "/home/wjt/CardDiffBench_official_a2a_main_20260712/sut/transfer/official_a2a_protocol.py", line 27, in run_async
    asyncio.get_running_loop()
RuntimeError: no running event loop

During handling of the above exception, another exception occurred:

Traceback (most recent call last):
  File "/home/wjt/CardDiffBench_official_a2a_main_20260712/.venv/lib/python3.10/site-packages/a2a/server/request_handlers/default_request_handler.py", line 326, in on_message_send
    ) = await result_aggregator.consume_and_break_on_interrupt(
  File "/home/wjt/CardDiffBench_official_a2a_main_20260712/.venv/lib/python3.10/site-packages/a2a/server/tasks/result_aggregator.py", line 135, in consume_and_break_on_interrupt
    async for event in event_stream:
  File "/home/wjt/CardDiffBench_official_a2a_main_20260712/.venv/lib/python3.10/site-packages/a2a/server/events/event_consumer.py", line 87, in consume_all
    raise self._exception
  File "/home/wjt/CardDiffBench_official_a2a_main_20260712/.venv/lib/python3.10/site-packages/a2a/utils/telemetry.py", line 228, in async_wrapper
    result = await func(*args, **kwargs)
  File "/home/wjt/CardDiffBench_official_a2a_main_20260712/.venv/lib/python3.10/site-packages/a2a/server/request_handlers/default_request_handler.py", line 196, in _run_event_stream
    await self.agent_executor.execute(request, queue)
  File "/home/wjt/CardDiffBench_official_a2a_main_20260712/harness/transfer/official_a2a_peer.py", line 77, in execute
    artifact = self.env._response_artifact(body=body, identity=identity, scopes=scopes,
  File "/home/wjt/CardDiffBench_official_a2a_main_20260712/harness/downstream/impact_env.py", line 353, in _response_artifact
    raise RuntimeError(f"protocol adapter {version} could not encode the worker result")
RuntimeError: protocol adapter 1.0-primary could not encode the worker result
Unhandled exception
Traceback (most recent call last):
  File "/home/wjt/CardDiffBench_official_a2a_main_20260712/sut/transfer/official_a2a_protocol.py", line 27, in run_async
    asyncio.get_running_loop()
RuntimeError: no running event loop

During handling of the above exception, another exception occurred:

Traceback (most recent call last):
  File "/home/wjt/CardDiffBench_official_a2a_main_20260712/.venv/lib/python3.10/site-packages/a2a/server/apps/jsonrpc/jsonrpc_app.py", line 384, in _handle_requests
    return await self._process_non_streaming_request(
  File "/home/wjt/CardDiffBench_official_a2a_main_20260712/.venv/lib/python3.10/site-packages/a2a/server/apps/jsonrpc/jsonrpc_app.py", line 464, in _process_non_streaming_request
    handler_result = await self.handler.on_message_send(
  File "/home/wjt/CardDiffBench_official_a2a_main_20260712/.venv/lib/python3.10/site-packages/a2a/utils/telemetry.py", line 228, in async_wrapper
    result = await func(*args, **kwargs)
  File "/home/wjt/CardDiffBench_official_a2a_main_20260712/.venv/lib/python3.10/site-packages/a2a/server/request_handlers/jsonrpc_handler.py", line 107, in on_message_send
    task_or_message = await self.request_handler.on_message_send(
  File "/home/wjt/CardDiffBench_official_a2a_main_20260712/.venv/lib/python3.10/site-packages/a2a/utils/telemetry.py", line 228, in async_wrapper
    result = await func(*args, **kwargs)
  File "/home/wjt/CardDiffBench_official_a2a_main_20260712/.venv/lib/python3.10/site-packages/a2a/server/request_handlers/default_request_handler.py", line 348, in on_message_send
    await self._cleanup_producer(producer_task, task_id)
  File "/home/wjt/CardDiffBench_official_a2a_main_20260712/.venv/lib/python3.10/site-packages/a2a/utils/telemetry.py", line 228, in async_wrapper
    result = await func(*args, **kwargs)
  File "/home/wjt/CardDiffBench_official_a2a_main_20260712/.venv/lib/python3.10/site-packages/a2a/server/request_handlers/default_request_handler.py", line 445, in _cleanup_producer
    await producer_task
  File "/home/wjt/CardDiffBench_official_a2a_main_20260712/.venv/lib/python3.10/site-packages/a2a/utils/telemetry.py", line 228, in async_wrapper
    result = await func(*args, **kwargs)
  File "/home/wjt/CardDiffBench_official_a2a_main_20260712/.venv/lib/python3.10/site-packages/a2a/server/request_handlers/default_request_handler.py", line 196, in _run_event_stream
    await self.agent_executor.execute(request, queue)
  File "/home/wjt/CardDiffBench_official_a2a_main_20260712/harness/transfer/official_a2a_peer.py", line 77, in execute
    artifact = self.env._response_artifact(body=body, identity=identity, scopes=scopes,
  File "/home/wjt/CardDiffBench_official_a2a_main_20260712/harness/downstream/impact_env.py", line 353, in _response_artifact
    raise RuntimeError(f"protocol adapter {version} could not encode the worker result")
RuntimeError: protocol adapter 1.0-primary could not encode the worker result
Request Error (ID: 97c8060b-f98f-431d-b239-83e753215807): Code=-32603, Message='protocol adapter 1.0-primary could not encode the worker result'
Agent execution failed
Traceback (most recent call last):
  File "/home/wjt/CardDiffBench_official_a2a_main_20260712/sut/transfer/official_a2a_protocol.py", line 27, in run_async
    asyncio.get_running_loop()
RuntimeError: no running event loop

During handling of the above exception, another exception occurred:

Traceback (most recent call last):
  File "/home/wjt/CardDiffBench_official_a2a_main_20260712/.venv/lib/python3.10/site-packages/a2a/server/request_handlers/default_request_handler.py", line 326, in on_message_send
    ) = await result_aggregator.consume_and_break_on_interrupt(
  File "/home/wjt/CardDiffBench_official_a2a_main_20260712/.venv/lib/python3.10/site-packages/a2a/server/tasks/result_aggregator.py", line 135, in consume_and_break_on_interrupt
    async for event in event_stream:
  File "/home/wjt/CardDiffBench_official_a2a_main_20260712/.venv/lib/python3.10/site-packages/a2a/server/events/event_consumer.py", line 87, in consume_all
    raise self._exception
  File "/home/wjt/CardDiffBench_official_a2a_main_20260712/.venv/lib/python3.10/site-packages/a2a/utils/telemetry.py", line 228, in async_wrapper
    result = await func(*args, **kwargs)
  File "/home/wjt/CardDiffBench_official_a2a_main_20260712/.venv/lib/python3.10/site-packages/a2a/server/request_handlers/default_request_handler.py", line 196, in _run_event_stream
    await self.agent_executor.execute(request, queue)
  File "/home/wjt/CardDiffBench_official_a2a_main_20260712/harness/transfer/official_a2a_peer.py", line 77, in execute
    artifact = self.env._response_artifact(body=body, identity=identity, scopes=scopes,
  File "/home/wjt/CardDiffBench_official_a2a_main_20260712/harness/downstream/impact_env.py", line 353, in _response_artifact
    raise RuntimeError(f"protocol adapter {version} could not encode the worker result")
RuntimeError: protocol adapter 1.0-primary could not encode the worker result
Unhandled exception
Traceback (most recent call last):
  File "/home/wjt/CardDiffBench_official_a2a_main_20260712/sut/transfer/official_a2a_protocol.py", line 27, in run_async
    asyncio.get_running_loop()
RuntimeError: no running event loop

During handling of the above exception, another exception occurred:

Traceback (most recent call last):
  File "/home/wjt/CardDiffBench_official_a2a_main_20260712/.venv/lib/python3.10/site-packages/a2a/server/apps/jsonrpc/jsonrpc_app.py", line 384, in _handle_requests
    return await self._process_non_streaming_request(
  File "/home/wjt/CardDiffBench_official_a2a_main_20260712/.venv/lib/python3.10/site-packages/a2a/server/apps/jsonrpc/jsonrpc_app.py", line 464, in _process_non_streaming_request
    handler_result = await self.handler.on_message_send(
  File "/home/wjt/CardDiffBench_official_a2a_main_20260712/.venv/lib/python3.10/site-packages/a2a/utils/telemetry.py", line 228, in async_wrapper
    result = await func(*args, **kwargs)
  File "/home/wjt/CardDiffBench_official_a2a_main_20260712/.venv/lib/python3.10/site-packages/a2a/server/request_handlers/jsonrpc_handler.py", line 107, in on_message_send
    task_or_message = await self.request_handler.on_message_send(
  File "/home/wjt/CardDiffBench_official_a2a_main_20260712/.venv/lib/python3.10/site-packages/a2a/utils/telemetry.py", line 228, in async_wrapper
    result = await func(*args, **kwargs)
  File "/home/wjt/CardDiffBench_official_a2a_main_20260712/.venv/lib/python3.10/site-packages/a2a/server/request_handlers/default_request_handler.py", line 348, in on_message_send
    await self._cleanup_producer(producer_task, task_id)
  File "/home/wjt/CardDiffBench_official_a2a_main_20260712/.venv/lib/python3.10/site-packages/a2a/utils/telemetry.py", line 228, in async_wrapper
    result = await func(*args, **kwargs)
  File "/home/wjt/CardDiffBench_official_a2a_main_20260712/.venv/lib/python3.10/site-packages/a2a/server/request_handlers/default_request_handler.py", line 445, in _cleanup_producer
    await producer_task
  File "/home/wjt/CardDiffBench_official_a2a_main_20260712/.venv/lib/python3.10/site-packages/a2a/utils/telemetry.py", line 228, in async_wrapper
    result = await func(*args, **kwargs)
  File "/home/wjt/CardDiffBench_official_a2a_main_20260712/.venv/lib/python3.10/site-packages/a2a/server/request_handlers/default_request_handler.py", line 196, in _run_event_stream
    await self.agent_executor.execute(request, queue)
  File "/home/wjt/CardDiffBench_official_a2a_main_20260712/harness/transfer/official_a2a_peer.py", line 77, in execute
    artifact = self.env._response_artifact(body=body, identity=identity, scopes=scopes,
  File "/home/wjt/CardDiffBench_official_a2a_main_20260712/harness/downstream/impact_env.py", line 353, in _response_artifact
    raise RuntimeError(f"protocol adapter {version} could not encode the worker result")
RuntimeError: protocol adapter 1.0-primary could not encode the worker result
Request Error (ID: bfdb265f-f8b8-4795-9b0e-de6b18d0a157): Code=-32603, Message='protocol adapter 1.0-primary could not encode the worker result'
Agent execution failed
Traceback (most recent call last):
  File "/home/wjt/CardDiffBench_official_a2a_main_20260712/sut/transfer/official_a2a_protocol.py", line 27, in run_async
    asyncio.get_running_loop()
RuntimeError: no running event loop

During handling of the above exception, another exception occurred:

Traceback (most recent call last):
  File "/home/wjt/CardDiffBench_official_a2a_main_20260712/.venv/lib/python3.10/site-packages/a2a/server/request_handlers/default_request_handler.py", line 326, in on_message_send
    ) = await result_aggregator.consume_and_break_on_interrupt(
  File "/home/wjt/CardDiffBench_official_a2a_main_20260712/.venv/lib/python3.10/site-packages/a2a/server/tasks/result_aggregator.py", line 135, in consume_and_break_on_interrupt
    async for event in event_stream:
  File "/home/wjt/CardDiffBench_official_a2a_main_20260712/.venv/lib/python3.10/site-packages/a2a/server/events/event_consumer.py", line 87, in consume_all
    raise self._exception
  File "/home/wjt/CardDiffBench_official_a2a_main_20260712/.venv/lib/python3.10/site-packages/a2a/utils/telemetry.py", line 228, in async_wrapper
    result = await func(*args, **kwargs)
  File "/home/wjt/CardDiffBench_official_a2a_main_20260712/.venv/lib/python3.10/site-packages/a2a/server/request_handlers/default_request_handler.py", line 196, in _run_event_stream
    await self.agent_executor.execute(request, queue)
  File "/home/wjt/CardDiffBench_official_a2a_main_20260712/harness/transfer/official_a2a_peer.py", line 77, in execute
    artifact = self.env._response_artifact(body=body, identity=identity, scopes=scopes,
  File "/home/wjt/CardDiffBench_official_a2a_main_20260712/harness/downstream/impact_env.py", line 353, in _response_artifact
    raise RuntimeError(f"protocol adapter {version} could not encode the worker result")
RuntimeError: protocol adapter 1.0-primary could not encode the worker result
Unhandled exception
Traceback (most recent call last):
  File "/home/wjt/CardDiffBench_official_a2a_main_20260712/sut/transfer/official_a2a_protocol.py", line 27, in run_async
    asyncio.get_running_loop()
RuntimeError: no running event loop

During handling of the above exception, another exception occurred:

Traceback (most recent call last):
  File "/home/wjt/CardDiffBench_official_a2a_main_20260712/.venv/lib/python3.10/site-packages/a2a/server/apps/jsonrpc/jsonrpc_app.py", line 384, in _handle_requests
    return await self._process_non_streaming_request(
  File "/home/wjt/CardDiffBench_official_a2a_main_20260712/.venv/lib/python3.10/site-packages/a2a/server/apps/jsonrpc/jsonrpc_app.py", line 464, in _process_non_streaming_request
    handler_result = await self.handler.on_message_send(
  File "/home/wjt/CardDiffBench_official_a2a_main_20260712/.venv/lib/python3.10/site-packages/a2a/utils/telemetry.py", line 228, in async_wrapper
    result = await func(*args, **kwargs)
  File "/home/wjt/CardDiffBench_official_a2a_main_20260712/.venv/lib/python3.10/site-packages/a2a/server/request_handlers/jsonrpc_handler.py", line 107, in on_message_send
    task_or_message = await self.request_handler.on_message_send(
  File "/home/wjt/CardDiffBench_official_a2a_main_20260712/.venv/lib/python3.10/site-packages/a2a/utils/telemetry.py", line 228, in async_wrapper
    result = await func(*args, **kwargs)
  File "/home/wjt/CardDiffBench_official_a2a_main_20260712/.venv/lib/python3.10/site-packages/a2a/server/request_handlers/default_request_handler.py", line 348, in on_message_send
    await self._cleanup_producer(producer_task, task_id)
  File "/home/wjt/CardDiffBench_official_a2a_main_20260712/.venv/lib/python3.10/site-packages/a2a/utils/telemetry.py", line 228, in async_wrapper
    result = await func(*args, **kwargs)
  File "/home/wjt/CardDiffBench_official_a2a_main_20260712/.venv/lib/python3.10/site-packages/a2a/server/request_handlers/default_request_handler.py", line 445, in _cleanup_producer
    await producer_task
  File "/home/wjt/CardDiffBench_official_a2a_main_20260712/.venv/lib/python3.10/site-packages/a2a/utils/telemetry.py", line 228, in async_wrapper
    result = await func(*args, **kwargs)
  File "/home/wjt/CardDiffBench_official_a2a_main_20260712/.venv/lib/python3.10/site-packages/a2a/server/request_handlers/default_request_handler.py", line 196, in _run_event_stream
    await self.agent_executor.execute(request, queue)
  File "/home/wjt/CardDiffBench_official_a2a_main_20260712/harness/transfer/official_a2a_peer.py", line 77, in execute
    artifact = self.env._response_artifact(body=body, identity=identity, scopes=scopes,
  File "/home/wjt/CardDiffBench_official_a2a_main_20260712/harness/downstream/impact_env.py", line 353, in _response_artifact
    raise RuntimeError(f"protocol adapter {version} could not encode the worker result")
RuntimeError: protocol adapter 1.0-primary could not encode the worker result
Request Error (ID: 8db00e4b-57d9-41d7-b7ef-3513d72e8f74): Code=-32603, Message='protocol adapter 1.0-primary could not encode the worker result'
Agent execution failed
Traceback (most recent call last):
  File "/home/wjt/CardDiffBench_official_a2a_main_20260712/sut/transfer/official_a2a_protocol.py", line 27, in run_async
    asyncio.get_running_loop()
RuntimeError: no running event loop

During handling of the above exception, another exception occurred:

Traceback (most recent call last):
  File "/home/wjt/CardDiffBench_official_a2a_main_20260712/.venv/lib/python3.10/site-packages/a2a/server/request_handlers/default_request_handler.py", line 326, in on_message_send
    ) = await result_aggregator.consume_and_break_on_interrupt(
  File "/home/wjt/CardDiffBench_official_a2a_main_20260712/.venv/lib/python3.10/site-packages/a2a/server/tasks/result_aggregator.py", line 135, in consume_and_break_on_interrupt
    async for event in event_stream:
  File "/home/wjt/CardDiffBench_official_a2a_main_20260712/.venv/lib/python3.10/site-packages/a2a/server/events/event_consumer.py", line 87, in consume_all
    raise self._exception
  File "/home/wjt/CardDiffBench_official_a2a_main_20260712/.venv/lib/python3.10/site-packages/a2a/utils/telemetry.py", line 228, in async_wrapper
    result = await func(*args, **kwargs)
  File "/home/wjt/CardDiffBench_official_a2a_main_20260712/.venv/lib/python3.10/site-packages/a2a/server/request_handlers/default_request_handler.py", line 196, in _run_event_stream
    await self.agent_executor.execute(request, queue)
  File "/home/wjt/CardDiffBench_official_a2a_main_20260712/harness/transfer/official_a2a_peer.py", line 77, in execute
    artifact = self.env._response_artifact(body=body, identity=identity, scopes=scopes,
  File "/home/wjt/CardDiffBench_official_a2a_main_20260712/harness/downstream/impact_env.py", line 353, in _response_artifact
    raise RuntimeError(f"protocol adapter {version} could not encode the worker result")
RuntimeError: protocol adapter 1.0-primary could not encode the worker result
Unhandled exception
Traceback (most recent call last):
  File "/home/wjt/CardDiffBench_official_a2a_main_20260712/sut/transfer/official_a2a_protocol.py", line 27, in run_async
    asyncio.get_running_loop()
RuntimeError: no running event loop

During handling of the above exception, another exception occurred:

Traceback (most recent call last):
  File "/home/wjt/CardDiffBench_official_a2a_main_20260712/.venv/lib/python3.10/site-packages/a2a/server/apps/jsonrpc/jsonrpc_app.py", line 384, in _handle_requests
    return await self._process_non_streaming_request(
  File "/home/wjt/CardDiffBench_official_a2a_main_20260712/.venv/lib/python3.10/site-packages/a2a/server/apps/jsonrpc/jsonrpc_app.py", line 464, in _process_non_streaming_request
    handler_result = await self.handler.on_message_send(
  File "/home/wjt/CardDiffBench_official_a2a_main_20260712/.venv/lib/python3.10/site-packages/a2a/utils/telemetry.py", line 228, in async_wrapper
    result = await func(*args, **kwargs)
  File "/home/wjt/CardDiffBench_official_a2a_main_20260712/.venv/lib/python3.10/site-packages/a2a/server/request_handlers/jsonrpc_handler.py", line 107, in on_message_send
    task_or_message = await self.request_handler.on_message_send(
  File "/home/wjt/CardDiffBench_official_a2a_main_20260712/.venv/lib/python3.10/site-packages/a2a/utils/telemetry.py", line 228, in async_wrapper
    result = await func(*args, **kwargs)
  File "/home/wjt/CardDiffBench_official_a2a_main_20260712/.venv/lib/python3.10/site-packages/a2a/server/request_handlers/default_request_handler.py", line 348, in on_message_send
    await self._cleanup_producer(producer_task, task_id)
  File "/home/wjt/CardDiffBench_official_a2a_main_20260712/.venv/lib/python3.10/site-packages/a2a/utils/telemetry.py", line 228, in async_wrapper
    result = await func(*args, **kwargs)
  File "/home/wjt/CardDiffBench_official_a2a_main_20260712/.venv/lib/python3.10/site-packages/a2a/server/request_handlers/default_request_handler.py", line 445, in _cleanup_producer
    await producer_task
  File "/home/wjt/CardDiffBench_official_a2a_main_20260712/.venv/lib/python3.10/site-packages/a2a/utils/telemetry.py", line 228, in async_wrapper
    result = await func(*args, **kwargs)
  File "/home/wjt/CardDiffBench_official_a2a_main_20260712/.venv/lib/python3.10/site-packages/a2a/server/request_handlers/default_request_handler.py", line 196, in _run_event_stream
    await self.agent_executor.execute(request, queue)
  File "/home/wjt/CardDiffBench_official_a2a_main_20260712/harness/transfer/official_a2a_peer.py", line 77, in execute
    artifact = self.env._response_artifact(body=body, identity=identity, scopes=scopes,
  File "/home/wjt/CardDiffBench_official_a2a_main_20260712/harness/downstream/impact_env.py", line 353, in _response_artifact
    raise RuntimeError(f"protocol adapter {version} could not encode the worker result")
RuntimeError: protocol adapter 1.0-primary could not encode the worker result
Request Error (ID: cac89d11-53a6-47a9-9c88-90c8335339c1): Code=-32603, Message='protocol adapter 1.0-primary could not encode the worker result'
Agent execution failed
Traceback (most recent call last):
  File "/home/wjt/CardDiffBench_official_a2a_main_20260712/sut/transfer/official_a2a_protocol.py", line 27, in run_async
    asyncio.get_running_loop()
RuntimeError: no running event loop

During handling of the above exception, another exception occurred:

Traceback (most recent call last):
  File "/home/wjt/CardDiffBench_official_a2a_main_20260712/.venv/lib/python3.10/site-packages/a2a/server/request_handlers/default_request_handler.py", line 326, in on_message_send
    ) = await result_aggregator.consume_and_break_on_interrupt(
  File "/home/wjt/CardDiffBench_official_a2a_main_20260712/.venv/lib/python3.10/site-packages/a2a/server/tasks/result_aggregator.py", line 135, in consume_and_break_on_interrupt
    async for event in event_stream:
  File "/home/wjt/CardDiffBench_official_a2a_main_20260712/.venv/lib/python3.10/site-packages/a2a/server/events/event_consumer.py", line 87, in consume_all
    raise self._exception
  File "/home/wjt/CardDiffBench_official_a2a_main_20260712/.venv/lib/python3.10/site-packages/a2a/utils/telemetry.py", line 228, in async_wrapper
    result = await func(*args, **kwargs)
  File "/home/wjt/CardDiffBench_official_a2a_main_20260712/.venv/lib/python3.10/site-packages/a2a/server/request_handlers/default_request_handler.py", line 196, in _run_event_stream
    await self.agent_executor.execute(request, queue)
  File "/home/wjt/CardDiffBench_official_a2a_main_20260712/harness/transfer/official_a2a_peer.py", line 77, in execute
    artifact = self.env._response_artifact(body=body, identity=identity, scopes=scopes,
  File "/home/wjt/CardDiffBench_official_a2a_main_20260712/harness/downstream/impact_env.py", line 353, in _response_artifact
    raise RuntimeError(f"protocol adapter {version} could not encode the worker result")
RuntimeError: protocol adapter 1.0-primary could not encode the worker result
Unhandled exception
Traceback (most recent call last):
  File "/home/wjt/CardDiffBench_official_a2a_main_20260712/sut/transfer/official_a2a_protocol.py", line 27, in run_async
    asyncio.get_running_loop()
RuntimeError: no running event loop

During handling of the above exception, another exception occurred:

Traceback (most recent call last):
  File "/home/wjt/CardDiffBench_official_a2a_main_20260712/.venv/lib/python3.10/site-packages/a2a/server/apps/jsonrpc/jsonrpc_app.py", line 384, in _handle_requests
    return await self._process_non_streaming_request(
  File "/home/wjt/CardDiffBench_official_a2a_main_20260712/.venv/lib/python3.10/site-packages/a2a/server/apps/jsonrpc/jsonrpc_app.py", line 464, in _process_non_streaming_request
    handler_result = await self.handler.on_message_send(
  File "/home/wjt/CardDiffBench_official_a2a_main_20260712/.venv/lib/python3.10/site-packages/a2a/utils/telemetry.py", line 228, in async_wrapper
    result = await func(*args, **kwargs)
  File "/home/wjt/CardDiffBench_official_a2a_main_20260712/.venv/lib/python3.10/site-packages/a2a/server/request_handlers/jsonrpc_handler.py", line 107, in on_message_send
    task_or_message = await self.request_handler.on_message_send(
  File "/home/wjt/CardDiffBench_official_a2a_main_20260712/.venv/lib/python3.10/site-packages/a2a/utils/telemetry.py", line 228, in async_wrapper
    result = await func(*args, **kwargs)
  File "/home/wjt/CardDiffBench_official_a2a_main_20260712/.venv/lib/python3.10/site-packages/a2a/server/request_handlers/default_request_handler.py", line 348, in on_message_send
    await self._cleanup_producer(producer_task, task_id)
  File "/home/wjt/CardDiffBench_official_a2a_main_20260712/.venv/lib/python3.10/site-packages/a2a/utils/telemetry.py", line 228, in async_wrapper
    result = await func(*args, **kwargs)
  File "/home/wjt/CardDiffBench_official_a2a_main_20260712/.venv/lib/python3.10/site-packages/a2a/server/request_handlers/default_request_handler.py", line 445, in _cleanup_producer
    await producer_task
  File "/home/wjt/CardDiffBench_official_a2a_main_20260712/.venv/lib/python3.10/site-packages/a2a/utils/telemetry.py", line 228, in async_wrapper
    result = await func(*args, **kwargs)
  File "/home/wjt/CardDiffBench_official_a2a_main_20260712/.venv/lib/python3.10/site-packages/a2a/server/request_handlers/default_request_handler.py", line 196, in _run_event_stream
    await self.agent_executor.execute(request, queue)
  File "/home/wjt/CardDiffBench_official_a2a_main_20260712/harness/transfer/official_a2a_peer.py", line 77, in execute
    artifact = self.env._response_artifact(body=body, identity=identity, scopes=scopes,
  File "/home/wjt/CardDiffBench_official_a2a_main_20260712/harness/downstream/impact_env.py", line 353, in _response_artifact
    raise RuntimeError(f"protocol adapter {version} could not encode the worker result")
RuntimeError: protocol adapter 1.0-primary could not encode the worker result
Request Error (ID: 074e74a1-c50f-43cc-88e0-446d52ae84ed): Code=-32603, Message='protocol adapter 1.0-primary could not encode the worker result'
Agent execution failed
Traceback (most recent call last):
  File "/home/wjt/CardDiffBench_official_a2a_main_20260712/sut/transfer/official_a2a_protocol.py", line 27, in run_async
    asyncio.get_running_loop()
RuntimeError: no running event loop

During handling of the above exception, another exception occurred:

Traceback (most recent call last):
  File "/home/wjt/CardDiffBench_official_a2a_main_20260712/.venv/lib/python3.10/site-packages/a2a/server/request_handlers/default_request_handler.py", line 326, in on_message_send
    ) = await result_aggregator.consume_and_break_on_interrupt(
  File "/home/wjt/CardDiffBench_official_a2a_main_20260712/.venv/lib/python3.10/site-packages/a2a/server/tasks/result_aggregator.py", line 135, in consume_and_break_on_interrupt
    async for event in event_stream:
  File "/home/wjt/CardDiffBench_official_a2a_main_20260712/.venv/lib/python3.10/site-packages/a2a/server/events/event_consumer.py", line 87, in consume_all
    raise self._exception
  File "/home/wjt/CardDiffBench_official_a2a_main_20260712/.venv/lib/python3.10/site-packages/a2a/utils/telemetry.py", line 228, in async_wrapper
    result = await func(*args, **kwargs)
  File "/home/wjt/CardDiffBench_official_a2a_main_20260712/.venv/lib/python3.10/site-packages/a2a/server/request_handlers/default_request_handler.py", line 196, in _run_event_stream
    await self.agent_executor.execute(request, queue)
  File "/home/wjt/CardDiffBench_official_a2a_main_20260712/harness/transfer/official_a2a_peer.py", line 77, in execute
    artifact = self.env._response_artifact(body=body, identity=identity, scopes=scopes,
  File "/home/wjt/CardDiffBench_official_a2a_main_20260712/harness/downstream/impact_env.py", line 353, in _response_artifact
    raise RuntimeError(f"protocol adapter {version} could not encode the worker result")
RuntimeError: protocol adapter 1.0-primary could not encode the worker result
Unhandled exception
Traceback (most recent call last):
  File "/home/wjt/CardDiffBench_official_a2a_main_20260712/sut/transfer/official_a2a_protocol.py", line 27, in run_async
    asyncio.get_running_loop()
RuntimeError: no running event loop

During handling of the above exception, another exception occurred:

Traceback (most recent call last):
  File "/home/wjt/CardDiffBench_official_a2a_main_20260712/.venv/lib/python3.10/site-packages/a2a/server/apps/jsonrpc/jsonrpc_app.py", line 384, in _handle_requests
    return await self._process_non_streaming_request(
  File "/home/wjt/CardDiffBench_official_a2a_main_20260712/.venv/lib/python3.10/site-packages/a2a/server/apps/jsonrpc/jsonrpc_app.py", line 464, in _process_non_streaming_request
    handler_result = await self.handler.on_message_send(
  File "/home/wjt/CardDiffBench_official_a2a_main_20260712/.venv/lib/python3.10/site-packages/a2a/utils/telemetry.py", line 228, in async_wrapper
    result = await func(*args, **kwargs)
  File "/home/wjt/CardDiffBench_official_a2a_main_20260712/.venv/lib/python3.10/site-packages/a2a/server/request_handlers/jsonrpc_handler.py", line 107, in on_message_send
    task_or_message = await self.request_handler.on_message_send(
  File "/home/wjt/CardDiffBench_official_a2a_main_20260712/.venv/lib/python3.10/site-packages/a2a/utils/telemetry.py", line 228, in async_wrapper
    result = await func(*args, **kwargs)
  File "/home/wjt/CardDiffBench_official_a2a_main_20260712/.venv/lib/python3.10/site-packages/a2a/server/request_handlers/default_request_handler.py", line 348, in on_message_send
    await self._cleanup_producer(producer_task, task_id)
  File "/home/wjt/CardDiffBench_official_a2a_main_20260712/.venv/lib/python3.10/site-packages/a2a/utils/telemetry.py", line 228, in async_wrapper
    result = await func(*args, **kwargs)
  File "/home/wjt/CardDiffBench_official_a2a_main_20260712/.venv/lib/python3.10/site-packages/a2a/server/request_handlers/default_request_handler.py", line 445, in _cleanup_producer
    await producer_task
  File "/home/wjt/CardDiffBench_official_a2a_main_20260712/.venv/lib/python3.10/site-packages/a2a/utils/telemetry.py", line 228, in async_wrapper
    result = await func(*args, **kwargs)
  File "/home/wjt/CardDiffBench_official_a2a_main_20260712/.venv/lib/python3.10/site-packages/a2a/server/request_handlers/default_request_handler.py", line 196, in _run_event_stream
    await self.agent_executor.execute(request, queue)
  File "/home/wjt/CardDiffBench_official_a2a_main_20260712/harness/transfer/official_a2a_peer.py", line 77, in execute
    artifact = self.env._response_artifact(body=body, identity=identity, scopes=scopes,
  File "/home/wjt/CardDiffBench_official_a2a_main_20260712/harness/downstream/impact_env.py", line 353, in _response_artifact
    raise RuntimeError(f"protocol adapter {version} could not encode the worker result")
RuntimeError: protocol adapter 1.0-primary could not encode the worker result
Request Error (ID: 6bc79933-5b7e-4d40-9b6b-3ed9c058fe4e): Code=-32603, Message='protocol adapter 1.0-primary could not encode the worker result'
Agent execution failed
Traceback (most recent call last):
  File "/home/wjt/CardDiffBench_official_a2a_main_20260712/sut/transfer/official_a2a_protocol.py", line 27, in run_async
    asyncio.get_running_loop()
RuntimeError: no running event loop

During handling of the above exception, another exception occurred:

Traceback (most recent call last):
  File "/home/wjt/CardDiffBench_official_a2a_main_20260712/.venv/lib/python3.10/site-packages/a2a/server/request_handlers/default_request_handler.py", line 326, in on_message_send
    ) = await result_aggregator.consume_and_break_on_interrupt(
  File "/home/wjt/CardDiffBench_official_a2a_main_20260712/.venv/lib/python3.10/site-packages/a2a/server/tasks/result_aggregator.py", line 135, in consume_and_break_on_interrupt
    async for event in event_stream:
  File "/home/wjt/CardDiffBench_official_a2a_main_20260712/.venv/lib/python3.10/site-packages/a2a/server/events/event_consumer.py", line 87, in consume_all
    raise self._exception
  File "/home/wjt/CardDiffBench_official_a2a_main_20260712/.venv/lib/python3.10/site-packages/a2a/utils/telemetry.py", line 228, in async_wrapper
    result = await func(*args, **kwargs)
  File "/home/wjt/CardDiffBench_official_a2a_main_20260712/.venv/lib/python3.10/site-packages/a2a/server/request_handlers/default_request_handler.py", line 196, in _run_event_stream
    await self.agent_executor.execute(request, queue)
  File "/home/wjt/CardDiffBench_official_a2a_main_20260712/harness/transfer/official_a2a_peer.py", line 77, in execute
    artifact = self.env._response_artifact(body=body, identity=identity, scopes=scopes,
  File "/home/wjt/CardDiffBench_official_a2a_main_20260712/harness/downstream/impact_env.py", line 353, in _response_artifact
    raise RuntimeError(f"protocol adapter {version} could not encode the worker result")
RuntimeError: protocol adapter 1.0-primary could not encode the worker result
Unhandled exception
Traceback (most recent call last):
  File "/home/wjt/CardDiffBench_official_a2a_main_20260712/sut/transfer/official_a2a_protocol.py", line 27, in run_async
    asyncio.get_running_loop()
RuntimeError: no running event loop

During handling of the above exception, another exception occurred:

Traceback (most recent call last):
  File "/home/wjt/CardDiffBench_official_a2a_main_20260712/.venv/lib/python3.10/site-packages/a2a/server/apps/jsonrpc/jsonrpc_app.py", line 384, in _handle_requests
    return await self._process_non_streaming_request(
  File "/home/wjt/CardDiffBench_official_a2a_main_20260712/.venv/lib/python3.10/site-packages/a2a/server/apps/jsonrpc/jsonrpc_app.py", line 464, in _process_non_streaming_request
    handler_result = await self.handler.on_message_send(
  File "/home/wjt/CardDiffBench_official_a2a_main_20260712/.venv/lib/python3.10/site-packages/a2a/utils/telemetry.py", line 228, in async_wrapper
    result = await func(*args, **kwargs)
  File "/home/wjt/CardDiffBench_official_a2a_main_20260712/.venv/lib/python3.10/site-packages/a2a/server/request_handlers/jsonrpc_handler.py", line 107, in on_message_send
    task_or_message = await self.request_handler.on_message_send(
  File "/home/wjt/CardDiffBench_official_a2a_main_20260712/.venv/lib/python3.10/site-packages/a2a/utils/telemetry.py", line 228, in async_wrapper
    result = await func(*args, **kwargs)
  File "/home/wjt/CardDiffBench_official_a2a_main_20260712/.venv/lib/python3.10/site-packages/a2a/server/request_handlers/default_request_handler.py", line 348, in on_message_send
    await self._cleanup_producer(producer_task, task_id)
  File "/home/wjt/CardDiffBench_official_a2a_main_20260712/.venv/lib/python3.10/site-packages/a2a/utils/telemetry.py", line 228, in async_wrapper
    result = await func(*args, **kwargs)
  File "/home/wjt/CardDiffBench_official_a2a_main_20260712/.venv/lib/python3.10/site-packages/a2a/server/request_handlers/default_request_handler.py", line 445, in _cleanup_producer
    await producer_task
  File "/home/wjt/CardDiffBench_official_a2a_main_20260712/.venv/lib/python3.10/site-packages/a2a/utils/telemetry.py", line 228, in async_wrapper
    result = await func(*args, **kwargs)
  File "/home/wjt/CardDiffBench_official_a2a_main_20260712/.venv/lib/python3.10/site-packages/a2a/server/request_handlers/default_request_handler.py", line 196, in _run_event_stream
    await self.agent_executor.execute(request, queue)
  File "/home/wjt/CardDiffBench_official_a2a_main_20260712/harness/transfer/official_a2a_peer.py", line 77, in execute
    artifact = self.env._response_artifact(body=body, identity=identity, scopes=scopes,
  File "/home/wjt/CardDiffBench_official_a2a_main_20260712/harness/downstream/impact_env.py", line 353, in _response_artifact
    raise RuntimeError(f"protocol adapter {version} could not encode the worker result")
RuntimeError: protocol adapter 1.0-primary could not encode the worker result
Request Error (ID: ec244805-8294-4c46-9c47-8f891a3c8358): Code=-32603, Message='protocol adapter 1.0-primary could not encode the worker result'
Agent execution failed
Traceback (most recent call last):
  File "/home/wjt/CardDiffBench_official_a2a_main_20260712/sut/transfer/official_a2a_protocol.py", line 27, in run_async
    asyncio.get_running_loop()
RuntimeError: no running event loop

During handling of the above exception, another exception occurred:

Traceback (most recent call last):
  File "/home/wjt/CardDiffBench_official_a2a_main_20260712/.venv/lib/python3.10/site-packages/a2a/server/request_handlers/default_request_handler.py", line 326, in on_message_send
    ) = await result_aggregator.consume_and_break_on_interrupt(
  File "/home/wjt/CardDiffBench_official_a2a_main_20260712/.venv/lib/python3.10/site-packages/a2a/server/tasks/result_aggregator.py", line 135, in consume_and_break_on_interrupt
    async for event in event_stream:
  File "/home/wjt/CardDiffBench_official_a2a_main_20260712/.venv/lib/python3.10/site-packages/a2a/server/events/event_consumer.py", line 87, in consume_all
    raise self._exception
  File "/home/wjt/CardDiffBench_official_a2a_main_20260712/.venv/lib/python3.10/site-packages/a2a/utils/telemetry.py", line 228, in async_wrapper
    result = await func(*args, **kwargs)
  File "/home/wjt/CardDiffBench_official_a2a_main_20260712/.venv/lib/python3.10/site-packages/a2a/server/request_handlers/default_request_handler.py", line 196, in _run_event_stream
    await self.agent_executor.execute(request, queue)
  File "/home/wjt/CardDiffBench_official_a2a_main_20260712/harness/transfer/official_a2a_peer.py", line 77, in execute
    artifact = self.env._response_artifact(body=body, identity=identity, scopes=scopes,
  File "/home/wjt/CardDiffBench_official_a2a_main_20260712/harness/downstream/impact_env.py", line 353, in _response_artifact
    raise RuntimeError(f"protocol adapter {version} could not encode the worker result")
RuntimeError: protocol adapter 1.0-primary could not encode the worker result
Unhandled exception
Traceback (most recent call last):
  File "/home/wjt/CardDiffBench_official_a2a_main_20260712/sut/transfer/official_a2a_protocol.py", line 27, in run_async
    asyncio.get_running_loop()
RuntimeError: no running event loop

During handling of the above exception, another exception occurred:

Traceback (most recent call last):
  File "/home/wjt/CardDiffBench_official_a2a_main_20260712/.venv/lib/python3.10/site-packages/a2a/server/apps/jsonrpc/jsonrpc_app.py", line 384, in _handle_requests
    return await self._process_non_streaming_request(
  File "/home/wjt/CardDiffBench_official_a2a_main_20260712/.venv/lib/python3.10/site-packages/a2a/server/apps/jsonrpc/jsonrpc_app.py", line 464, in _process_non_streaming_request
    handler_result = await self.handler.on_message_send(
  File "/home/wjt/CardDiffBench_official_a2a_main_20260712/.venv/lib/python3.10/site-packages/a2a/utils/telemetry.py", line 228, in async_wrapper
    result = await func(*args, **kwargs)
  File "/home/wjt/CardDiffBench_official_a2a_main_20260712/.venv/lib/python3.10/site-packages/a2a/server/request_handlers/jsonrpc_handler.py", line 107, in on_message_send
    task_or_message = await self.request_handler.on_message_send(
  File "/home/wjt/CardDiffBench_official_a2a_main_20260712/.venv/lib/python3.10/site-packages/a2a/utils/telemetry.py", line 228, in async_wrapper
    result = await func(*args, **kwargs)
  File "/home/wjt/CardDiffBench_official_a2a_main_20260712/.venv/lib/python3.10/site-packages/a2a/server/request_handlers/default_request_handler.py", line 348, in on_message_send
    await self._cleanup_producer(producer_task, task_id)
  File "/home/wjt/CardDiffBench_official_a2a_main_20260712/.venv/lib/python3.10/site-packages/a2a/utils/telemetry.py", line 228, in async_wrapper
    result = await func(*args, **kwargs)
  File "/home/wjt/CardDiffBench_official_a2a_main_20260712/.venv/lib/python3.10/site-packages/a2a/server/request_handlers/default_request_handler.py", line 445, in _cleanup_producer
    await producer_task
  File "/home/wjt/CardDiffBench_official_a2a_main_20260712/.venv/lib/python3.10/site-packages/a2a/utils/telemetry.py", line 228, in async_wrapper
    result = await func(*args, **kwargs)
  File "/home/wjt/CardDiffBench_official_a2a_main_20260712/.venv/lib/python3.10/site-packages/a2a/server/request_handlers/default_request_handler.py", line 196, in _run_event_stream
    await self.agent_executor.execute(request, queue)
  File "/home/wjt/CardDiffBench_official_a2a_main_20260712/harness/transfer/official_a2a_peer.py", line 77, in execute
    artifact = self.env._response_artifact(body=body, identity=identity, scopes=scopes,
  File "/home/wjt/CardDiffBench_official_a2a_main_20260712/harness/downstream/impact_env.py", line 353, in _response_artifact
    raise RuntimeError(f"protocol adapter {version} could not encode the worker result")
RuntimeError: protocol adapter 1.0-primary could not encode the worker result
Request Error (ID: c6c073c4-816a-464f-82c9-804ea34cc729): Code=-32603, Message='protocol adapter 1.0-primary could not encode the worker result'
Agent execution failed
Traceback (most recent call last):
  File "/home/wjt/CardDiffBench_official_a2a_main_20260712/sut/transfer/official_a2a_protocol.py", line 27, in run_async
    asyncio.get_running_loop()
RuntimeError: no running event loop

During handling of the above exception, another exception occurred:

Traceback (most recent call last):
  File "/home/wjt/CardDiffBench_official_a2a_main_20260712/.venv/lib/python3.10/site-packages/a2a/server/request_handlers/default_request_handler.py", line 326, in on_message_send
    ) = await result_aggregator.consume_and_break_on_interrupt(
  File "/home/wjt/CardDiffBench_official_a2a_main_20260712/.venv/lib/python3.10/site-packages/a2a/server/tasks/result_aggregator.py", line 135, in consume_and_break_on_interrupt
    async for event in event_stream:
  File "/home/wjt/CardDiffBench_official_a2a_main_20260712/.venv/lib/python3.10/site-packages/a2a/server/events/event_consumer.py", line 87, in consume_all
    raise self._exception
  File "/home/wjt/CardDiffBench_official_a2a_main_20260712/.venv/lib/python3.10/site-packages/a2a/utils/telemetry.py", line 228, in async_wrapper
    result = await func(*args, **kwargs)
  File "/home/wjt/CardDiffBench_official_a2a_main_20260712/.venv/lib/python3.10/site-packages/a2a/server/request_handlers/default_request_handler.py", line 196, in _run_event_stream
    await self.agent_executor.execute(request, queue)
  File "/home/wjt/CardDiffBench_official_a2a_main_20260712/harness/transfer/official_a2a_peer.py", line 77, in execute
    artifact = self.env._response_artifact(body=body, identity=identity, scopes=scopes,
  File "/home/wjt/CardDiffBench_official_a2a_main_20260712/harness/downstream/impact_env.py", line 353, in _response_artifact
    raise RuntimeError(f"protocol adapter {version} could not encode the worker result")
RuntimeError: protocol adapter 1.0-primary could not encode the worker result
Unhandled exception
Traceback (most recent call last):
  File "/home/wjt/CardDiffBench_official_a2a_main_20260712/sut/transfer/official_a2a_protocol.py", line 27, in run_async
    asyncio.get_running_loop()
RuntimeError: no running event loop

During handling of the above exception, another exception occurred:

Traceback (most recent call last):
  File "/home/wjt/CardDiffBench_official_a2a_main_20260712/.venv/lib/python3.10/site-packages/a2a/server/apps/jsonrpc/jsonrpc_app.py", line 384, in _handle_requests
    return await self._process_non_streaming_request(
  File "/home/wjt/CardDiffBench_official_a2a_main_20260712/.venv/lib/python3.10/site-packages/a2a/server/apps/jsonrpc/jsonrpc_app.py", line 464, in _process_non_streaming_request
    handler_result = await self.handler.on_message_send(
  File "/home/wjt/CardDiffBench_official_a2a_main_20260712/.venv/lib/python3.10/site-packages/a2a/utils/telemetry.py", line 228, in async_wrapper
    result = await func(*args, **kwargs)
  File "/home/wjt/CardDiffBench_official_a2a_main_20260712/.venv/lib/python3.10/site-packages/a2a/server/request_handlers/jsonrpc_handler.py", line 107, in on_message_send
    task_or_message = await self.request_handler.on_message_send(
  File "/home/wjt/CardDiffBench_official_a2a_main_20260712/.venv/lib/python3.10/site-packages/a2a/utils/telemetry.py", line 228, in async_wrapper
    result = await func(*args, **kwargs)
  File "/home/wjt/CardDiffBench_official_a2a_main_20260712/.venv/lib/python3.10/site-packages/a2a/server/request_handlers/default_request_handler.py", line 348, in on_message_send
    await self._cleanup_producer(producer_task, task_id)
  File "/home/wjt/CardDiffBench_official_a2a_main_20260712/.venv/lib/python3.10/site-packages/a2a/utils/telemetry.py", line 228, in async_wrapper
    result = await func(*args, **kwargs)
  File "/home/wjt/CardDiffBench_official_a2a_main_20260712/.venv/lib/python3.10/site-packages/a2a/server/request_handlers/default_request_handler.py", line 445, in _cleanup_producer
    await producer_task
  File "/home/wjt/CardDiffBench_official_a2a_main_20260712/.venv/lib/python3.10/site-packages/a2a/utils/telemetry.py", line 228, in async_wrapper
    result = await func(*args, **kwargs)
  File "/home/wjt/CardDiffBench_official_a2a_main_20260712/.venv/lib/python3.10/site-packages/a2a/server/request_handlers/default_request_handler.py", line 196, in _run_event_stream
    await self.agent_executor.execute(request, queue)
  File "/home/wjt/CardDiffBench_official_a2a_main_20260712/harness/transfer/official_a2a_peer.py", line 77, in execute
    artifact = self.env._response_artifact(body=body, identity=identity, scopes=scopes,
  File "/home/wjt/CardDiffBench_official_a2a_main_20260712/harness/downstream/impact_env.py", line 353, in _response_artifact
    raise RuntimeError(f"protocol adapter {version} could not encode the worker result")
RuntimeError: protocol adapter 1.0-primary could not encode the worker result
Request Error (ID: 1f5b5025-3e04-4425-8fea-275fc82c7d8e): Code=-32603, Message='protocol adapter 1.0-primary could not encode the worker result'
Agent execution failed
Traceback (most recent call last):
  File "/home/wjt/CardDiffBench_official_a2a_main_20260712/sut/transfer/official_a2a_protocol.py", line 27, in run_async
    asyncio.get_running_loop()
RuntimeError: no running event loop

During handling of the above exception, another exception occurred:

Traceback (most recent call last):
  File "/home/wjt/CardDiffBench_official_a2a_main_20260712/.venv/lib/python3.10/site-packages/a2a/server/request_handlers/default_request_handler.py", line 326, in on_message_send
    ) = await result_aggregator.consume_and_break_on_interrupt(
  File "/home/wjt/CardDiffBench_official_a2a_main_20260712/.venv/lib/python3.10/site-packages/a2a/server/tasks/result_aggregator.py", line 135, in consume_and_break_on_interrupt
    async for event in event_stream:
  File "/home/wjt/CardDiffBench_official_a2a_main_20260712/.venv/lib/python3.10/site-packages/a2a/server/events/event_consumer.py", line 87, in consume_all
    raise self._exception
  File "/home/wjt/CardDiffBench_official_a2a_main_20260712/.venv/lib/python3.10/site-packages/a2a/utils/telemetry.py", line 228, in async_wrapper
    result = await func(*args, **kwargs)
  File "/home/wjt/CardDiffBench_official_a2a_main_20260712/.venv/lib/python3.10/site-packages/a2a/server/request_handlers/default_request_handler.py", line 196, in _run_event_stream
    await self.agent_executor.execute(request, queue)
  File "/home/wjt/CardDiffBench_official_a2a_main_20260712/harness/transfer/official_a2a_peer.py", line 77, in execute
    artifact = self.env._response_artifact(body=body, identity=identity, scopes=scopes,
  File "/home/wjt/CardDiffBench_official_a2a_main_20260712/harness/downstream/impact_env.py", line 353, in _response_artifact
    raise RuntimeError(f"protocol adapter {version} could not encode the worker result")
RuntimeError: protocol adapter 1.0-primary could not encode the worker result
Unhandled exception
Traceback (most recent call last):
  File "/home/wjt/CardDiffBench_official_a2a_main_20260712/sut/transfer/official_a2a_protocol.py", line 27, in run_async
    asyncio.get_running_loop()
RuntimeError: no running event loop

During handling of the above exception, another exception occurred:

Traceback (most recent call last):
  File "/home/wjt/CardDiffBench_official_a2a_main_20260712/.venv/lib/python3.10/site-packages/a2a/server/apps/jsonrpc/jsonrpc_app.py", line 384, in _handle_requests
    return await self._process_non_streaming_request(
  File "/home/wjt/CardDiffBench_official_a2a_main_20260712/.venv/lib/python3.10/site-packages/a2a/server/apps/jsonrpc/jsonrpc_app.py", line 464, in _process_non_streaming_request
    handler_result = await self.handler.on_message_send(
  File "/home/wjt/CardDiffBench_official_a2a_main_20260712/.venv/lib/python3.10/site-packages/a2a/utils/telemetry.py", line 228, in async_wrapper
    result = await func(*args, **kwargs)
  File "/home/wjt/CardDiffBench_official_a2a_main_20260712/.venv/lib/python3.10/site-packages/a2a/server/request_handlers/jsonrpc_handler.py", line 107, in on_message_send
    task_or_message = await self.request_handler.on_message_send(
  File "/home/wjt/CardDiffBench_official_a2a_main_20260712/.venv/lib/python3.10/site-packages/a2a/utils/telemetry.py", line 228, in async_wrapper
    result = await func(*args, **kwargs)
  File "/home/wjt/CardDiffBench_official_a2a_main_20260712/.venv/lib/python3.10/site-packages/a2a/server/request_handlers/default_request_handler.py", line 348, in on_message_send
    await self._cleanup_producer(producer_task, task_id)
  File "/home/wjt/CardDiffBench_official_a2a_main_20260712/.venv/lib/python3.10/site-packages/a2a/utils/telemetry.py", line 228, in async_wrapper
    result = await func(*args, **kwargs)
  File "/home/wjt/CardDiffBench_official_a2a_main_20260712/.venv/lib/python3.10/site-packages/a2a/server/request_handlers/default_request_handler.py", line 445, in _cleanup_producer
    await producer_task
  File "/home/wjt/CardDiffBench_official_a2a_main_20260712/.venv/lib/python3.10/site-packages/a2a/utils/telemetry.py", line 228, in async_wrapper
    result = await func(*args, **kwargs)
  File "/home/wjt/CardDiffBench_official_a2a_main_20260712/.venv/lib/python3.10/site-packages/a2a/server/request_handlers/default_request_handler.py", line 196, in _run_event_stream
    await self.agent_executor.execute(request, queue)
  File "/home/wjt/CardDiffBench_official_a2a_main_20260712/harness/transfer/official_a2a_peer.py", line 77, in execute
    artifact = self.env._response_artifact(body=body, identity=identity, scopes=scopes,
  File "/home/wjt/CardDiffBench_official_a2a_main_20260712/harness/downstream/impact_env.py", line 353, in _response_artifact
    raise RuntimeError(f"protocol adapter {version} could not encode the worker result")
RuntimeError: protocol adapter 1.0-primary could not encode the worker result
Request Error (ID: a24372d1-374d-45a6-8248-d7b1f6d1baec): Code=-32603, Message='protocol adapter 1.0-primary could not encode the worker result'
Agent execution failed
Traceback (most recent call last):
  File "/home/wjt/CardDiffBench_official_a2a_main_20260712/sut/transfer/official_a2a_protocol.py", line 27, in run_async
    asyncio.get_running_loop()
RuntimeError: no running event loop

During handling of the above exception, another exception occurred:

Traceback (most recent call last):
  File "/home/wjt/CardDiffBench_official_a2a_main_20260712/.venv/lib/python3.10/site-packages/a2a/server/request_handlers/default_request_handler.py", line 326, in on_message_send
    ) = await result_aggregator.consume_and_break_on_interrupt(
  File "/home/wjt/CardDiffBench_official_a2a_main_20260712/.venv/lib/python3.10/site-packages/a2a/server/tasks/result_aggregator.py", line 135, in consume_and_break_on_interrupt
    async for event in event_stream:
  File "/home/wjt/CardDiffBench_official_a2a_main_20260712/.venv/lib/python3.10/site-packages/a2a/server/events/event_consumer.py", line 87, in consume_all
    raise self._exception
  File "/home/wjt/CardDiffBench_official_a2a_main_20260712/.venv/lib/python3.10/site-packages/a2a/utils/telemetry.py", line 228, in async_wrapper
    result = await func(*args, **kwargs)
  File "/home/wjt/CardDiffBench_official_a2a_main_20260712/.venv/lib/python3.10/site-packages/a2a/server/request_handlers/default_request_handler.py", line 196, in _run_event_stream
    await self.agent_executor.execute(request, queue)
  File "/home/wjt/CardDiffBench_official_a2a_main_20260712/harness/transfer/official_a2a_peer.py", line 77, in execute
    artifact = self.env._response_artifact(body=body, identity=identity, scopes=scopes,
  File "/home/wjt/CardDiffBench_official_a2a_main_20260712/harness/downstream/impact_env.py", line 353, in _response_artifact
    raise RuntimeError(f"protocol adapter {version} could not encode the worker result")
RuntimeError: protocol adapter 1.0-primary could not encode the worker result
Unhandled exception
Traceback (most recent call last):
  File "/home/wjt/CardDiffBench_official_a2a_main_20260712/sut/transfer/official_a2a_protocol.py", line 27, in run_async
    asyncio.get_running_loop()
RuntimeError: no running event loop

During handling of the above exception, another exception occurred:

Traceback (most recent call last):
  File "/home/wjt/CardDiffBench_official_a2a_main_20260712/.venv/lib/python3.10/site-packages/a2a/server/apps/jsonrpc/jsonrpc_app.py", line 384, in _handle_requests
    return await self._process_non_streaming_request(
  File "/home/wjt/CardDiffBench_official_a2a_main_20260712/.venv/lib/python3.10/site-packages/a2a/server/apps/jsonrpc/jsonrpc_app.py", line 464, in _process_non_streaming_request
    handler_result = await self.handler.on_message_send(
  File "/home/wjt/CardDiffBench_official_a2a_main_20260712/.venv/lib/python3.10/site-packages/a2a/utils/telemetry.py", line 228, in async_wrapper
    result = await func(*args, **kwargs)
  File "/home/wjt/CardDiffBench_official_a2a_main_20260712/.venv/lib/python3.10/site-packages/a2a/server/request_handlers/jsonrpc_handler.py", line 107, in on_message_send
    task_or_message = await self.request_handler.on_message_send(
  File "/home/wjt/CardDiffBench_official_a2a_main_20260712/.venv/lib/python3.10/site-packages/a2a/utils/telemetry.py", line 228, in async_wrapper
    result = await func(*args, **kwargs)
  File "/home/wjt/CardDiffBench_official_a2a_main_20260712/.venv/lib/python3.10/site-packages/a2a/server/request_handlers/default_request_handler.py", line 348, in on_message_send
    await self._cleanup_producer(producer_task, task_id)
  File "/home/wjt/CardDiffBench_official_a2a_main_20260712/.venv/lib/python3.10/site-packages/a2a/utils/telemetry.py", line 228, in async_wrapper
    result = await func(*args, **kwargs)
  File "/home/wjt/CardDiffBench_official_a2a_main_20260712/.venv/lib/python3.10/site-packages/a2a/server/request_handlers/default_request_handler.py", line 445, in _cleanup_producer
    await producer_task
  File "/home/wjt/CardDiffBench_official_a2a_main_20260712/.venv/lib/python3.10/site-packages/a2a/utils/telemetry.py", line 228, in async_wrapper
    result = await func(*args, **kwargs)
  File "/home/wjt/CardDiffBench_official_a2a_main_20260712/.venv/lib/python3.10/site-packages/a2a/server/request_handlers/default_request_handler.py", line 196, in _run_event_stream
    await self.agent_executor.execute(request, queue)
  File "/home/wjt/CardDiffBench_official_a2a_main_20260712/harness/transfer/official_a2a_peer.py", line 77, in execute
    artifact = self.env._response_artifact(body=body, identity=identity, scopes=scopes,
  File "/home/wjt/CardDiffBench_official_a2a_main_20260712/harness/downstream/impact_env.py", line 353, in _response_artifact
    raise RuntimeError(f"protocol adapter {version} could not encode the worker result")
RuntimeError: protocol adapter 1.0-primary could not encode the worker result
Request Error (ID: 80d36601-5f60-4a7f-a784-fef941f06c32): Code=-32603, Message='protocol adapter 1.0-primary could not encode the worker result'
Agent execution failed
Traceback (most recent call last):
  File "/home/wjt/CardDiffBench_official_a2a_main_20260712/sut/transfer/official_a2a_protocol.py", line 27, in run_async
    asyncio.get_running_loop()
RuntimeError: no running event loop

During handling of the above exception, another exception occurred:

Traceback (most recent call last):
  File "/home/wjt/CardDiffBench_official_a2a_main_20260712/.venv/lib/python3.10/site-packages/a2a/server/request_handlers/default_request_handler.py", line 326, in on_message_send
    ) = await result_aggregator.consume_and_break_on_interrupt(
  File "/home/wjt/CardDiffBench_official_a2a_main_20260712/.venv/lib/python3.10/site-packages/a2a/server/tasks/result_aggregator.py", line 135, in consume_and_break_on_interrupt
    async for event in event_stream:
  File "/home/wjt/CardDiffBench_official_a2a_main_20260712/.venv/lib/python3.10/site-packages/a2a/server/events/event_consumer.py", line 87, in consume_all
    raise self._exception
  File "/home/wjt/CardDiffBench_official_a2a_main_20260712/.venv/lib/python3.10/site-packages/a2a/utils/telemetry.py", line 228, in async_wrapper
    result = await func(*args, **kwargs)
  File "/home/wjt/CardDiffBench_official_a2a_main_20260712/.venv/lib/python3.10/site-packages/a2a/server/request_handlers/default_request_handler.py", line 196, in _run_event_stream
    await self.agent_executor.execute(request, queue)
  File "/home/wjt/CardDiffBench_official_a2a_main_20260712/harness/transfer/official_a2a_peer.py", line 77, in execute
    artifact = self.env._response_artifact(body=body, identity=identity, scopes=scopes,
  File "/home/wjt/CardDiffBench_official_a2a_main_20260712/harness/downstream/impact_env.py", line 353, in _response_artifact
    raise RuntimeError(f"protocol adapter {version} could not encode the worker result")
RuntimeError: protocol adapter 1.0-primary could not encode the worker result
Unhandled exception
Traceback (most recent call last):
  File "/home/wjt/CardDiffBench_official_a2a_main_20260712/sut/transfer/official_a2a_protocol.py", line 27, in run_async
    asyncio.get_running_loop()
RuntimeError: no running event loop

During handling of the above exception, another exception occurred:

Traceback (most recent call last):
  File "/home/wjt/CardDiffBench_official_a2a_main_20260712/.venv/lib/python3.10/site-packages/a2a/server/apps/jsonrpc/jsonrpc_app.py", line 384, in _handle_requests
    return await self._process_non_streaming_request(
  File "/home/wjt/CardDiffBench_official_a2a_main_20260712/.venv/lib/python3.10/site-packages/a2a/server/apps/jsonrpc/jsonrpc_app.py", line 464, in _process_non_streaming_request
    handler_result = await self.handler.on_message_send(
  File "/home/wjt/CardDiffBench_official_a2a_main_20260712/.venv/lib/python3.10/site-packages/a2a/utils/telemetry.py", line 228, in async_wrapper
    result = await func(*args, **kwargs)
  File "/home/wjt/CardDiffBench_official_a2a_main_20260712/.venv/lib/python3.10/site-packages/a2a/server/request_handlers/jsonrpc_handler.py", line 107, in on_message_send
    task_or_message = await self.request_handler.on_message_send(
  File "/home/wjt/CardDiffBench_official_a2a_main_20260712/.venv/lib/python3.10/site-packages/a2a/utils/telemetry.py", line 228, in async_wrapper
    result = await func(*args, **kwargs)
  File "/home/wjt/CardDiffBench_official_a2a_main_20260712/.venv/lib/python3.10/site-packages/a2a/server/request_handlers/default_request_handler.py", line 348, in on_message_send
    await self._cleanup_producer(producer_task, task_id)
  File "/home/wjt/CardDiffBench_official_a2a_main_20260712/.venv/lib/python3.10/site-packages/a2a/utils/telemetry.py", line 228, in async_wrapper
    result = await func(*args, **kwargs)
  File "/home/wjt/CardDiffBench_official_a2a_main_20260712/.venv/lib/python3.10/site-packages/a2a/server/request_handlers/default_request_handler.py", line 445, in _cleanup_producer
    await producer_task
  File "/home/wjt/CardDiffBench_official_a2a_main_20260712/.venv/lib/python3.10/site-packages/a2a/utils/telemetry.py", line 228, in async_wrapper
    result = await func(*args, **kwargs)
  File "/home/wjt/CardDiffBench_official_a2a_main_20260712/.venv/lib/python3.10/site-packages/a2a/server/request_handlers/default_request_handler.py", line 196, in _run_event_stream
    await self.agent_executor.execute(request, queue)
  File "/home/wjt/CardDiffBench_official_a2a_main_20260712/harness/transfer/official_a2a_peer.py", line 77, in execute
    artifact = self.env._response_artifact(body=body, identity=identity, scopes=scopes,
  File "/home/wjt/CardDiffBench_official_a2a_main_20260712/harness/downstream/impact_env.py", line 353, in _response_artifact
    raise RuntimeError(f"protocol adapter {version} could not encode the worker result")
RuntimeError: protocol adapter 1.0-primary could not encode the worker result
Request Error (ID: 47131769-f302-42db-8a58-4f124f26ab89): Code=-32603, Message='protocol adapter 1.0-primary could not encode the worker result'
Agent execution failed
Traceback (most recent call last):
  File "/home/wjt/CardDiffBench_official_a2a_main_20260712/sut/transfer/official_a2a_protocol.py", line 27, in run_async
    asyncio.get_running_loop()
RuntimeError: no running event loop

During handling of the above exception, another exception occurred:

Traceback (most recent call last):
  File "/home/wjt/CardDiffBench_official_a2a_main_20260712/.venv/lib/python3.10/site-packages/a2a/server/request_handlers/default_request_handler.py", line 326, in on_message_send
    ) = await result_aggregator.consume_and_break_on_interrupt(
  File "/home/wjt/CardDiffBench_official_a2a_main_20260712/.venv/lib/python3.10/site-packages/a2a/server/tasks/result_aggregator.py", line 135, in consume_and_break_on_interrupt
    async for event in event_stream:
  File "/home/wjt/CardDiffBench_official_a2a_main_20260712/.venv/lib/python3.10/site-packages/a2a/server/events/event_consumer.py", line 87, in consume_all
    raise self._exception
  File "/home/wjt/CardDiffBench_official_a2a_main_20260712/.venv/lib/python3.10/site-packages/a2a/utils/telemetry.py", line 228, in async_wrapper
    result = await func(*args, **kwargs)
  File "/home/wjt/CardDiffBench_official_a2a_main_20260712/.venv/lib/python3.10/site-packages/a2a/server/request_handlers/default_request_handler.py", line 196, in _run_event_stream
    await self.agent_executor.execute(request, queue)
  File "/home/wjt/CardDiffBench_official_a2a_main_20260712/harness/transfer/official_a2a_peer.py", line 77, in execute
    artifact = self.env._response_artifact(body=body, identity=identity, scopes=scopes,
  File "/home/wjt/CardDiffBench_official_a2a_main_20260712/harness/downstream/impact_env.py", line 353, in _response_artifact
    raise RuntimeError(f"protocol adapter {version} could not encode the worker result")
RuntimeError: protocol adapter 1.0-primary could not encode the worker result
Unhandled exception
Traceback (most recent call last):
  File "/home/wjt/CardDiffBench_official_a2a_main_20260712/sut/transfer/official_a2a_protocol.py", line 27, in run_async
    asyncio.get_running_loop()
RuntimeError: no running event loop

During handling of the above exception, another exception occurred:

Traceback (most recent call last):
  File "/home/wjt/CardDiffBench_official_a2a_main_20260712/.venv/lib/python3.10/site-packages/a2a/server/apps/jsonrpc/jsonrpc_app.py", line 384, in _handle_requests
    return await self._process_non_streaming_request(
  File "/home/wjt/CardDiffBench_official_a2a_main_20260712/.venv/lib/python3.10/site-packages/a2a/server/apps/jsonrpc/jsonrpc_app.py", line 464, in _process_non_streaming_request
    handler_result = await self.handler.on_message_send(
  File "/home/wjt/CardDiffBench_official_a2a_main_20260712/.venv/lib/python3.10/site-packages/a2a/utils/telemetry.py", line 228, in async_wrapper
    result = await func(*args, **kwargs)
  File "/home/wjt/CardDiffBench_official_a2a_main_20260712/.venv/lib/python3.10/site-packages/a2a/server/request_handlers/jsonrpc_handler.py", line 107, in on_message_send
    task_or_message = await self.request_handler.on_message_send(
  File "/home/wjt/CardDiffBench_official_a2a_main_20260712/.venv/lib/python3.10/site-packages/a2a/utils/telemetry.py", line 228, in async_wrapper
    result = await func(*args, **kwargs)
  File "/home/wjt/CardDiffBench_official_a2a_main_20260712/.venv/lib/python3.10/site-packages/a2a/server/request_handlers/default_request_handler.py", line 348, in on_message_send
    await self._cleanup_producer(producer_task, task_id)
  File "/home/wjt/CardDiffBench_official_a2a_main_20260712/.venv/lib/python3.10/site-packages/a2a/utils/telemetry.py", line 228, in async_wrapper
    result = await func(*args, **kwargs)
  File "/home/wjt/CardDiffBench_official_a2a_main_20260712/.venv/lib/python3.10/site-packages/a2a/server/request_handlers/default_request_handler.py", line 445, in _cleanup_producer
    await producer_task
  File "/home/wjt/CardDiffBench_official_a2a_main_20260712/.venv/lib/python3.10/site-packages/a2a/utils/telemetry.py", line 228, in async_wrapper
    result = await func(*args, **kwargs)
  File "/home/wjt/CardDiffBench_official_a2a_main_20260712/.venv/lib/python3.10/site-packages/a2a/server/request_handlers/default_request_handler.py", line 196, in _run_event_stream
    await self.agent_executor.execute(request, queue)
  File "/home/wjt/CardDiffBench_official_a2a_main_20260712/harness/transfer/official_a2a_peer.py", line 77, in execute
    artifact = self.env._response_artifact(body=body, identity=identity, scopes=scopes,
  File "/home/wjt/CardDiffBench_official_a2a_main_20260712/harness/downstream/impact_env.py", line 353, in _response_artifact
    raise RuntimeError(f"protocol adapter {version} could not encode the worker result")
RuntimeError: protocol adapter 1.0-primary could not encode the worker result
Request Error (ID: f672f11b-e726-45eb-b268-c02b20f23946): Code=-32603, Message='protocol adapter 1.0-primary could not encode the worker result'
Agent execution failed
Traceback (most recent call last):
  File "/home/wjt/CardDiffBench_official_a2a_main_20260712/sut/transfer/official_a2a_protocol.py", line 27, in run_async
    asyncio.get_running_loop()
RuntimeError: no running event loop

During handling of the above exception, another exception occurred:

Traceback (most recent call last):
  File "/home/wjt/CardDiffBench_official_a2a_main_20260712/.venv/lib/python3.10/site-packages/a2a/server/request_handlers/default_request_handler.py", line 326, in on_message_send
    ) = await result_aggregator.consume_and_break_on_interrupt(
  File "/home/wjt/CardDiffBench_official_a2a_main_20260712/.venv/lib/python3.10/site-packages/a2a/server/tasks/result_aggregator.py", line 135, in consume_and_break_on_interrupt
    async for event in event_stream:
  File "/home/wjt/CardDiffBench_official_a2a_main_20260712/.venv/lib/python3.10/site-packages/a2a/server/events/event_consumer.py", line 87, in consume_all
    raise self._exception
  File "/home/wjt/CardDiffBench_official_a2a_main_20260712/.venv/lib/python3.10/site-packages/a2a/utils/telemetry.py", line 228, in async_wrapper
    result = await func(*args, **kwargs)
  File "/home/wjt/CardDiffBench_official_a2a_main_20260712/.venv/lib/python3.10/site-packages/a2a/server/request_handlers/default_request_handler.py", line 196, in _run_event_stream
    await self.agent_executor.execute(request, queue)
  File "/home/wjt/CardDiffBench_official_a2a_main_20260712/harness/transfer/official_a2a_peer.py", line 77, in execute
    artifact = self.env._response_artifact(body=body, identity=identity, scopes=scopes,
  File "/home/wjt/CardDiffBench_official_a2a_main_20260712/harness/downstream/impact_env.py", line 353, in _response_artifact
    raise RuntimeError(f"protocol adapter {version} could not encode the worker result")
RuntimeError: protocol adapter 1.0-primary could not encode the worker result
Unhandled exception
Traceback (most recent call last):
  File "/home/wjt/CardDiffBench_official_a2a_main_20260712/sut/transfer/official_a2a_protocol.py", line 27, in run_async
    asyncio.get_running_loop()
RuntimeError: no running event loop

During handling of the above exception, another exception occurred:

Traceback (most recent call last):
  File "/home/wjt/CardDiffBench_official_a2a_main_20260712/.venv/lib/python3.10/site-packages/a2a/server/apps/jsonrpc/jsonrpc_app.py", line 384, in _handle_requests
    return await self._process_non_streaming_request(
  File "/home/wjt/CardDiffBench_official_a2a_main_20260712/.venv/lib/python3.10/site-packages/a2a/server/apps/jsonrpc/jsonrpc_app.py", line 464, in _process_non_streaming_request
    handler_result = await self.handler.on_message_send(
  File "/home/wjt/CardDiffBench_official_a2a_main_20260712/.venv/lib/python3.10/site-packages/a2a/utils/telemetry.py", line 228, in async_wrapper
    result = await func(*args, **kwargs)
  File "/home/wjt/CardDiffBench_official_a2a_main_20260712/.venv/lib/python3.10/site-packages/a2a/server/request_handlers/jsonrpc_handler.py", line 107, in on_message_send
    task_or_message = await self.request_handler.on_message_send(
  File "/home/wjt/CardDiffBench_official_a2a_main_20260712/.venv/lib/python3.10/site-packages/a2a/utils/telemetry.py", line 228, in async_wrapper
    result = await func(*args, **kwargs)
  File "/home/wjt/CardDiffBench_official_a2a_main_20260712/.venv/lib/python3.10/site-packages/a2a/server/request_handlers/default_request_handler.py", line 348, in on_message_send
    await self._cleanup_producer(producer_task, task_id)
  File "/home/wjt/CardDiffBench_official_a2a_main_20260712/.venv/lib/python3.10/site-packages/a2a/utils/telemetry.py", line 228, in async_wrapper
    result = await func(*args, **kwargs)
  File "/home/wjt/CardDiffBench_official_a2a_main_20260712/.venv/lib/python3.10/site-packages/a2a/server/request_handlers/default_request_handler.py", line 445, in _cleanup_producer
    await producer_task
  File "/home/wjt/CardDiffBench_official_a2a_main_20260712/.venv/lib/python3.10/site-packages/a2a/utils/telemetry.py", line 228, in async_wrapper
    result = await func(*args, **kwargs)
  File "/home/wjt/CardDiffBench_official_a2a_main_20260712/.venv/lib/python3.10/site-packages/a2a/server/request_handlers/default_request_handler.py", line 196, in _run_event_stream
    await self.agent_executor.execute(request, queue)
  File "/home/wjt/CardDiffBench_official_a2a_main_20260712/harness/transfer/official_a2a_peer.py", line 77, in execute
    artifact = self.env._response_artifact(body=body, identity=identity, scopes=scopes,
  File "/home/wjt/CardDiffBench_official_a2a_main_20260712/harness/downstream/impact_env.py", line 353, in _response_artifact
    raise RuntimeError(f"protocol adapter {version} could not encode the worker result")
RuntimeError: protocol adapter 1.0-primary could not encode the worker result
Request Error (ID: 02600005-7fac-4801-80ca-aae18397a245): Code=-32603, Message='protocol adapter 1.0-primary could not encode the worker result'
Agent execution failed
Traceback (most recent call last):
  File "/home/wjt/CardDiffBench_official_a2a_main_20260712/sut/transfer/official_a2a_protocol.py", line 27, in run_async
    asyncio.get_running_loop()
RuntimeError: no running event loop

During handling of the above exception, another exception occurred:

Traceback (most recent call last):
  File "/home/wjt/CardDiffBench_official_a2a_main_20260712/.venv/lib/python3.10/site-packages/a2a/server/request_handlers/default_request_handler.py", line 326, in on_message_send
    ) = await result_aggregator.consume_and_break_on_interrupt(
  File "/home/wjt/CardDiffBench_official_a2a_main_20260712/.venv/lib/python3.10/site-packages/a2a/server/tasks/result_aggregator.py", line 135, in consume_and_break_on_interrupt
    async for event in event_stream:
  File "/home/wjt/CardDiffBench_official_a2a_main_20260712/.venv/lib/python3.10/site-packages/a2a/server/events/event_consumer.py", line 87, in consume_all
    raise self._exception
  File "/home/wjt/CardDiffBench_official_a2a_main_20260712/.venv/lib/python3.10/site-packages/a2a/utils/telemetry.py", line 228, in async_wrapper
    result = await func(*args, **kwargs)
  File "/home/wjt/CardDiffBench_official_a2a_main_20260712/.venv/lib/python3.10/site-packages/a2a/server/request_handlers/default_request_handler.py", line 196, in _run_event_stream
    await self.agent_executor.execute(request, queue)
  File "/home/wjt/CardDiffBench_official_a2a_main_20260712/harness/transfer/official_a2a_peer.py", line 77, in execute
    artifact = self.env._response_artifact(body=body, identity=identity, scopes=scopes,
  File "/home/wjt/CardDiffBench_official_a2a_main_20260712/harness/downstream/impact_env.py", line 353, in _response_artifact
    raise RuntimeError(f"protocol adapter {version} could not encode the worker result")
RuntimeError: protocol adapter 1.0-primary could not encode the worker result
Unhandled exception
Traceback (most recent call last):
  File "/home/wjt/CardDiffBench_official_a2a_main_20260712/sut/transfer/official_a2a_protocol.py", line 27, in run_async
    asyncio.get_running_loop()
RuntimeError: no running event loop

During handling of the above exception, another exception occurred:

Traceback (most recent call last):
  File "/home/wjt/CardDiffBench_official_a2a_main_20260712/.venv/lib/python3.10/site-packages/a2a/server/apps/jsonrpc/jsonrpc_app.py", line 384, in _handle_requests
    return await self._process_non_streaming_request(
  File "/home/wjt/CardDiffBench_official_a2a_main_20260712/.venv/lib/python3.10/site-packages/a2a/server/apps/jsonrpc/jsonrpc_app.py", line 464, in _process_non_streaming_request
    handler_result = await self.handler.on_message_send(
  File "/home/wjt/CardDiffBench_official_a2a_main_20260712/.venv/lib/python3.10/site-packages/a2a/utils/telemetry.py", line 228, in async_wrapper
    result = await func(*args, **kwargs)
  File "/home/wjt/CardDiffBench_official_a2a_main_20260712/.venv/lib/python3.10/site-packages/a2a/server/request_handlers/jsonrpc_handler.py", line 107, in on_message_send
    task_or_message = await self.request_handler.on_message_send(
  File "/home/wjt/CardDiffBench_official_a2a_main_20260712/.venv/lib/python3.10/site-packages/a2a/utils/telemetry.py", line 228, in async_wrapper
    result = await func(*args, **kwargs)
  File "/home/wjt/CardDiffBench_official_a2a_main_20260712/.venv/lib/python3.10/site-packages/a2a/server/request_handlers/default_request_handler.py", line 348, in on_message_send
    await self._cleanup_producer(producer_task, task_id)
  File "/home/wjt/CardDiffBench_official_a2a_main_20260712/.venv/lib/python3.10/site-packages/a2a/utils/telemetry.py", line 228, in async_wrapper
    result = await func(*args, **kwargs)
  File "/home/wjt/CardDiffBench_official_a2a_main_20260712/.venv/lib/python3.10/site-packages/a2a/server/request_handlers/default_request_handler.py", line 445, in _cleanup_producer
    await producer_task
  File "/home/wjt/CardDiffBench_official_a2a_main_20260712/.venv/lib/python3.10/site-packages/a2a/utils/telemetry.py", line 228, in async_wrapper
    result = await func(*args, **kwargs)
  File "/home/wjt/CardDiffBench_official_a2a_main_20260712/.venv/lib/python3.10/site-packages/a2a/server/request_handlers/default_request_handler.py", line 196, in _run_event_stream
    await self.agent_executor.execute(request, queue)
  File "/home/wjt/CardDiffBench_official_a2a_main_20260712/harness/transfer/official_a2a_peer.py", line 77, in execute
    artifact = self.env._response_artifact(body=body, identity=identity, scopes=scopes,
  File "/home/wjt/CardDiffBench_official_a2a_main_20260712/harness/downstream/impact_env.py", line 353, in _response_artifact
    raise RuntimeError(f"protocol adapter {version} could not encode the worker result")
RuntimeError: protocol adapter 1.0-primary could not encode the worker result
Request Error (ID: 4585cff4-2cfe-4403-9bab-b73dbfbd703e): Code=-32603, Message='protocol adapter 1.0-primary could not encode the worker result'
Agent execution failed
Traceback (most recent call last):
  File "/home/wjt/CardDiffBench_official_a2a_main_20260712/sut/transfer/official_a2a_protocol.py", line 27, in run_async
    asyncio.get_running_loop()
RuntimeError: no running event loop

During handling of the above exception, another exception occurred:

Traceback (most recent call last):
  File "/home/wjt/CardDiffBench_official_a2a_main_20260712/.venv/lib/python3.10/site-packages/a2a/server/request_handlers/default_request_handler.py", line 326, in on_message_send
    ) = await result_aggregator.consume_and_break_on_interrupt(
  File "/home/wjt/CardDiffBench_official_a2a_main_20260712/.venv/lib/python3.10/site-packages/a2a/server/tasks/result_aggregator.py", line 135, in consume_and_break_on_interrupt
    async for event in event_stream:
  File "/home/wjt/CardDiffBench_official_a2a_main_20260712/.venv/lib/python3.10/site-packages/a2a/server/events/event_consumer.py", line 87, in consume_all
    raise self._exception
  File "/home/wjt/CardDiffBench_official_a2a_main_20260712/.venv/lib/python3.10/site-packages/a2a/utils/telemetry.py", line 228, in async_wrapper
    result = await func(*args, **kwargs)
  File "/home/wjt/CardDiffBench_official_a2a_main_20260712/.venv/lib/python3.10/site-packages/a2a/server/request_handlers/default_request_handler.py", line 196, in _run_event_stream
    await self.agent_executor.execute(request, queue)
  File "/home/wjt/CardDiffBench_official_a2a_main_20260712/harness/transfer/official_a2a_peer.py", line 77, in execute
    artifact = self.env._response_artifact(body=body, identity=identity, scopes=scopes,
  File "/home/wjt/CardDiffBench_official_a2a_main_20260712/harness/downstream/impact_env.py", line 353, in _response_artifact
    raise RuntimeError(f"protocol adapter {version} could not encode the worker result")
RuntimeError: protocol adapter 1.0-primary could not encode the worker result
Unhandled exception
Traceback (most recent call last):
  File "/home/wjt/CardDiffBench_official_a2a_main_20260712/sut/transfer/official_a2a_protocol.py", line 27, in run_async
    asyncio.get_running_loop()
RuntimeError: no running event loop

During handling of the above exception, another exception occurred:

Traceback (most recent call last):
  File "/home/wjt/CardDiffBench_official_a2a_main_20260712/.venv/lib/python3.10/site-packages/a2a/server/apps/jsonrpc/jsonrpc_app.py", line 384, in _handle_requests
    return await self._process_non_streaming_request(
  File "/home/wjt/CardDiffBench_official_a2a_main_20260712/.venv/lib/python3.10/site-packages/a2a/server/apps/jsonrpc/jsonrpc_app.py", line 464, in _process_non_streaming_request
    handler_result = await self.handler.on_message_send(
  File "/home/wjt/CardDiffBench_official_a2a_main_20260712/.venv/lib/python3.10/site-packages/a2a/utils/telemetry.py", line 228, in async_wrapper
    result = await func(*args, **kwargs)
  File "/home/wjt/CardDiffBench_official_a2a_main_20260712/.venv/lib/python3.10/site-packages/a2a/server/request_handlers/jsonrpc_handler.py", line 107, in on_message_send
    task_or_message = await self.request_handler.on_message_send(
  File "/home/wjt/CardDiffBench_official_a2a_main_20260712/.venv/lib/python3.10/site-packages/a2a/utils/telemetry.py", line 228, in async_wrapper
    result = await func(*args, **kwargs)
  File "/home/wjt/CardDiffBench_official_a2a_main_20260712/.venv/lib/python3.10/site-packages/a2a/server/request_handlers/default_request_handler.py", line 348, in on_message_send
    await self._cleanup_producer(producer_task, task_id)
  File "/home/wjt/CardDiffBench_official_a2a_main_20260712/.venv/lib/python3.10/site-packages/a2a/utils/telemetry.py", line 228, in async_wrapper
    result = await func(*args, **kwargs)
  File "/home/wjt/CardDiffBench_official_a2a_main_20260712/.venv/lib/python3.10/site-packages/a2a/server/request_handlers/default_request_handler.py", line 445, in _cleanup_producer
    await producer_task
  File "/home/wjt/CardDiffBench_official_a2a_main_20260712/.venv/lib/python3.10/site-packages/a2a/utils/telemetry.py", line 228, in async_wrapper
    result = await func(*args, **kwargs)
  File "/home/wjt/CardDiffBench_official_a2a_main_20260712/.venv/lib/python3.10/site-packages/a2a/server/request_handlers/default_request_handler.py", line 196, in _run_event_stream
    await self.agent_executor.execute(request, queue)
  File "/home/wjt/CardDiffBench_official_a2a_main_20260712/harness/transfer/official_a2a_peer.py", line 77, in execute
    artifact = self.env._response_artifact(body=body, identity=identity, scopes=scopes,
  File "/home/wjt/CardDiffBench_official_a2a_main_20260712/harness/downstream/impact_env.py", line 353, in _response_artifact
    raise RuntimeError(f"protocol adapter {version} could not encode the worker result")
RuntimeError: protocol adapter 1.0-primary could not encode the worker result
Request Error (ID: 50324a73-fbb4-4818-a748-bcd851075b6b): Code=-32603, Message='protocol adapter 1.0-primary could not encode the worker result'
Agent execution failed
Traceback (most recent call last):
  File "/home/wjt/CardDiffBench_official_a2a_main_20260712/sut/transfer/official_a2a_protocol.py", line 27, in run_async
    asyncio.get_running_loop()
RuntimeError: no running event loop

During handling of the above exception, another exception occurred:

Traceback (most recent call last):
  File "/home/wjt/CardDiffBench_official_a2a_main_20260712/.venv/lib/python3.10/site-packages/a2a/server/request_handlers/default_request_handler.py", line 326, in on_message_send
    ) = await result_aggregator.consume_and_break_on_interrupt(
  File "/home/wjt/CardDiffBench_official_a2a_main_20260712/.venv/lib/python3.10/site-packages/a2a/server/tasks/result_aggregator.py", line 135, in consume_and_break_on_interrupt
    async for event in event_stream:
  File "/home/wjt/CardDiffBench_official_a2a_main_20260712/.venv/lib/python3.10/site-packages/a2a/server/events/event_consumer.py", line 87, in consume_all
    raise self._exception
  File "/home/wjt/CardDiffBench_official_a2a_main_20260712/.venv/lib/python3.10/site-packages/a2a/utils/telemetry.py", line 228, in async_wrapper
    result = await func(*args, **kwargs)
  File "/home/wjt/CardDiffBench_official_a2a_main_20260712/.venv/lib/python3.10/site-packages/a2a/server/request_handlers/default_request_handler.py", line 196, in _run_event_stream
    await self.agent_executor.execute(request, queue)
  File "/home/wjt/CardDiffBench_official_a2a_main_20260712/harness/transfer/official_a2a_peer.py", line 77, in execute
    artifact = self.env._response_artifact(body=body, identity=identity, scopes=scopes,
  File "/home/wjt/CardDiffBench_official_a2a_main_20260712/harness/downstream/impact_env.py", line 353, in _response_artifact
    raise RuntimeError(f"protocol adapter {version} could not encode the worker result")
RuntimeError: protocol adapter 1.0-primary could not encode the worker result
Unhandled exception
Traceback (most recent call last):
  File "/home/wjt/CardDiffBench_official_a2a_main_20260712/sut/transfer/official_a2a_protocol.py", line 27, in run_async
    asyncio.get_running_loop()
RuntimeError: no running event loop

During handling of the above exception, another exception occurred:

Traceback (most recent call last):
  File "/home/wjt/CardDiffBench_official_a2a_main_20260712/.venv/lib/python3.10/site-packages/a2a/server/apps/jsonrpc/jsonrpc_app.py", line 384, in _handle_requests
    return await self._process_non_streaming_request(
  File "/home/wjt/CardDiffBench_official_a2a_main_20260712/.venv/lib/python3.10/site-packages/a2a/server/apps/jsonrpc/jsonrpc_app.py", line 464, in _process_non_streaming_request
    handler_result = await self.handler.on_message_send(
  File "/home/wjt/CardDiffBench_official_a2a_main_20260712/.venv/lib/python3.10/site-packages/a2a/utils/telemetry.py", line 228, in async_wrapper
    result = await func(*args, **kwargs)
  File "/home/wjt/CardDiffBench_official_a2a_main_20260712/.venv/lib/python3.10/site-packages/a2a/server/request_handlers/jsonrpc_handler.py", line 107, in on_message_send
    task_or_message = await self.request_handler.on_message_send(
  File "/home/wjt/CardDiffBench_official_a2a_main_20260712/.venv/lib/python3.10/site-packages/a2a/utils/telemetry.py", line 228, in async_wrapper
    result = await func(*args, **kwargs)
  File "/home/wjt/CardDiffBench_official_a2a_main_20260712/.venv/lib/python3.10/site-packages/a2a/server/request_handlers/default_request_handler.py", line 348, in on_message_send
    await self._cleanup_producer(producer_task, task_id)
  File "/home/wjt/CardDiffBench_official_a2a_main_20260712/.venv/lib/python3.10/site-packages/a2a/utils/telemetry.py", line 228, in async_wrapper
    result = await func(*args, **kwargs)
  File "/home/wjt/CardDiffBench_official_a2a_main_20260712/.venv/lib/python3.10/site-packages/a2a/server/request_handlers/default_request_handler.py", line 445, in _cleanup_producer
    await producer_task
  File "/home/wjt/CardDiffBench_official_a2a_main_20260712/.venv/lib/python3.10/site-packages/a2a/utils/telemetry.py", line 228, in async_wrapper
    result = await func(*args, **kwargs)
  File "/home/wjt/CardDiffBench_official_a2a_main_20260712/.venv/lib/python3.10/site-packages/a2a/server/request_handlers/default_request_handler.py", line 196, in _run_event_stream
    await self.agent_executor.execute(request, queue)
  File "/home/wjt/CardDiffBench_official_a2a_main_20260712/harness/transfer/official_a2a_peer.py", line 77, in execute
    artifact = self.env._response_artifact(body=body, identity=identity, scopes=scopes,
  File "/home/wjt/CardDiffBench_official_a2a_main_20260712/harness/downstream/impact_env.py", line 353, in _response_artifact
    raise RuntimeError(f"protocol adapter {version} could not encode the worker result")
RuntimeError: protocol adapter 1.0-primary could not encode the worker result
Request Error (ID: fac573e6-c3e9-41ef-b948-9eb229ea5106): Code=-32603, Message='protocol adapter 1.0-primary could not encode the worker result'
Agent execution failed
Traceback (most recent call last):
  File "/home/wjt/CardDiffBench_official_a2a_main_20260712/sut/transfer/official_a2a_protocol.py", line 27, in run_async
    asyncio.get_running_loop()
RuntimeError: no running event loop

During handling of the above exception, another exception occurred:

Traceback (most recent call last):
  File "/home/wjt/CardDiffBench_official_a2a_main_20260712/.venv/lib/python3.10/site-packages/a2a/server/request_handlers/default_request_handler.py", line 326, in on_message_send
    ) = await result_aggregator.consume_and_break_on_interrupt(
  File "/home/wjt/CardDiffBench_official_a2a_main_20260712/.venv/lib/python3.10/site-packages/a2a/server/tasks/result_aggregator.py", line 135, in consume_and_break_on_interrupt
    async for event in event_stream:
  File "/home/wjt/CardDiffBench_official_a2a_main_20260712/.venv/lib/python3.10/site-packages/a2a/server/events/event_consumer.py", line 87, in consume_all
    raise self._exception
  File "/home/wjt/CardDiffBench_official_a2a_main_20260712/.venv/lib/python3.10/site-packages/a2a/utils/telemetry.py", line 228, in async_wrapper
    result = await func(*args, **kwargs)
  File "/home/wjt/CardDiffBench_official_a2a_main_20260712/.venv/lib/python3.10/site-packages/a2a/server/request_handlers/default_request_handler.py", line 196, in _run_event_stream
    await self.agent_executor.execute(request, queue)
  File "/home/wjt/CardDiffBench_official_a2a_main_20260712/harness/transfer/official_a2a_peer.py", line 77, in execute
    artifact = self.env._response_artifact(body=body, identity=identity, scopes=scopes,
  File "/home/wjt/CardDiffBench_official_a2a_main_20260712/harness/downstream/impact_env.py", line 353, in _response_artifact
    raise RuntimeError(f"protocol adapter {version} could not encode the worker result")
RuntimeError: protocol adapter 1.0-primary could not encode the worker result
Unhandled exception
Traceback (most recent call last):
  File "/home/wjt/CardDiffBench_official_a2a_main_20260712/sut/transfer/official_a2a_protocol.py", line 27, in run_async
    asyncio.get_running_loop()
RuntimeError: no running event loop

During handling of the above exception, another exception occurred:

Traceback (most recent call last):
  File "/home/wjt/CardDiffBench_official_a2a_main_20260712/.venv/lib/python3.10/site-packages/a2a/server/apps/jsonrpc/jsonrpc_app.py", line 384, in _handle_requests
    return await self._process_non_streaming_request(
  File "/home/wjt/CardDiffBench_official_a2a_main_20260712/.venv/lib/python3.10/site-packages/a2a/server/apps/jsonrpc/jsonrpc_app.py", line 464, in _process_non_streaming_request
    handler_result = await self.handler.on_message_send(
  File "/home/wjt/CardDiffBench_official_a2a_main_20260712/.venv/lib/python3.10/site-packages/a2a/utils/telemetry.py", line 228, in async_wrapper
    result = await func(*args, **kwargs)
  File "/home/wjt/CardDiffBench_official_a2a_main_20260712/.venv/lib/python3.10/site-packages/a2a/server/request_handlers/jsonrpc_handler.py", line 107, in on_message_send
    task_or_message = await self.request_handler.on_message_send(
  File "/home/wjt/CardDiffBench_official_a2a_main_20260712/.venv/lib/python3.10/site-packages/a2a/utils/telemetry.py", line 228, in async_wrapper
    result = await func(*args, **kwargs)
  File "/home/wjt/CardDiffBench_official_a2a_main_20260712/.venv/lib/python3.10/site-packages/a2a/server/request_handlers/default_request_handler.py", line 348, in on_message_send
    await self._cleanup_producer(producer_task, task_id)
  File "/home/wjt/CardDiffBench_official_a2a_main_20260712/.venv/lib/python3.10/site-packages/a2a/utils/telemetry.py", line 228, in async_wrapper
    result = await func(*args, **kwargs)
  File "/home/wjt/CardDiffBench_official_a2a_main_20260712/.venv/lib/python3.10/site-packages/a2a/server/request_handlers/default_request_handler.py", line 445, in _cleanup_producer
    await producer_task
  File "/home/wjt/CardDiffBench_official_a2a_main_20260712/.venv/lib/python3.10/site-packages/a2a/utils/telemetry.py", line 228, in async_wrapper
    result = await func(*args, **kwargs)
  File "/home/wjt/CardDiffBench_official_a2a_main_20260712/.venv/lib/python3.10/site-packages/a2a/server/request_handlers/default_request_handler.py", line 196, in _run_event_stream
    await self.agent_executor.execute(request, queue)
  File "/home/wjt/CardDiffBench_official_a2a_main_20260712/harness/transfer/official_a2a_peer.py", line 77, in execute
    artifact = self.env._response_artifact(body=body, identity=identity, scopes=scopes,
  File "/home/wjt/CardDiffBench_official_a2a_main_20260712/harness/downstream/impact_env.py", line 353, in _response_artifact
    raise RuntimeError(f"protocol adapter {version} could not encode the worker result")
RuntimeError: protocol adapter 1.0-primary could not encode the worker result
Request Error (ID: cb094933-d0fe-4767-a2c7-1b098f8bb6f6): Code=-32603, Message='protocol adapter 1.0-primary could not encode the worker result'
Agent execution failed
Traceback (most recent call last):
  File "/home/wjt/CardDiffBench_official_a2a_main_20260712/sut/transfer/official_a2a_protocol.py", line 27, in run_async
    asyncio.get_running_loop()
RuntimeError: no running event loop

During handling of the above exception, another exception occurred:

Traceback (most recent call last):
  File "/home/wjt/CardDiffBench_official_a2a_main_20260712/.venv/lib/python3.10/site-packages/a2a/server/request_handlers/default_request_handler.py", line 326, in on_message_send
    ) = await result_aggregator.consume_and_break_on_interrupt(
  File "/home/wjt/CardDiffBench_official_a2a_main_20260712/.venv/lib/python3.10/site-packages/a2a/server/tasks/result_aggregator.py", line 135, in consume_and_break_on_interrupt
    async for event in event_stream:
  File "/home/wjt/CardDiffBench_official_a2a_main_20260712/.venv/lib/python3.10/site-packages/a2a/server/events/event_consumer.py", line 87, in consume_all
    raise self._exception
  File "/home/wjt/CardDiffBench_official_a2a_main_20260712/.venv/lib/python3.10/site-packages/a2a/utils/telemetry.py", line 228, in async_wrapper
    result = await func(*args, **kwargs)
  File "/home/wjt/CardDiffBench_official_a2a_main_20260712/.venv/lib/python3.10/site-packages/a2a/server/request_handlers/default_request_handler.py", line 196, in _run_event_stream
    await self.agent_executor.execute(request, queue)
  File "/home/wjt/CardDiffBench_official_a2a_main_20260712/harness/transfer/official_a2a_peer.py", line 77, in execute
    artifact = self.env._response_artifact(body=body, identity=identity, scopes=scopes,
  File "/home/wjt/CardDiffBench_official_a2a_main_20260712/harness/downstream/impact_env.py", line 353, in _response_artifact
    raise RuntimeError(f"protocol adapter {version} could not encode the worker result")
RuntimeError: protocol adapter 1.0-primary could not encode the worker result
Unhandled exception
Traceback (most recent call last):
  File "/home/wjt/CardDiffBench_official_a2a_main_20260712/sut/transfer/official_a2a_protocol.py", line 27, in run_async
    asyncio.get_running_loop()
RuntimeError: no running event loop

During handling of the above exception, another exception occurred:

Traceback (most recent call last):
  File "/home/wjt/CardDiffBench_official_a2a_main_20260712/.venv/lib/python3.10/site-packages/a2a/server/apps/jsonrpc/jsonrpc_app.py", line 384, in _handle_requests
    return await self._process_non_streaming_request(
  File "/home/wjt/CardDiffBench_official_a2a_main_20260712/.venv/lib/python3.10/site-packages/a2a/server/apps/jsonrpc/jsonrpc_app.py", line 464, in _process_non_streaming_request
    handler_result = await self.handler.on_message_send(
  File "/home/wjt/CardDiffBench_official_a2a_main_20260712/.venv/lib/python3.10/site-packages/a2a/utils/telemetry.py", line 228, in async_wrapper
    result = await func(*args, **kwargs)
  File "/home/wjt/CardDiffBench_official_a2a_main_20260712/.venv/lib/python3.10/site-packages/a2a/server/request_handlers/jsonrpc_handler.py", line 107, in on_message_send
    task_or_message = await self.request_handler.on_message_send(
  File "/home/wjt/CardDiffBench_official_a2a_main_20260712/.venv/lib/python3.10/site-packages/a2a/utils/telemetry.py", line 228, in async_wrapper
    result = await func(*args, **kwargs)
  File "/home/wjt/CardDiffBench_official_a2a_main_20260712/.venv/lib/python3.10/site-packages/a2a/server/request_handlers/default_request_handler.py", line 348, in on_message_send
    await self._cleanup_producer(producer_task, task_id)
  File "/home/wjt/CardDiffBench_official_a2a_main_20260712/.venv/lib/python3.10/site-packages/a2a/utils/telemetry.py", line 228, in async_wrapper
    result = await func(*args, **kwargs)
  File "/home/wjt/CardDiffBench_official_a2a_main_20260712/.venv/lib/python3.10/site-packages/a2a/server/request_handlers/default_request_handler.py", line 445, in _cleanup_producer
    await producer_task
  File "/home/wjt/CardDiffBench_official_a2a_main_20260712/.venv/lib/python3.10/site-packages/a2a/utils/telemetry.py", line 228, in async_wrapper
    result = await func(*args, **kwargs)
  File "/home/wjt/CardDiffBench_official_a2a_main_20260712/.venv/lib/python3.10/site-packages/a2a/server/request_handlers/default_request_handler.py", line 196, in _run_event_stream
    await self.agent_executor.execute(request, queue)
  File "/home/wjt/CardDiffBench_official_a2a_main_20260712/harness/transfer/official_a2a_peer.py", line 77, in execute
    artifact = self.env._response_artifact(body=body, identity=identity, scopes=scopes,
  File "/home/wjt/CardDiffBench_official_a2a_main_20260712/harness/downstream/impact_env.py", line 353, in _response_artifact
    raise RuntimeError(f"protocol adapter {version} could not encode the worker result")
RuntimeError: protocol adapter 1.0-primary could not encode the worker result
Request Error (ID: e027f411-8368-428c-aacc-9d178c24074f): Code=-32603, Message='protocol adapter 1.0-primary could not encode the worker result'
Agent execution failed
Traceback (most recent call last):
  File "/home/wjt/CardDiffBench_official_a2a_main_20260712/sut/transfer/official_a2a_protocol.py", line 27, in run_async
    asyncio.get_running_loop()
RuntimeError: no running event loop

During handling of the above exception, another exception occurred:

Traceback (most recent call last):
  File "/home/wjt/CardDiffBench_official_a2a_main_20260712/.venv/lib/python3.10/site-packages/a2a/server/request_handlers/default_request_handler.py", line 326, in on_message_send
    ) = await result_aggregator.consume_and_break_on_interrupt(
  File "/home/wjt/CardDiffBench_official_a2a_main_20260712/.venv/lib/python3.10/site-packages/a2a/server/tasks/result_aggregator.py", line 135, in consume_and_break_on_interrupt
    async for event in event_stream:
  File "/home/wjt/CardDiffBench_official_a2a_main_20260712/.venv/lib/python3.10/site-packages/a2a/server/events/event_consumer.py", line 87, in consume_all
    raise self._exception
  File "/home/wjt/CardDiffBench_official_a2a_main_20260712/.venv/lib/python3.10/site-packages/a2a/utils/telemetry.py", line 228, in async_wrapper
    result = await func(*args, **kwargs)
  File "/home/wjt/CardDiffBench_official_a2a_main_20260712/.venv/lib/python3.10/site-packages/a2a/server/request_handlers/default_request_handler.py", line 196, in _run_event_stream
    await self.agent_executor.execute(request, queue)
  File "/home/wjt/CardDiffBench_official_a2a_main_20260712/harness/transfer/official_a2a_peer.py", line 77, in execute
    artifact = self.env._response_artifact(body=body, identity=identity, scopes=scopes,
  File "/home/wjt/CardDiffBench_official_a2a_main_20260712/harness/downstream/impact_env.py", line 353, in _response_artifact
    raise RuntimeError(f"protocol adapter {version} could not encode the worker result")
RuntimeError: protocol adapter 1.0-primary could not encode the worker result
Unhandled exception
Traceback (most recent call last):
  File "/home/wjt/CardDiffBench_official_a2a_main_20260712/sut/transfer/official_a2a_protocol.py", line 27, in run_async
    asyncio.get_running_loop()
RuntimeError: no running event loop

During handling of the above exception, another exception occurred:

Traceback (most recent call last):
  File "/home/wjt/CardDiffBench_official_a2a_main_20260712/.venv/lib/python3.10/site-packages/a2a/server/apps/jsonrpc/jsonrpc_app.py", line 384, in _handle_requests
    return await self._process_non_streaming_request(
  File "/home/wjt/CardDiffBench_official_a2a_main_20260712/.venv/lib/python3.10/site-packages/a2a/server/apps/jsonrpc/jsonrpc_app.py", line 464, in _process_non_streaming_request
    handler_result = await self.handler.on_message_send(
  File "/home/wjt/CardDiffBench_official_a2a_main_20260712/.venv/lib/python3.10/site-packages/a2a/utils/telemetry.py", line 228, in async_wrapper
    result = await func(*args, **kwargs)
  File "/home/wjt/CardDiffBench_official_a2a_main_20260712/.venv/lib/python3.10/site-packages/a2a/server/request_handlers/jsonrpc_handler.py", line 107, in on_message_send
    task_or_message = await self.request_handler.on_message_send(
  File "/home/wjt/CardDiffBench_official_a2a_main_20260712/.venv/lib/python3.10/site-packages/a2a/utils/telemetry.py", line 228, in async_wrapper
    result = await func(*args, **kwargs)
  File "/home/wjt/CardDiffBench_official_a2a_main_20260712/.venv/lib/python3.10/site-packages/a2a/server/request_handlers/default_request_handler.py", line 348, in on_message_send
    await self._cleanup_producer(producer_task, task_id)
  File "/home/wjt/CardDiffBench_official_a2a_main_20260712/.venv/lib/python3.10/site-packages/a2a/utils/telemetry.py", line 228, in async_wrapper
    result = await func(*args, **kwargs)
  File "/home/wjt/CardDiffBench_official_a2a_main_20260712/.venv/lib/python3.10/site-packages/a2a/server/request_handlers/default_request_handler.py", line 445, in _cleanup_producer
    await producer_task
  File "/home/wjt/CardDiffBench_official_a2a_main_20260712/.venv/lib/python3.10/site-packages/a2a/utils/telemetry.py", line 228, in async_wrapper
    result = await func(*args, **kwargs)
  File "/home/wjt/CardDiffBench_official_a2a_main_20260712/.venv/lib/python3.10/site-packages/a2a/server/request_handlers/default_request_handler.py", line 196, in _run_event_stream
    await self.agent_executor.execute(request, queue)
  File "/home/wjt/CardDiffBench_official_a2a_main_20260712/harness/transfer/official_a2a_peer.py", line 77, in execute
    artifact = self.env._response_artifact(body=body, identity=identity, scopes=scopes,
  File "/home/wjt/CardDiffBench_official_a2a_main_20260712/harness/downstream/impact_env.py", line 353, in _response_artifact
    raise RuntimeError(f"protocol adapter {version} could not encode the worker result")
RuntimeError: protocol adapter 1.0-primary could not encode the worker result
Request Error (ID: 932e8055-2df8-43f8-9edb-376fa7161b28): Code=-32603, Message='protocol adapter 1.0-primary could not encode the worker result'
Agent execution failed
Traceback (most recent call last):
  File "/home/wjt/CardDiffBench_official_a2a_main_20260712/sut/transfer/official_a2a_protocol.py", line 27, in run_async
    asyncio.get_running_loop()
RuntimeError: no running event loop

During handling of the above exception, another exception occurred:

Traceback (most recent call last):
  File "/home/wjt/CardDiffBench_official_a2a_main_20260712/.venv/lib/python3.10/site-packages/a2a/server/request_handlers/default_request_handler.py", line 326, in on_message_send
    ) = await result_aggregator.consume_and_break_on_interrupt(
  File "/home/wjt/CardDiffBench_official_a2a_main_20260712/.venv/lib/python3.10/site-packages/a2a/server/tasks/result_aggregator.py", line 135, in consume_and_break_on_interrupt
    async for event in event_stream:
  File "/home/wjt/CardDiffBench_official_a2a_main_20260712/.venv/lib/python3.10/site-packages/a2a/server/events/event_consumer.py", line 87, in consume_all
    raise self._exception
  File "/home/wjt/CardDiffBench_official_a2a_main_20260712/.venv/lib/python3.10/site-packages/a2a/utils/telemetry.py", line 228, in async_wrapper
    result = await func(*args, **kwargs)
  File "/home/wjt/CardDiffBench_official_a2a_main_20260712/.venv/lib/python3.10/site-packages/a2a/server/request_handlers/default_request_handler.py", line 196, in _run_event_stream
    await self.agent_executor.execute(request, queue)
  File "/home/wjt/CardDiffBench_official_a2a_main_20260712/harness/transfer/official_a2a_peer.py", line 77, in execute
    artifact = self.env._response_artifact(body=body, identity=identity, scopes=scopes,
  File "/home/wjt/CardDiffBench_official_a2a_main_20260712/harness/downstream/impact_env.py", line 353, in _response_artifact
    raise RuntimeError(f"protocol adapter {version} could not encode the worker result")
RuntimeError: protocol adapter 1.0-primary could not encode the worker result
Unhandled exception
Traceback (most recent call last):
  File "/home/wjt/CardDiffBench_official_a2a_main_20260712/sut/transfer/official_a2a_protocol.py", line 27, in run_async
    asyncio.get_running_loop()
RuntimeError: no running event loop

During handling of the above exception, another exception occurred:

Traceback (most recent call last):
  File "/home/wjt/CardDiffBench_official_a2a_main_20260712/.venv/lib/python3.10/site-packages/a2a/server/apps/jsonrpc/jsonrpc_app.py", line 384, in _handle_requests
    return await self._process_non_streaming_request(
  File "/home/wjt/CardDiffBench_official_a2a_main_20260712/.venv/lib/python3.10/site-packages/a2a/server/apps/jsonrpc/jsonrpc_app.py", line 464, in _process_non_streaming_request
    handler_result = await self.handler.on_message_send(
  File "/home/wjt/CardDiffBench_official_a2a_main_20260712/.venv/lib/python3.10/site-packages/a2a/utils/telemetry.py", line 228, in async_wrapper
    result = await func(*args, **kwargs)
  File "/home/wjt/CardDiffBench_official_a2a_main_20260712/.venv/lib/python3.10/site-packages/a2a/server/request_handlers/jsonrpc_handler.py", line 107, in on_message_send
    task_or_message = await self.request_handler.on_message_send(
  File "/home/wjt/CardDiffBench_official_a2a_main_20260712/.venv/lib/python3.10/site-packages/a2a/utils/telemetry.py", line 228, in async_wrapper
    result = await func(*args, **kwargs)
  File "/home/wjt/CardDiffBench_official_a2a_main_20260712/.venv/lib/python3.10/site-packages/a2a/server/request_handlers/default_request_handler.py", line 348, in on_message_send
    await self._cleanup_producer(producer_task, task_id)
  File "/home/wjt/CardDiffBench_official_a2a_main_20260712/.venv/lib/python3.10/site-packages/a2a/utils/telemetry.py", line 228, in async_wrapper
    result = await func(*args, **kwargs)
  File "/home/wjt/CardDiffBench_official_a2a_main_20260712/.venv/lib/python3.10/site-packages/a2a/server/request_handlers/default_request_handler.py", line 445, in _cleanup_producer
    await producer_task
  File "/home/wjt/CardDiffBench_official_a2a_main_20260712/.venv/lib/python3.10/site-packages/a2a/utils/telemetry.py", line 228, in async_wrapper
    result = await func(*args, **kwargs)
  File "/home/wjt/CardDiffBench_official_a2a_main_20260712/.venv/lib/python3.10/site-packages/a2a/server/request_handlers/default_request_handler.py", line 196, in _run_event_stream
    await self.agent_executor.execute(request, queue)
  File "/home/wjt/CardDiffBench_official_a2a_main_20260712/harness/transfer/official_a2a_peer.py", line 77, in execute
    artifact = self.env._response_artifact(body=body, identity=identity, scopes=scopes,
  File "/home/wjt/CardDiffBench_official_a2a_main_20260712/harness/downstream/impact_env.py", line 353, in _response_artifact
    raise RuntimeError(f"protocol adapter {version} could not encode the worker result")
RuntimeError: protocol adapter 1.0-primary could not encode the worker result
Request Error (ID: ffd90c60-be9b-4e20-8343-43cb078ba496): Code=-32603, Message='protocol adapter 1.0-primary could not encode the worker result'
Agent execution failed
Traceback (most recent call last):
  File "/home/wjt/CardDiffBench_official_a2a_main_20260712/sut/transfer/official_a2a_protocol.py", line 27, in run_async
    asyncio.get_running_loop()
RuntimeError: no running event loop

During handling of the above exception, another exception occurred:

Traceback (most recent call last):
  File "/home/wjt/CardDiffBench_official_a2a_main_20260712/.venv/lib/python3.10/site-packages/a2a/server/request_handlers/default_request_handler.py", line 326, in on_message_send
    ) = await result_aggregator.consume_and_break_on_interrupt(
  File "/home/wjt/CardDiffBench_official_a2a_main_20260712/.venv/lib/python3.10/site-packages/a2a/server/tasks/result_aggregator.py", line 135, in consume_and_break_on_interrupt
    async for event in event_stream:
  File "/home/wjt/CardDiffBench_official_a2a_main_20260712/.venv/lib/python3.10/site-packages/a2a/server/events/event_consumer.py", line 87, in consume_all
    raise self._exception
  File "/home/wjt/CardDiffBench_official_a2a_main_20260712/.venv/lib/python3.10/site-packages/a2a/utils/telemetry.py", line 228, in async_wrapper
    result = await func(*args, **kwargs)
  File "/home/wjt/CardDiffBench_official_a2a_main_20260712/.venv/lib/python3.10/site-packages/a2a/server/request_handlers/default_request_handler.py", line 196, in _run_event_stream
    await self.agent_executor.execute(request, queue)
  File "/home/wjt/CardDiffBench_official_a2a_main_20260712/harness/transfer/official_a2a_peer.py", line 77, in execute
    artifact = self.env._response_artifact(body=body, identity=identity, scopes=scopes,
  File "/home/wjt/CardDiffBench_official_a2a_main_20260712/harness/downstream/impact_env.py", line 353, in _response_artifact
    raise RuntimeError(f"protocol adapter {version} could not encode the worker result")
RuntimeError: protocol adapter 1.0-primary could not encode the worker result
Unhandled exception
Traceback (most recent call last):
  File "/home/wjt/CardDiffBench_official_a2a_main_20260712/sut/transfer/official_a2a_protocol.py", line 27, in run_async
    asyncio.get_running_loop()
RuntimeError: no running event loop

During handling of the above exception, another exception occurred:

Traceback (most recent call last):
  File "/home/wjt/CardDiffBench_official_a2a_main_20260712/.venv/lib/python3.10/site-packages/a2a/server/apps/jsonrpc/jsonrpc_app.py", line 384, in _handle_requests
    return await self._process_non_streaming_request(
  File "/home/wjt/CardDiffBench_official_a2a_main_20260712/.venv/lib/python3.10/site-packages/a2a/server/apps/jsonrpc/jsonrpc_app.py", line 464, in _process_non_streaming_request
    handler_result = await self.handler.on_message_send(
  File "/home/wjt/CardDiffBench_official_a2a_main_20260712/.venv/lib/python3.10/site-packages/a2a/utils/telemetry.py", line 228, in async_wrapper
    result = await func(*args, **kwargs)
  File "/home/wjt/CardDiffBench_official_a2a_main_20260712/.venv/lib/python3.10/site-packages/a2a/server/request_handlers/jsonrpc_handler.py", line 107, in on_message_send
    task_or_message = await self.request_handler.on_message_send(
  File "/home/wjt/CardDiffBench_official_a2a_main_20260712/.venv/lib/python3.10/site-packages/a2a/utils/telemetry.py", line 228, in async_wrapper
    result = await func(*args, **kwargs)
  File "/home/wjt/CardDiffBench_official_a2a_main_20260712/.venv/lib/python3.10/site-packages/a2a/server/request_handlers/default_request_handler.py", line 348, in on_message_send
    await self._cleanup_producer(producer_task, task_id)
  File "/home/wjt/CardDiffBench_official_a2a_main_20260712/.venv/lib/python3.10/site-packages/a2a/utils/telemetry.py", line 228, in async_wrapper
    result = await func(*args, **kwargs)
  File "/home/wjt/CardDiffBench_official_a2a_main_20260712/.venv/lib/python3.10/site-packages/a2a/server/request_handlers/default_request_handler.py", line 445, in _cleanup_producer
    await producer_task
  File "/home/wjt/CardDiffBench_official_a2a_main_20260712/.venv/lib/python3.10/site-packages/a2a/utils/telemetry.py", line 228, in async_wrapper
    result = await func(*args, **kwargs)
  File "/home/wjt/CardDiffBench_official_a2a_main_20260712/.venv/lib/python3.10/site-packages/a2a/server/request_handlers/default_request_handler.py", line 196, in _run_event_stream
    await self.agent_executor.execute(request, queue)
  File "/home/wjt/CardDiffBench_official_a2a_main_20260712/harness/transfer/official_a2a_peer.py", line 77, in execute
    artifact = self.env._response_artifact(body=body, identity=identity, scopes=scopes,
  File "/home/wjt/CardDiffBench_official_a2a_main_20260712/harness/downstream/impact_env.py", line 353, in _response_artifact
    raise RuntimeError(f"protocol adapter {version} could not encode the worker result")
RuntimeError: protocol adapter 1.0-primary could not encode the worker result
Request Error (ID: 130aa16e-19da-4f5a-a8c2-0032a61d9150): Code=-32603, Message='protocol adapter 1.0-primary could not encode the worker result'
Agent execution failed
Traceback (most recent call last):
  File "/home/wjt/CardDiffBench_official_a2a_main_20260712/sut/transfer/official_a2a_protocol.py", line 27, in run_async
    asyncio.get_running_loop()
RuntimeError: no running event loop

During handling of the above exception, another exception occurred:

Traceback (most recent call last):
  File "/home/wjt/CardDiffBench_official_a2a_main_20260712/.venv/lib/python3.10/site-packages/a2a/server/request_handlers/default_request_handler.py", line 326, in on_message_send
    ) = await result_aggregator.consume_and_break_on_interrupt(
  File "/home/wjt/CardDiffBench_official_a2a_main_20260712/.venv/lib/python3.10/site-packages/a2a/server/tasks/result_aggregator.py", line 135, in consume_and_break_on_interrupt
    async for event in event_stream:
  File "/home/wjt/CardDiffBench_official_a2a_main_20260712/.venv/lib/python3.10/site-packages/a2a/server/events/event_consumer.py", line 87, in consume_all
    raise self._exception
  File "/home/wjt/CardDiffBench_official_a2a_main_20260712/.venv/lib/python3.10/site-packages/a2a/utils/telemetry.py", line 228, in async_wrapper
    result = await func(*args, **kwargs)
  File "/home/wjt/CardDiffBench_official_a2a_main_20260712/.venv/lib/python3.10/site-packages/a2a/server/request_handlers/default_request_handler.py", line 196, in _run_event_stream
    await self.agent_executor.execute(request, queue)
  File "/home/wjt/CardDiffBench_official_a2a_main_20260712/harness/transfer/official_a2a_peer.py", line 77, in execute
    artifact = self.env._response_artifact(body=body, identity=identity, scopes=scopes,
  File "/home/wjt/CardDiffBench_official_a2a_main_20260712/harness/downstream/impact_env.py", line 353, in _response_artifact
    raise RuntimeError(f"protocol adapter {version} could not encode the worker result")
RuntimeError: protocol adapter 1.0-primary could not encode the worker result
Unhandled exception
Traceback (most recent call last):
  File "/home/wjt/CardDiffBench_official_a2a_main_20260712/sut/transfer/official_a2a_protocol.py", line 27, in run_async
    asyncio.get_running_loop()
RuntimeError: no running event loop

During handling of the above exception, another exception occurred:

Traceback (most recent call last):
  File "/home/wjt/CardDiffBench_official_a2a_main_20260712/.venv/lib/python3.10/site-packages/a2a/server/apps/jsonrpc/jsonrpc_app.py", line 384, in _handle_requests
    return await self._process_non_streaming_request(
  File "/home/wjt/CardDiffBench_official_a2a_main_20260712/.venv/lib/python3.10/site-packages/a2a/server/apps/jsonrpc/jsonrpc_app.py", line 464, in _process_non_streaming_request
    handler_result = await self.handler.on_message_send(
  File "/home/wjt/CardDiffBench_official_a2a_main_20260712/.venv/lib/python3.10/site-packages/a2a/utils/telemetry.py", line 228, in async_wrapper
    result = await func(*args, **kwargs)
  File "/home/wjt/CardDiffBench_official_a2a_main_20260712/.venv/lib/python3.10/site-packages/a2a/server/request_handlers/jsonrpc_handler.py", line 107, in on_message_send
    task_or_message = await self.request_handler.on_message_send(
  File "/home/wjt/CardDiffBench_official_a2a_main_20260712/.venv/lib/python3.10/site-packages/a2a/utils/telemetry.py", line 228, in async_wrapper
    result = await func(*args, **kwargs)
  File "/home/wjt/CardDiffBench_official_a2a_main_20260712/.venv/lib/python3.10/site-packages/a2a/server/request_handlers/default_request_handler.py", line 348, in on_message_send
    await self._cleanup_producer(producer_task, task_id)
  File "/home/wjt/CardDiffBench_official_a2a_main_20260712/.venv/lib/python3.10/site-packages/a2a/utils/telemetry.py", line 228, in async_wrapper
    result = await func(*args, **kwargs)
  File "/home/wjt/CardDiffBench_official_a2a_main_20260712/.venv/lib/python3.10/site-packages/a2a/server/request_handlers/default_request_handler.py", line 445, in _cleanup_producer
    await producer_task
  File "/home/wjt/CardDiffBench_official_a2a_main_20260712/.venv/lib/python3.10/site-packages/a2a/utils/telemetry.py", line 228, in async_wrapper
    result = await func(*args, **kwargs)
  File "/home/wjt/CardDiffBench_official_a2a_main_20260712/.venv/lib/python3.10/site-packages/a2a/server/request_handlers/default_request_handler.py", line 196, in _run_event_stream
    await self.agent_executor.execute(request, queue)
  File "/home/wjt/CardDiffBench_official_a2a_main_20260712/harness/transfer/official_a2a_peer.py", line 77, in execute
    artifact = self.env._response_artifact(body=body, identity=identity, scopes=scopes,
  File "/home/wjt/CardDiffBench_official_a2a_main_20260712/harness/downstream/impact_env.py", line 353, in _response_artifact
    raise RuntimeError(f"protocol adapter {version} could not encode the worker result")
RuntimeError: protocol adapter 1.0-primary could not encode the worker result
Request Error (ID: adab80db-72cf-4340-8f7d-b56d2fa26a0f): Code=-32603, Message='protocol adapter 1.0-primary could not encode the worker result'
Agent execution failed
Traceback (most recent call last):
  File "/home/wjt/CardDiffBench_official_a2a_main_20260712/sut/transfer/official_a2a_protocol.py", line 27, in run_async
    asyncio.get_running_loop()
RuntimeError: no running event loop

During handling of the above exception, another exception occurred:

Traceback (most recent call last):
  File "/home/wjt/CardDiffBench_official_a2a_main_20260712/.venv/lib/python3.10/site-packages/a2a/server/request_handlers/default_request_handler.py", line 326, in on_message_send
    ) = await result_aggregator.consume_and_break_on_interrupt(
  File "/home/wjt/CardDiffBench_official_a2a_main_20260712/.venv/lib/python3.10/site-packages/a2a/server/tasks/result_aggregator.py", line 135, in consume_and_break_on_interrupt
    async for event in event_stream:
  File "/home/wjt/CardDiffBench_official_a2a_main_20260712/.venv/lib/python3.10/site-packages/a2a/server/events/event_consumer.py", line 87, in consume_all
    raise self._exception
  File "/home/wjt/CardDiffBench_official_a2a_main_20260712/.venv/lib/python3.10/site-packages/a2a/utils/telemetry.py", line 228, in async_wrapper
    result = await func(*args, **kwargs)
  File "/home/wjt/CardDiffBench_official_a2a_main_20260712/.venv/lib/python3.10/site-packages/a2a/server/request_handlers/default_request_handler.py", line 196, in _run_event_stream
    await self.agent_executor.execute(request, queue)
  File "/home/wjt/CardDiffBench_official_a2a_main_20260712/harness/transfer/official_a2a_peer.py", line 77, in execute
    artifact = self.env._response_artifact(body=body, identity=identity, scopes=scopes,
  File "/home/wjt/CardDiffBench_official_a2a_main_20260712/harness/downstream/impact_env.py", line 353, in _response_artifact
    raise RuntimeError(f"protocol adapter {version} could not encode the worker result")
RuntimeError: protocol adapter 1.0-primary could not encode the worker result
Unhandled exception
Traceback (most recent call last):
  File "/home/wjt/CardDiffBench_official_a2a_main_20260712/sut/transfer/official_a2a_protocol.py", line 27, in run_async
    asyncio.get_running_loop()
RuntimeError: no running event loop

During handling of the above exception, another exception occurred:

Traceback (most recent call last):
  File "/home/wjt/CardDiffBench_official_a2a_main_20260712/.venv/lib/python3.10/site-packages/a2a/server/apps/jsonrpc/jsonrpc_app.py", line 384, in _handle_requests
    return await self._process_non_streaming_request(
  File "/home/wjt/CardDiffBench_official_a2a_main_20260712/.venv/lib/python3.10/site-packages/a2a/server/apps/jsonrpc/jsonrpc_app.py", line 464, in _process_non_streaming_request
    handler_result = await self.handler.on_message_send(
  File "/home/wjt/CardDiffBench_official_a2a_main_20260712/.venv/lib/python3.10/site-packages/a2a/utils/telemetry.py", line 228, in async_wrapper
    result = await func(*args, **kwargs)
  File "/home/wjt/CardDiffBench_official_a2a_main_20260712/.venv/lib/python3.10/site-packages/a2a/server/request_handlers/jsonrpc_handler.py", line 107, in on_message_send
    task_or_message = await self.request_handler.on_message_send(
  File "/home/wjt/CardDiffBench_official_a2a_main_20260712/.venv/lib/python3.10/site-packages/a2a/utils/telemetry.py", line 228, in async_wrapper
    result = await func(*args, **kwargs)
  File "/home/wjt/CardDiffBench_official_a2a_main_20260712/.venv/lib/python3.10/site-packages/a2a/server/request_handlers/default_request_handler.py", line 348, in on_message_send
    await self._cleanup_producer(producer_task, task_id)
  File "/home/wjt/CardDiffBench_official_a2a_main_20260712/.venv/lib/python3.10/site-packages/a2a/utils/telemetry.py", line 228, in async_wrapper
    result = await func(*args, **kwargs)
  File "/home/wjt/CardDiffBench_official_a2a_main_20260712/.venv/lib/python3.10/site-packages/a2a/server/request_handlers/default_request_handler.py", line 445, in _cleanup_producer
    await producer_task
  File "/home/wjt/CardDiffBench_official_a2a_main_20260712/.venv/lib/python3.10/site-packages/a2a/utils/telemetry.py", line 228, in async_wrapper
    result = await func(*args, **kwargs)
  File "/home/wjt/CardDiffBench_official_a2a_main_20260712/.venv/lib/python3.10/site-packages/a2a/server/request_handlers/default_request_handler.py", line 196, in _run_event_stream
    await self.agent_executor.execute(request, queue)
  File "/home/wjt/CardDiffBench_official_a2a_main_20260712/harness/transfer/official_a2a_peer.py", line 77, in execute
    artifact = self.env._response_artifact(body=body, identity=identity, scopes=scopes,
  File "/home/wjt/CardDiffBench_official_a2a_main_20260712/harness/downstream/impact_env.py", line 353, in _response_artifact
    raise RuntimeError(f"protocol adapter {version} could not encode the worker result")
RuntimeError: protocol adapter 1.0-primary could not encode the worker result
Request Error (ID: 56b26e5f-43e2-4532-a3e3-3bc915d671de): Code=-32603, Message='protocol adapter 1.0-primary could not encode the worker result'
Agent execution failed
Traceback (most recent call last):
  File "/home/wjt/CardDiffBench_official_a2a_main_20260712/sut/transfer/official_a2a_protocol.py", line 27, in run_async
    asyncio.get_running_loop()
RuntimeError: no running event loop

During handling of the above exception, another exception occurred:

Traceback (most recent call last):
  File "/home/wjt/CardDiffBench_official_a2a_main_20260712/.venv/lib/python3.10/site-packages/a2a/server/request_handlers/default_request_handler.py", line 326, in on_message_send
    ) = await result_aggregator.consume_and_break_on_interrupt(
  File "/home/wjt/CardDiffBench_official_a2a_main_20260712/.venv/lib/python3.10/site-packages/a2a/server/tasks/result_aggregator.py", line 135, in consume_and_break_on_interrupt
    async for event in event_stream:
  File "/home/wjt/CardDiffBench_official_a2a_main_20260712/.venv/lib/python3.10/site-packages/a2a/server/events/event_consumer.py", line 87, in consume_all
    raise self._exception
  File "/home/wjt/CardDiffBench_official_a2a_main_20260712/.venv/lib/python3.10/site-packages/a2a/utils/telemetry.py", line 228, in async_wrapper
    result = await func(*args, **kwargs)
  File "/home/wjt/CardDiffBench_official_a2a_main_20260712/.venv/lib/python3.10/site-packages/a2a/server/request_handlers/default_request_handler.py", line 196, in _run_event_stream
    await self.agent_executor.execute(request, queue)
  File "/home/wjt/CardDiffBench_official_a2a_main_20260712/harness/transfer/official_a2a_peer.py", line 77, in execute
    artifact = self.env._response_artifact(body=body, identity=identity, scopes=scopes,
  File "/home/wjt/CardDiffBench_official_a2a_main_20260712/harness/downstream/impact_env.py", line 353, in _response_artifact
    raise RuntimeError(f"protocol adapter {version} could not encode the worker result")
RuntimeError: protocol adapter 1.0-primary could not encode the worker result
Unhandled exception
Traceback (most recent call last):
  File "/home/wjt/CardDiffBench_official_a2a_main_20260712/sut/transfer/official_a2a_protocol.py", line 27, in run_async
    asyncio.get_running_loop()
RuntimeError: no running event loop

During handling of the above exception, another exception occurred:

Traceback (most recent call last):
  File "/home/wjt/CardDiffBench_official_a2a_main_20260712/.venv/lib/python3.10/site-packages/a2a/server/apps/jsonrpc/jsonrpc_app.py", line 384, in _handle_requests
    return await self._process_non_streaming_request(
  File "/home/wjt/CardDiffBench_official_a2a_main_20260712/.venv/lib/python3.10/site-packages/a2a/server/apps/jsonrpc/jsonrpc_app.py", line 464, in _process_non_streaming_request
    handler_result = await self.handler.on_message_send(
  File "/home/wjt/CardDiffBench_official_a2a_main_20260712/.venv/lib/python3.10/site-packages/a2a/utils/telemetry.py", line 228, in async_wrapper
    result = await func(*args, **kwargs)
  File "/home/wjt/CardDiffBench_official_a2a_main_20260712/.venv/lib/python3.10/site-packages/a2a/server/request_handlers/jsonrpc_handler.py", line 107, in on_message_send
    task_or_message = await self.request_handler.on_message_send(
  File "/home/wjt/CardDiffBench_official_a2a_main_20260712/.venv/lib/python3.10/site-packages/a2a/utils/telemetry.py", line 228, in async_wrapper
    result = await func(*args, **kwargs)
  File "/home/wjt/CardDiffBench_official_a2a_main_20260712/.venv/lib/python3.10/site-packages/a2a/server/request_handlers/default_request_handler.py", line 348, in on_message_send
    await self._cleanup_producer(producer_task, task_id)
  File "/home/wjt/CardDiffBench_official_a2a_main_20260712/.venv/lib/python3.10/site-packages/a2a/utils/telemetry.py", line 228, in async_wrapper
    result = await func(*args, **kwargs)
  File "/home/wjt/CardDiffBench_official_a2a_main_20260712/.venv/lib/python3.10/site-packages/a2a/server/request_handlers/default_request_handler.py", line 445, in _cleanup_producer
    await producer_task
  File "/home/wjt/CardDiffBench_official_a2a_main_20260712/.venv/lib/python3.10/site-packages/a2a/utils/telemetry.py", line 228, in async_wrapper
    result = await func(*args, **kwargs)
  File "/home/wjt/CardDiffBench_official_a2a_main_20260712/.venv/lib/python3.10/site-packages/a2a/server/request_handlers/default_request_handler.py", line 196, in _run_event_stream
    await self.agent_executor.execute(request, queue)
  File "/home/wjt/CardDiffBench_official_a2a_main_20260712/harness/transfer/official_a2a_peer.py", line 77, in execute
    artifact = self.env._response_artifact(body=body, identity=identity, scopes=scopes,
  File "/home/wjt/CardDiffBench_official_a2a_main_20260712/harness/downstream/impact_env.py", line 353, in _response_artifact
    raise RuntimeError(f"protocol adapter {version} could not encode the worker result")
RuntimeError: protocol adapter 1.0-primary could not encode the worker result
Request Error (ID: 096949fb-45f9-4a64-9c28-e239343aba61): Code=-32603, Message='protocol adapter 1.0-primary could not encode the worker result'
Agent execution failed
Traceback (most recent call last):
  File "/home/wjt/CardDiffBench_official_a2a_main_20260712/sut/transfer/official_a2a_protocol.py", line 27, in run_async
    asyncio.get_running_loop()
RuntimeError: no running event loop

During handling of the above exception, another exception occurred:

Traceback (most recent call last):
  File "/home/wjt/CardDiffBench_official_a2a_main_20260712/.venv/lib/python3.10/site-packages/a2a/server/request_handlers/default_request_handler.py", line 326, in on_message_send
    ) = await result_aggregator.consume_and_break_on_interrupt(
  File "/home/wjt/CardDiffBench_official_a2a_main_20260712/.venv/lib/python3.10/site-packages/a2a/server/tasks/result_aggregator.py", line 135, in consume_and_break_on_interrupt
    async for event in event_stream:
  File "/home/wjt/CardDiffBench_official_a2a_main_20260712/.venv/lib/python3.10/site-packages/a2a/server/events/event_consumer.py", line 87, in consume_all
    raise self._exception
  File "/home/wjt/CardDiffBench_official_a2a_main_20260712/.venv/lib/python3.10/site-packages/a2a/utils/telemetry.py", line 228, in async_wrapper
    result = await func(*args, **kwargs)
  File "/home/wjt/CardDiffBench_official_a2a_main_20260712/.venv/lib/python3.10/site-packages/a2a/server/request_handlers/default_request_handler.py", line 196, in _run_event_stream
    await self.agent_executor.execute(request, queue)
  File "/home/wjt/CardDiffBench_official_a2a_main_20260712/harness/transfer/official_a2a_peer.py", line 77, in execute
    artifact = self.env._response_artifact(body=body, identity=identity, scopes=scopes,
  File "/home/wjt/CardDiffBench_official_a2a_main_20260712/harness/downstream/impact_env.py", line 353, in _response_artifact
    raise RuntimeError(f"protocol adapter {version} could not encode the worker result")
RuntimeError: protocol adapter 1.0-primary could not encode the worker result
Unhandled exception
Traceback (most recent call last):
  File "/home/wjt/CardDiffBench_official_a2a_main_20260712/sut/transfer/official_a2a_protocol.py", line 27, in run_async
    asyncio.get_running_loop()
RuntimeError: no running event loop

During handling of the above exception, another exception occurred:

Traceback (most recent call last):
  File "/home/wjt/CardDiffBench_official_a2a_main_20260712/.venv/lib/python3.10/site-packages/a2a/server/apps/jsonrpc/jsonrpc_app.py", line 384, in _handle_requests
    return await self._process_non_streaming_request(
  File "/home/wjt/CardDiffBench_official_a2a_main_20260712/.venv/lib/python3.10/site-packages/a2a/server/apps/jsonrpc/jsonrpc_app.py", line 464, in _process_non_streaming_request
    handler_result = await self.handler.on_message_send(
  File "/home/wjt/CardDiffBench_official_a2a_main_20260712/.venv/lib/python3.10/site-packages/a2a/utils/telemetry.py", line 228, in async_wrapper
    result = await func(*args, **kwargs)
  File "/home/wjt/CardDiffBench_official_a2a_main_20260712/.venv/lib/python3.10/site-packages/a2a/server/request_handlers/jsonrpc_handler.py", line 107, in on_message_send
    task_or_message = await self.request_handler.on_message_send(
  File "/home/wjt/CardDiffBench_official_a2a_main_20260712/.venv/lib/python3.10/site-packages/a2a/utils/telemetry.py", line 228, in async_wrapper
    result = await func(*args, **kwargs)
  File "/home/wjt/CardDiffBench_official_a2a_main_20260712/.venv/lib/python3.10/site-packages/a2a/server/request_handlers/default_request_handler.py", line 348, in on_message_send
    await self._cleanup_producer(producer_task, task_id)
  File "/home/wjt/CardDiffBench_official_a2a_main_20260712/.venv/lib/python3.10/site-packages/a2a/utils/telemetry.py", line 228, in async_wrapper
    result = await func(*args, **kwargs)
  File "/home/wjt/CardDiffBench_official_a2a_main_20260712/.venv/lib/python3.10/site-packages/a2a/server/request_handlers/default_request_handler.py", line 445, in _cleanup_producer
    await producer_task
  File "/home/wjt/CardDiffBench_official_a2a_main_20260712/.venv/lib/python3.10/site-packages/a2a/utils/telemetry.py", line 228, in async_wrapper
    result = await func(*args, **kwargs)
  File "/home/wjt/CardDiffBench_official_a2a_main_20260712/.venv/lib/python3.10/site-packages/a2a/server/request_handlers/default_request_handler.py", line 196, in _run_event_stream
    await self.agent_executor.execute(request, queue)
  File "/home/wjt/CardDiffBench_official_a2a_main_20260712/harness/transfer/official_a2a_peer.py", line 77, in execute
    artifact = self.env._response_artifact(body=body, identity=identity, scopes=scopes,
  File "/home/wjt/CardDiffBench_official_a2a_main_20260712/harness/downstream/impact_env.py", line 353, in _response_artifact
    raise RuntimeError(f"protocol adapter {version} could not encode the worker result")
RuntimeError: protocol adapter 1.0-primary could not encode the worker result
Request Error (ID: 5e02e70b-55a0-4676-b119-bdcb2604be5e): Code=-32603, Message='protocol adapter 1.0-primary could not encode the worker result'
Agent execution failed
Traceback (most recent call last):
  File "/home/wjt/CardDiffBench_official_a2a_main_20260712/sut/transfer/official_a2a_protocol.py", line 27, in run_async
    asyncio.get_running_loop()
RuntimeError: no running event loop

During handling of the above exception, another exception occurred:

Traceback (most recent call last):
  File "/home/wjt/CardDiffBench_official_a2a_main_20260712/.venv/lib/python3.10/site-packages/a2a/server/request_handlers/default_request_handler.py", line 326, in on_message_send
    ) = await result_aggregator.consume_and_break_on_interrupt(
  File "/home/wjt/CardDiffBench_official_a2a_main_20260712/.venv/lib/python3.10/site-packages/a2a/server/tasks/result_aggregator.py", line 135, in consume_and_break_on_interrupt
    async for event in event_stream:
  File "/home/wjt/CardDiffBench_official_a2a_main_20260712/.venv/lib/python3.10/site-packages/a2a/server/events/event_consumer.py", line 87, in consume_all
    raise self._exception
  File "/home/wjt/CardDiffBench_official_a2a_main_20260712/.venv/lib/python3.10/site-packages/a2a/utils/telemetry.py", line 228, in async_wrapper
    result = await func(*args, **kwargs)
  File "/home/wjt/CardDiffBench_official_a2a_main_20260712/.venv/lib/python3.10/site-packages/a2a/server/request_handlers/default_request_handler.py", line 196, in _run_event_stream
    await self.agent_executor.execute(request, queue)
  File "/home/wjt/CardDiffBench_official_a2a_main_20260712/harness/transfer/official_a2a_peer.py", line 77, in execute
    artifact = self.env._response_artifact(body=body, identity=identity, scopes=scopes,
  File "/home/wjt/CardDiffBench_official_a2a_main_20260712/harness/downstream/impact_env.py", line 353, in _response_artifact
    raise RuntimeError(f"protocol adapter {version} could not encode the worker result")
RuntimeError: protocol adapter 1.0-primary could not encode the worker result
Unhandled exception
Traceback (most recent call last):
  File "/home/wjt/CardDiffBench_official_a2a_main_20260712/sut/transfer/official_a2a_protocol.py", line 27, in run_async
    asyncio.get_running_loop()
RuntimeError: no running event loop

During handling of the above exception, another exception occurred:

Traceback (most recent call last):
  File "/home/wjt/CardDiffBench_official_a2a_main_20260712/.venv/lib/python3.10/site-packages/a2a/server/apps/jsonrpc/jsonrpc_app.py", line 384, in _handle_requests
    return await self._process_non_streaming_request(
  File "/home/wjt/CardDiffBench_official_a2a_main_20260712/.venv/lib/python3.10/site-packages/a2a/server/apps/jsonrpc/jsonrpc_app.py", line 464, in _process_non_streaming_request
    handler_result = await self.handler.on_message_send(
  File "/home/wjt/CardDiffBench_official_a2a_main_20260712/.venv/lib/python3.10/site-packages/a2a/utils/telemetry.py", line 228, in async_wrapper
    result = await func(*args, **kwargs)
  File "/home/wjt/CardDiffBench_official_a2a_main_20260712/.venv/lib/python3.10/site-packages/a2a/server/request_handlers/jsonrpc_handler.py", line 107, in on_message_send
    task_or_message = await self.request_handler.on_message_send(
  File "/home/wjt/CardDiffBench_official_a2a_main_20260712/.venv/lib/python3.10/site-packages/a2a/utils/telemetry.py", line 228, in async_wrapper
    result = await func(*args, **kwargs)
  File "/home/wjt/CardDiffBench_official_a2a_main_20260712/.venv/lib/python3.10/site-packages/a2a/server/request_handlers/default_request_handler.py", line 348, in on_message_send
    await self._cleanup_producer(producer_task, task_id)
  File "/home/wjt/CardDiffBench_official_a2a_main_20260712/.venv/lib/python3.10/site-packages/a2a/utils/telemetry.py", line 228, in async_wrapper
    result = await func(*args, **kwargs)
  File "/home/wjt/CardDiffBench_official_a2a_main_20260712/.venv/lib/python3.10/site-packages/a2a/server/request_handlers/default_request_handler.py", line 445, in _cleanup_producer
    await producer_task
  File "/home/wjt/CardDiffBench_official_a2a_main_20260712/.venv/lib/python3.10/site-packages/a2a/utils/telemetry.py", line 228, in async_wrapper
    result = await func(*args, **kwargs)
  File "/home/wjt/CardDiffBench_official_a2a_main_20260712/.venv/lib/python3.10/site-packages/a2a/server/request_handlers/default_request_handler.py", line 196, in _run_event_stream
    await self.agent_executor.execute(request, queue)
  File "/home/wjt/CardDiffBench_official_a2a_main_20260712/harness/transfer/official_a2a_peer.py", line 77, in execute
    artifact = self.env._response_artifact(body=body, identity=identity, scopes=scopes,
  File "/home/wjt/CardDiffBench_official_a2a_main_20260712/harness/downstream/impact_env.py", line 353, in _response_artifact
    raise RuntimeError(f"protocol adapter {version} could not encode the worker result")
RuntimeError: protocol adapter 1.0-primary could not encode the worker result
Request Error (ID: e02e26ee-3c43-41e3-9a01-54edd15ad790): Code=-32603, Message='protocol adapter 1.0-primary could not encode the worker result'
Agent execution failed
Traceback (most recent call last):
  File "/home/wjt/CardDiffBench_official_a2a_main_20260712/sut/transfer/official_a2a_protocol.py", line 27, in run_async
    asyncio.get_running_loop()
RuntimeError: no running event loop

During handling of the above exception, another exception occurred:

Traceback (most recent call last):
  File "/home/wjt/CardDiffBench_official_a2a_main_20260712/.venv/lib/python3.10/site-packages/a2a/server/request_handlers/default_request_handler.py", line 326, in on_message_send
    ) = await result_aggregator.consume_and_break_on_interrupt(
  File "/home/wjt/CardDiffBench_official_a2a_main_20260712/.venv/lib/python3.10/site-packages/a2a/server/tasks/result_aggregator.py", line 135, in consume_and_break_on_interrupt
    async for event in event_stream:
  File "/home/wjt/CardDiffBench_official_a2a_main_20260712/.venv/lib/python3.10/site-packages/a2a/server/events/event_consumer.py", line 87, in consume_all
    raise self._exception
  File "/home/wjt/CardDiffBench_official_a2a_main_20260712/.venv/lib/python3.10/site-packages/a2a/utils/telemetry.py", line 228, in async_wrapper
    result = await func(*args, **kwargs)
  File "/home/wjt/CardDiffBench_official_a2a_main_20260712/.venv/lib/python3.10/site-packages/a2a/server/request_handlers/default_request_handler.py", line 196, in _run_event_stream
    await self.agent_executor.execute(request, queue)
  File "/home/wjt/CardDiffBench_official_a2a_main_20260712/harness/transfer/official_a2a_peer.py", line 77, in execute
    artifact = self.env._response_artifact(body=body, identity=identity, scopes=scopes,
  File "/home/wjt/CardDiffBench_official_a2a_main_20260712/harness/downstream/impact_env.py", line 353, in _response_artifact
    raise RuntimeError(f"protocol adapter {version} could not encode the worker result")
RuntimeError: protocol adapter 1.0-primary could not encode the worker result
Unhandled exception
Traceback (most recent call last):
  File "/home/wjt/CardDiffBench_official_a2a_main_20260712/sut/transfer/official_a2a_protocol.py", line 27, in run_async
    asyncio.get_running_loop()
RuntimeError: no running event loop

During handling of the above exception, another exception occurred:

Traceback (most recent call last):
  File "/home/wjt/CardDiffBench_official_a2a_main_20260712/.venv/lib/python3.10/site-packages/a2a/server/apps/jsonrpc/jsonrpc_app.py", line 384, in _handle_requests
    return await self._process_non_streaming_request(
  File "/home/wjt/CardDiffBench_official_a2a_main_20260712/.venv/lib/python3.10/site-packages/a2a/server/apps/jsonrpc/jsonrpc_app.py", line 464, in _process_non_streaming_request
    handler_result = await self.handler.on_message_send(
  File "/home/wjt/CardDiffBench_official_a2a_main_20260712/.venv/lib/python3.10/site-packages/a2a/utils/telemetry.py", line 228, in async_wrapper
    result = await func(*args, **kwargs)
  File "/home/wjt/CardDiffBench_official_a2a_main_20260712/.venv/lib/python3.10/site-packages/a2a/server/request_handlers/jsonrpc_handler.py", line 107, in on_message_send
    task_or_message = await self.request_handler.on_message_send(
  File "/home/wjt/CardDiffBench_official_a2a_main_20260712/.venv/lib/python3.10/site-packages/a2a/utils/telemetry.py", line 228, in async_wrapper
    result = await func(*args, **kwargs)
  File "/home/wjt/CardDiffBench_official_a2a_main_20260712/.venv/lib/python3.10/site-packages/a2a/server/request_handlers/default_request_handler.py", line 348, in on_message_send
    await self._cleanup_producer(producer_task, task_id)
  File "/home/wjt/CardDiffBench_official_a2a_main_20260712/.venv/lib/python3.10/site-packages/a2a/utils/telemetry.py", line 228, in async_wrapper
    result = await func(*args, **kwargs)
  File "/home/wjt/CardDiffBench_official_a2a_main_20260712/.venv/lib/python3.10/site-packages/a2a/server/request_handlers/default_request_handler.py", line 445, in _cleanup_producer
    await producer_task
  File "/home/wjt/CardDiffBench_official_a2a_main_20260712/.venv/lib/python3.10/site-packages/a2a/utils/telemetry.py", line 228, in async_wrapper
    result = await func(*args, **kwargs)
  File "/home/wjt/CardDiffBench_official_a2a_main_20260712/.venv/lib/python3.10/site-packages/a2a/server/request_handlers/default_request_handler.py", line 196, in _run_event_stream
    await self.agent_executor.execute(request, queue)
  File "/home/wjt/CardDiffBench_official_a2a_main_20260712/harness/transfer/official_a2a_peer.py", line 77, in execute
    artifact = self.env._response_artifact(body=body, identity=identity, scopes=scopes,
  File "/home/wjt/CardDiffBench_official_a2a_main_20260712/harness/downstream/impact_env.py", line 353, in _response_artifact
    raise RuntimeError(f"protocol adapter {version} could not encode the worker result")
RuntimeError: protocol adapter 1.0-primary could not encode the worker result
Request Error (ID: e7fbdf72-586b-42c0-a4e9-26068b5f3c4e): Code=-32603, Message='protocol adapter 1.0-primary could not encode the worker result'
Agent execution failed
Traceback (most recent call last):
  File "/home/wjt/CardDiffBench_official_a2a_main_20260712/sut/transfer/official_a2a_protocol.py", line 27, in run_async
    asyncio.get_running_loop()
RuntimeError: no running event loop

During handling of the above exception, another exception occurred:

Traceback (most recent call last):
  File "/home/wjt/CardDiffBench_official_a2a_main_20260712/.venv/lib/python3.10/site-packages/a2a/server/request_handlers/default_request_handler.py", line 326, in on_message_send
    ) = await result_aggregator.consume_and_break_on_interrupt(
  File "/home/wjt/CardDiffBench_official_a2a_main_20260712/.venv/lib/python3.10/site-packages/a2a/server/tasks/result_aggregator.py", line 135, in consume_and_break_on_interrupt
    async for event in event_stream:
  File "/home/wjt/CardDiffBench_official_a2a_main_20260712/.venv/lib/python3.10/site-packages/a2a/server/events/event_consumer.py", line 87, in consume_all
    raise self._exception
  File "/home/wjt/CardDiffBench_official_a2a_main_20260712/.venv/lib/python3.10/site-packages/a2a/utils/telemetry.py", line 228, in async_wrapper
    result = await func(*args, **kwargs)
  File "/home/wjt/CardDiffBench_official_a2a_main_20260712/.venv/lib/python3.10/site-packages/a2a/server/request_handlers/default_request_handler.py", line 196, in _run_event_stream
    await self.agent_executor.execute(request, queue)
  File "/home/wjt/CardDiffBench_official_a2a_main_20260712/harness/transfer/official_a2a_peer.py", line 77, in execute
    artifact = self.env._response_artifact(body=body, identity=identity, scopes=scopes,
  File "/home/wjt/CardDiffBench_official_a2a_main_20260712/harness/downstream/impact_env.py", line 353, in _response_artifact
    raise RuntimeError(f"protocol adapter {version} could not encode the worker result")
RuntimeError: protocol adapter 1.0-primary could not encode the worker result
Unhandled exception
Traceback (most recent call last):
  File "/home/wjt/CardDiffBench_official_a2a_main_20260712/sut/transfer/official_a2a_protocol.py", line 27, in run_async
    asyncio.get_running_loop()
RuntimeError: no running event loop

During handling of the above exception, another exception occurred:

Traceback (most recent call last):
  File "/home/wjt/CardDiffBench_official_a2a_main_20260712/.venv/lib/python3.10/site-packages/a2a/server/apps/jsonrpc/jsonrpc_app.py", line 384, in _handle_requests
    return await self._process_non_streaming_request(
  File "/home/wjt/CardDiffBench_official_a2a_main_20260712/.venv/lib/python3.10/site-packages/a2a/server/apps/jsonrpc/jsonrpc_app.py", line 464, in _process_non_streaming_request
    handler_result = await self.handler.on_message_send(
  File "/home/wjt/CardDiffBench_official_a2a_main_20260712/.venv/lib/python3.10/site-packages/a2a/utils/telemetry.py", line 228, in async_wrapper
    result = await func(*args, **kwargs)
  File "/home/wjt/CardDiffBench_official_a2a_main_20260712/.venv/lib/python3.10/site-packages/a2a/server/request_handlers/jsonrpc_handler.py", line 107, in on_message_send
    task_or_message = await self.request_handler.on_message_send(
  File "/home/wjt/CardDiffBench_official_a2a_main_20260712/.venv/lib/python3.10/site-packages/a2a/utils/telemetry.py", line 228, in async_wrapper
    result = await func(*args, **kwargs)
  File "/home/wjt/CardDiffBench_official_a2a_main_20260712/.venv/lib/python3.10/site-packages/a2a/server/request_handlers/default_request_handler.py", line 348, in on_message_send
    await self._cleanup_producer(producer_task, task_id)
  File "/home/wjt/CardDiffBench_official_a2a_main_20260712/.venv/lib/python3.10/site-packages/a2a/utils/telemetry.py", line 228, in async_wrapper
    result = await func(*args, **kwargs)
  File "/home/wjt/CardDiffBench_official_a2a_main_20260712/.venv/lib/python3.10/site-packages/a2a/server/request_handlers/default_request_handler.py", line 445, in _cleanup_producer
    await producer_task
  File "/home/wjt/CardDiffBench_official_a2a_main_20260712/.venv/lib/python3.10/site-packages/a2a/utils/telemetry.py", line 228, in async_wrapper
    result = await func(*args, **kwargs)
  File "/home/wjt/CardDiffBench_official_a2a_main_20260712/.venv/lib/python3.10/site-packages/a2a/server/request_handlers/default_request_handler.py", line 196, in _run_event_stream
    await self.agent_executor.execute(request, queue)
  File "/home/wjt/CardDiffBench_official_a2a_main_20260712/harness/transfer/official_a2a_peer.py", line 77, in execute
    artifact = self.env._response_artifact(body=body, identity=identity, scopes=scopes,
  File "/home/wjt/CardDiffBench_official_a2a_main_20260712/harness/downstream/impact_env.py", line 353, in _response_artifact
    raise RuntimeError(f"protocol adapter {version} could not encode the worker result")
RuntimeError: protocol adapter 1.0-primary could not encode the worker result
Request Error (ID: 7ca15986-09df-436e-9107-cd8856a4294f): Code=-32603, Message='protocol adapter 1.0-primary could not encode the worker result'
Agent execution failed
Traceback (most recent call last):
  File "/home/wjt/CardDiffBench_official_a2a_main_20260712/sut/transfer/official_a2a_protocol.py", line 27, in run_async
    asyncio.get_running_loop()
RuntimeError: no running event loop

During handling of the above exception, another exception occurred:

Traceback (most recent call last):
  File "/home/wjt/CardDiffBench_official_a2a_main_20260712/.venv/lib/python3.10/site-packages/a2a/server/request_handlers/default_request_handler.py", line 326, in on_message_send
    ) = await result_aggregator.consume_and_break_on_interrupt(
  File "/home/wjt/CardDiffBench_official_a2a_main_20260712/.venv/lib/python3.10/site-packages/a2a/server/tasks/result_aggregator.py", line 135, in consume_and_break_on_interrupt
    async for event in event_stream:
  File "/home/wjt/CardDiffBench_official_a2a_main_20260712/.venv/lib/python3.10/site-packages/a2a/server/events/event_consumer.py", line 87, in consume_all
    raise self._exception
  File "/home/wjt/CardDiffBench_official_a2a_main_20260712/.venv/lib/python3.10/site-packages/a2a/utils/telemetry.py", line 228, in async_wrapper
    result = await func(*args, **kwargs)
  File "/home/wjt/CardDiffBench_official_a2a_main_20260712/.venv/lib/python3.10/site-packages/a2a/server/request_handlers/default_request_handler.py", line 196, in _run_event_stream
    await self.agent_executor.execute(request, queue)
  File "/home/wjt/CardDiffBench_official_a2a_main_20260712/harness/transfer/official_a2a_peer.py", line 77, in execute
    artifact = self.env._response_artifact(body=body, identity=identity, scopes=scopes,
  File "/home/wjt/CardDiffBench_official_a2a_main_20260712/harness/downstream/impact_env.py", line 353, in _response_artifact
    raise RuntimeError(f"protocol adapter {version} could not encode the worker result")
RuntimeError: protocol adapter 1.0-primary could not encode the worker result
Unhandled exception
Traceback (most recent call last):
  File "/home/wjt/CardDiffBench_official_a2a_main_20260712/sut/transfer/official_a2a_protocol.py", line 27, in run_async
    asyncio.get_running_loop()
RuntimeError: no running event loop

During handling of the above exception, another exception occurred:

Traceback (most recent call last):
  File "/home/wjt/CardDiffBench_official_a2a_main_20260712/.venv/lib/python3.10/site-packages/a2a/server/apps/jsonrpc/jsonrpc_app.py", line 384, in _handle_requests
    return await self._process_non_streaming_request(
  File "/home/wjt/CardDiffBench_official_a2a_main_20260712/.venv/lib/python3.10/site-packages/a2a/server/apps/jsonrpc/jsonrpc_app.py", line 464, in _process_non_streaming_request
    handler_result = await self.handler.on_message_send(
  File "/home/wjt/CardDiffBench_official_a2a_main_20260712/.venv/lib/python3.10/site-packages/a2a/utils/telemetry.py", line 228, in async_wrapper
    result = await func(*args, **kwargs)
  File "/home/wjt/CardDiffBench_official_a2a_main_20260712/.venv/lib/python3.10/site-packages/a2a/server/request_handlers/jsonrpc_handler.py", line 107, in on_message_send
    task_or_message = await self.request_handler.on_message_send(
  File "/home/wjt/CardDiffBench_official_a2a_main_20260712/.venv/lib/python3.10/site-packages/a2a/utils/telemetry.py", line 228, in async_wrapper
    result = await func(*args, **kwargs)
  File "/home/wjt/CardDiffBench_official_a2a_main_20260712/.venv/lib/python3.10/site-packages/a2a/server/request_handlers/default_request_handler.py", line 348, in on_message_send
    await self._cleanup_producer(producer_task, task_id)
  File "/home/wjt/CardDiffBench_official_a2a_main_20260712/.venv/lib/python3.10/site-packages/a2a/utils/telemetry.py", line 228, in async_wrapper
    result = await func(*args, **kwargs)
  File "/home/wjt/CardDiffBench_official_a2a_main_20260712/.venv/lib/python3.10/site-packages/a2a/server/request_handlers/default_request_handler.py", line 445, in _cleanup_producer
    await producer_task
  File "/home/wjt/CardDiffBench_official_a2a_main_20260712/.venv/lib/python3.10/site-packages/a2a/utils/telemetry.py", line 228, in async_wrapper
    result = await func(*args, **kwargs)
  File "/home/wjt/CardDiffBench_official_a2a_main_20260712/.venv/lib/python3.10/site-packages/a2a/server/request_handlers/default_request_handler.py", line 196, in _run_event_stream
    await self.agent_executor.execute(request, queue)
  File "/home/wjt/CardDiffBench_official_a2a_main_20260712/harness/transfer/official_a2a_peer.py", line 77, in execute
    artifact = self.env._response_artifact(body=body, identity=identity, scopes=scopes,
  File "/home/wjt/CardDiffBench_official_a2a_main_20260712/harness/downstream/impact_env.py", line 353, in _response_artifact
    raise RuntimeError(f"protocol adapter {version} could not encode the worker result")
RuntimeError: protocol adapter 1.0-primary could not encode the worker result
Request Error (ID: 84ff1038-81e2-485e-8b6e-73ab7289e4fe): Code=-32603, Message='protocol adapter 1.0-primary could not encode the worker result'
Agent execution failed
Traceback (most recent call last):
  File "/home/wjt/CardDiffBench_official_a2a_main_20260712/sut/transfer/official_a2a_protocol.py", line 27, in run_async
    asyncio.get_running_loop()
RuntimeError: no running event loop

During handling of the above exception, another exception occurred:

Traceback (most recent call last):
  File "/home/wjt/CardDiffBench_official_a2a_main_20260712/.venv/lib/python3.10/site-packages/a2a/server/request_handlers/default_request_handler.py", line 326, in on_message_send
    ) = await result_aggregator.consume_and_break_on_interrupt(
  File "/home/wjt/CardDiffBench_official_a2a_main_20260712/.venv/lib/python3.10/site-packages/a2a/server/tasks/result_aggregator.py", line 135, in consume_and_break_on_interrupt
    async for event in event_stream:
  File "/home/wjt/CardDiffBench_official_a2a_main_20260712/.venv/lib/python3.10/site-packages/a2a/server/events/event_consumer.py", line 87, in consume_all
    raise self._exception
  File "/home/wjt/CardDiffBench_official_a2a_main_20260712/.venv/lib/python3.10/site-packages/a2a/utils/telemetry.py", line 228, in async_wrapper
    result = await func(*args, **kwargs)
  File "/home/wjt/CardDiffBench_official_a2a_main_20260712/.venv/lib/python3.10/site-packages/a2a/server/request_handlers/default_request_handler.py", line 196, in _run_event_stream
    await self.agent_executor.execute(request, queue)
  File "/home/wjt/CardDiffBench_official_a2a_main_20260712/harness/transfer/official_a2a_peer.py", line 77, in execute
    artifact = self.env._response_artifact(body=body, identity=identity, scopes=scopes,
  File "/home/wjt/CardDiffBench_official_a2a_main_20260712/harness/downstream/impact_env.py", line 353, in _response_artifact
    raise RuntimeError(f"protocol adapter {version} could not encode the worker result")
RuntimeError: protocol adapter 1.0-primary could not encode the worker result
Unhandled exception
Traceback (most recent call last):
  File "/home/wjt/CardDiffBench_official_a2a_main_20260712/sut/transfer/official_a2a_protocol.py", line 27, in run_async
    asyncio.get_running_loop()
RuntimeError: no running event loop

During handling of the above exception, another exception occurred:

Traceback (most recent call last):
  File "/home/wjt/CardDiffBench_official_a2a_main_20260712/.venv/lib/python3.10/site-packages/a2a/server/apps/jsonrpc/jsonrpc_app.py", line 384, in _handle_requests
    return await self._process_non_streaming_request(
  File "/home/wjt/CardDiffBench_official_a2a_main_20260712/.venv/lib/python3.10/site-packages/a2a/server/apps/jsonrpc/jsonrpc_app.py", line 464, in _process_non_streaming_request
    handler_result = await self.handler.on_message_send(
  File "/home/wjt/CardDiffBench_official_a2a_main_20260712/.venv/lib/python3.10/site-packages/a2a/utils/telemetry.py", line 228, in async_wrapper
    result = await func(*args, **kwargs)
  File "/home/wjt/CardDiffBench_official_a2a_main_20260712/.venv/lib/python3.10/site-packages/a2a/server/request_handlers/jsonrpc_handler.py", line 107, in on_message_send
    task_or_message = await self.request_handler.on_message_send(
  File "/home/wjt/CardDiffBench_official_a2a_main_20260712/.venv/lib/python3.10/site-packages/a2a/utils/telemetry.py", line 228, in async_wrapper
    result = await func(*args, **kwargs)
  File "/home/wjt/CardDiffBench_official_a2a_main_20260712/.venv/lib/python3.10/site-packages/a2a/server/request_handlers/default_request_handler.py", line 348, in on_message_send
    await self._cleanup_producer(producer_task, task_id)
  File "/home/wjt/CardDiffBench_official_a2a_main_20260712/.venv/lib/python3.10/site-packages/a2a/utils/telemetry.py", line 228, in async_wrapper
    result = await func(*args, **kwargs)
  File "/home/wjt/CardDiffBench_official_a2a_main_20260712/.venv/lib/python3.10/site-packages/a2a/server/request_handlers/default_request_handler.py", line 445, in _cleanup_producer
    await producer_task
  File "/home/wjt/CardDiffBench_official_a2a_main_20260712/.venv/lib/python3.10/site-packages/a2a/utils/telemetry.py", line 228, in async_wrapper
    result = await func(*args, **kwargs)
  File "/home/wjt/CardDiffBench_official_a2a_main_20260712/.venv/lib/python3.10/site-packages/a2a/server/request_handlers/default_request_handler.py", line 196, in _run_event_stream
    await self.agent_executor.execute(request, queue)
  File "/home/wjt/CardDiffBench_official_a2a_main_20260712/harness/transfer/official_a2a_peer.py", line 77, in execute
    artifact = self.env._response_artifact(body=body, identity=identity, scopes=scopes,
  File "/home/wjt/CardDiffBench_official_a2a_main_20260712/harness/downstream/impact_env.py", line 353, in _response_artifact
    raise RuntimeError(f"protocol adapter {version} could not encode the worker result")
RuntimeError: protocol adapter 1.0-primary could not encode the worker result
Request Error (ID: 77b4a22c-760f-4f84-a35c-9813c3ae3e3f): Code=-32603, Message='protocol adapter 1.0-primary could not encode the worker result'
Agent execution failed
Traceback (most recent call last):
  File "/home/wjt/CardDiffBench_official_a2a_main_20260712/sut/transfer/official_a2a_protocol.py", line 27, in run_async
    asyncio.get_running_loop()
RuntimeError: no running event loop

During handling of the above exception, another exception occurred:

Traceback (most recent call last):
  File "/home/wjt/CardDiffBench_official_a2a_main_20260712/.venv/lib/python3.10/site-packages/a2a/server/request_handlers/default_request_handler.py", line 326, in on_message_send
    ) = await result_aggregator.consume_and_break_on_interrupt(
  File "/home/wjt/CardDiffBench_official_a2a_main_20260712/.venv/lib/python3.10/site-packages/a2a/server/tasks/result_aggregator.py", line 135, in consume_and_break_on_interrupt
    async for event in event_stream:
  File "/home/wjt/CardDiffBench_official_a2a_main_20260712/.venv/lib/python3.10/site-packages/a2a/server/events/event_consumer.py", line 87, in consume_all
    raise self._exception
  File "/home/wjt/CardDiffBench_official_a2a_main_20260712/.venv/lib/python3.10/site-packages/a2a/utils/telemetry.py", line 228, in async_wrapper
    result = await func(*args, **kwargs)
  File "/home/wjt/CardDiffBench_official_a2a_main_20260712/.venv/lib/python3.10/site-packages/a2a/server/request_handlers/default_request_handler.py", line 196, in _run_event_stream
    await self.agent_executor.execute(request, queue)
  File "/home/wjt/CardDiffBench_official_a2a_main_20260712/harness/transfer/official_a2a_peer.py", line 77, in execute
    artifact = self.env._response_artifact(body=body, identity=identity, scopes=scopes,
  File "/home/wjt/CardDiffBench_official_a2a_main_20260712/harness/downstream/impact_env.py", line 353, in _response_artifact
    raise RuntimeError(f"protocol adapter {version} could not encode the worker result")
RuntimeError: protocol adapter 1.0-primary could not encode the worker result
Unhandled exception
Traceback (most recent call last):
  File "/home/wjt/CardDiffBench_official_a2a_main_20260712/sut/transfer/official_a2a_protocol.py", line 27, in run_async
    asyncio.get_running_loop()
RuntimeError: no running event loop

During handling of the above exception, another exception occurred:

Traceback (most recent call last):
  File "/home/wjt/CardDiffBench_official_a2a_main_20260712/.venv/lib/python3.10/site-packages/a2a/server/apps/jsonrpc/jsonrpc_app.py", line 384, in _handle_requests
    return await self._process_non_streaming_request(
  File "/home/wjt/CardDiffBench_official_a2a_main_20260712/.venv/lib/python3.10/site-packages/a2a/server/apps/jsonrpc/jsonrpc_app.py", line 464, in _process_non_streaming_request
    handler_result = await self.handler.on_message_send(
  File "/home/wjt/CardDiffBench_official_a2a_main_20260712/.venv/lib/python3.10/site-packages/a2a/utils/telemetry.py", line 228, in async_wrapper
    result = await func(*args, **kwargs)
  File "/home/wjt/CardDiffBench_official_a2a_main_20260712/.venv/lib/python3.10/site-packages/a2a/server/request_handlers/jsonrpc_handler.py", line 107, in on_message_send
    task_or_message = await self.request_handler.on_message_send(
  File "/home/wjt/CardDiffBench_official_a2a_main_20260712/.venv/lib/python3.10/site-packages/a2a/utils/telemetry.py", line 228, in async_wrapper
    result = await func(*args, **kwargs)
  File "/home/wjt/CardDiffBench_official_a2a_main_20260712/.venv/lib/python3.10/site-packages/a2a/server/request_handlers/default_request_handler.py", line 348, in on_message_send
    await self._cleanup_producer(producer_task, task_id)
  File "/home/wjt/CardDiffBench_official_a2a_main_20260712/.venv/lib/python3.10/site-packages/a2a/utils/telemetry.py", line 228, in async_wrapper
    result = await func(*args, **kwargs)
  File "/home/wjt/CardDiffBench_official_a2a_main_20260712/.venv/lib/python3.10/site-packages/a2a/server/request_handlers/default_request_handler.py", line 445, in _cleanup_producer
    await producer_task
  File "/home/wjt/CardDiffBench_official_a2a_main_20260712/.venv/lib/python3.10/site-packages/a2a/utils/telemetry.py", line 228, in async_wrapper
    result = await func(*args, **kwargs)
  File "/home/wjt/CardDiffBench_official_a2a_main_20260712/.venv/lib/python3.10/site-packages/a2a/server/request_handlers/default_request_handler.py", line 196, in _run_event_stream
    await self.agent_executor.execute(request, queue)
  File "/home/wjt/CardDiffBench_official_a2a_main_20260712/harness/transfer/official_a2a_peer.py", line 77, in execute
    artifact = self.env._response_artifact(body=body, identity=identity, scopes=scopes,
  File "/home/wjt/CardDiffBench_official_a2a_main_20260712/harness/downstream/impact_env.py", line 353, in _response_artifact
    raise RuntimeError(f"protocol adapter {version} could not encode the worker result")
RuntimeError: protocol adapter 1.0-primary could not encode the worker result
Request Error (ID: 19d21fcf-7d6d-4ea8-9c0a-cf3f0722bdb5): Code=-32603, Message='protocol adapter 1.0-primary could not encode the worker result'
Agent execution failed
Traceback (most recent call last):
  File "/home/wjt/CardDiffBench_official_a2a_main_20260712/sut/transfer/official_a2a_protocol.py", line 27, in run_async
    asyncio.get_running_loop()
RuntimeError: no running event loop

During handling of the above exception, another exception occurred:

Traceback (most recent call last):
  File "/home/wjt/CardDiffBench_official_a2a_main_20260712/.venv/lib/python3.10/site-packages/a2a/server/request_handlers/default_request_handler.py", line 326, in on_message_send
    ) = await result_aggregator.consume_and_break_on_interrupt(
  File "/home/wjt/CardDiffBench_official_a2a_main_20260712/.venv/lib/python3.10/site-packages/a2a/server/tasks/result_aggregator.py", line 135, in consume_and_break_on_interrupt
    async for event in event_stream:
  File "/home/wjt/CardDiffBench_official_a2a_main_20260712/.venv/lib/python3.10/site-packages/a2a/server/events/event_consumer.py", line 87, in consume_all
    raise self._exception
  File "/home/wjt/CardDiffBench_official_a2a_main_20260712/.venv/lib/python3.10/site-packages/a2a/utils/telemetry.py", line 228, in async_wrapper
    result = await func(*args, **kwargs)
  File "/home/wjt/CardDiffBench_official_a2a_main_20260712/.venv/lib/python3.10/site-packages/a2a/server/request_handlers/default_request_handler.py", line 196, in _run_event_stream
    await self.agent_executor.execute(request, queue)
  File "/home/wjt/CardDiffBench_official_a2a_main_20260712/harness/transfer/official_a2a_peer.py", line 77, in execute
    artifact = self.env._response_artifact(body=body, identity=identity, scopes=scopes,
  File "/home/wjt/CardDiffBench_official_a2a_main_20260712/harness/downstream/impact_env.py", line 353, in _response_artifact
    raise RuntimeError(f"protocol adapter {version} could not encode the worker result")
RuntimeError: protocol adapter 1.0-primary could not encode the worker result
Unhandled exception
Traceback (most recent call last):
  File "/home/wjt/CardDiffBench_official_a2a_main_20260712/sut/transfer/official_a2a_protocol.py", line 27, in run_async
    asyncio.get_running_loop()
RuntimeError: no running event loop

During handling of the above exception, another exception occurred:

Traceback (most recent call last):
  File "/home/wjt/CardDiffBench_official_a2a_main_20260712/.venv/lib/python3.10/site-packages/a2a/server/apps/jsonrpc/jsonrpc_app.py", line 384, in _handle_requests
    return await self._process_non_streaming_request(
  File "/home/wjt/CardDiffBench_official_a2a_main_20260712/.venv/lib/python3.10/site-packages/a2a/server/apps/jsonrpc/jsonrpc_app.py", line 464, in _process_non_streaming_request
    handler_result = await self.handler.on_message_send(
  File "/home/wjt/CardDiffBench_official_a2a_main_20260712/.venv/lib/python3.10/site-packages/a2a/utils/telemetry.py", line 228, in async_wrapper
    result = await func(*args, **kwargs)
  File "/home/wjt/CardDiffBench_official_a2a_main_20260712/.venv/lib/python3.10/site-packages/a2a/server/request_handlers/jsonrpc_handler.py", line 107, in on_message_send
    task_or_message = await self.request_handler.on_message_send(
  File "/home/wjt/CardDiffBench_official_a2a_main_20260712/.venv/lib/python3.10/site-packages/a2a/utils/telemetry.py", line 228, in async_wrapper
    result = await func(*args, **kwargs)
  File "/home/wjt/CardDiffBench_official_a2a_main_20260712/.venv/lib/python3.10/site-packages/a2a/server/request_handlers/default_request_handler.py", line 348, in on_message_send
    await self._cleanup_producer(producer_task, task_id)
  File "/home/wjt/CardDiffBench_official_a2a_main_20260712/.venv/lib/python3.10/site-packages/a2a/utils/telemetry.py", line 228, in async_wrapper
    result = await func(*args, **kwargs)
  File "/home/wjt/CardDiffBench_official_a2a_main_20260712/.venv/lib/python3.10/site-packages/a2a/server/request_handlers/default_request_handler.py", line 445, in _cleanup_producer
    await producer_task
  File "/home/wjt/CardDiffBench_official_a2a_main_20260712/.venv/lib/python3.10/site-packages/a2a/utils/telemetry.py", line 228, in async_wrapper
    result = await func(*args, **kwargs)
  File "/home/wjt/CardDiffBench_official_a2a_main_20260712/.venv/lib/python3.10/site-packages/a2a/server/request_handlers/default_request_handler.py", line 196, in _run_event_stream
    await self.agent_executor.execute(request, queue)
  File "/home/wjt/CardDiffBench_official_a2a_main_20260712/harness/transfer/official_a2a_peer.py", line 77, in execute
    artifact = self.env._response_artifact(body=body, identity=identity, scopes=scopes,
  File "/home/wjt/CardDiffBench_official_a2a_main_20260712/harness/downstream/impact_env.py", line 353, in _response_artifact
    raise RuntimeError(f"protocol adapter {version} could not encode the worker result")
RuntimeError: protocol adapter 1.0-primary could not encode the worker result
Request Error (ID: 00dae298-9798-4deb-a5fe-5a9dfefcf4af): Code=-32603, Message='protocol adapter 1.0-primary could not encode the worker result'
Agent execution failed
Traceback (most recent call last):
  File "/home/wjt/CardDiffBench_official_a2a_main_20260712/sut/transfer/official_a2a_protocol.py", line 27, in run_async
    asyncio.get_running_loop()
RuntimeError: no running event loop

During handling of the above exception, another exception occurred:

Traceback (most recent call last):
  File "/home/wjt/CardDiffBench_official_a2a_main_20260712/.venv/lib/python3.10/site-packages/a2a/server/request_handlers/default_request_handler.py", line 326, in on_message_send
    ) = await result_aggregator.consume_and_break_on_interrupt(
  File "/home/wjt/CardDiffBench_official_a2a_main_20260712/.venv/lib/python3.10/site-packages/a2a/server/tasks/result_aggregator.py", line 135, in consume_and_break_on_interrupt
    async for event in event_stream:
  File "/home/wjt/CardDiffBench_official_a2a_main_20260712/.venv/lib/python3.10/site-packages/a2a/server/events/event_consumer.py", line 87, in consume_all
    raise self._exception
  File "/home/wjt/CardDiffBench_official_a2a_main_20260712/.venv/lib/python3.10/site-packages/a2a/utils/telemetry.py", line 228, in async_wrapper
    result = await func(*args, **kwargs)
  File "/home/wjt/CardDiffBench_official_a2a_main_20260712/.venv/lib/python3.10/site-packages/a2a/server/request_handlers/default_request_handler.py", line 196, in _run_event_stream
    await self.agent_executor.execute(request, queue)
  File "/home/wjt/CardDiffBench_official_a2a_main_20260712/harness/transfer/official_a2a_peer.py", line 77, in execute
    artifact = self.env._response_artifact(body=body, identity=identity, scopes=scopes,
  File "/home/wjt/CardDiffBench_official_a2a_main_20260712/harness/downstream/impact_env.py", line 353, in _response_artifact
    raise RuntimeError(f"protocol adapter {version} could not encode the worker result")
RuntimeError: protocol adapter 1.0-primary could not encode the worker result
Unhandled exception
Traceback (most recent call last):
  File "/home/wjt/CardDiffBench_official_a2a_main_20260712/sut/transfer/official_a2a_protocol.py", line 27, in run_async
    asyncio.get_running_loop()
RuntimeError: no running event loop

During handling of the above exception, another exception occurred:

Traceback (most recent call last):
  File "/home/wjt/CardDiffBench_official_a2a_main_20260712/.venv/lib/python3.10/site-packages/a2a/server/apps/jsonrpc/jsonrpc_app.py", line 384, in _handle_requests
    return await self._process_non_streaming_request(
  File "/home/wjt/CardDiffBench_official_a2a_main_20260712/.venv/lib/python3.10/site-packages/a2a/server/apps/jsonrpc/jsonrpc_app.py", line 464, in _process_non_streaming_request
    handler_result = await self.handler.on_message_send(
  File "/home/wjt/CardDiffBench_official_a2a_main_20260712/.venv/lib/python3.10/site-packages/a2a/utils/telemetry.py", line 228, in async_wrapper
    result = await func(*args, **kwargs)
  File "/home/wjt/CardDiffBench_official_a2a_main_20260712/.venv/lib/python3.10/site-packages/a2a/server/request_handlers/jsonrpc_handler.py", line 107, in on_message_send
    task_or_message = await self.request_handler.on_message_send(
  File "/home/wjt/CardDiffBench_official_a2a_main_20260712/.venv/lib/python3.10/site-packages/a2a/utils/telemetry.py", line 228, in async_wrapper
    result = await func(*args, **kwargs)
  File "/home/wjt/CardDiffBench_official_a2a_main_20260712/.venv/lib/python3.10/site-packages/a2a/server/request_handlers/default_request_handler.py", line 348, in on_message_send
    await self._cleanup_producer(producer_task, task_id)
  File "/home/wjt/CardDiffBench_official_a2a_main_20260712/.venv/lib/python3.10/site-packages/a2a/utils/telemetry.py", line 228, in async_wrapper
    result = await func(*args, **kwargs)
  File "/home/wjt/CardDiffBench_official_a2a_main_20260712/.venv/lib/python3.10/site-packages/a2a/server/request_handlers/default_request_handler.py", line 445, in _cleanup_producer
    await producer_task
  File "/home/wjt/CardDiffBench_official_a2a_main_20260712/.venv/lib/python3.10/site-packages/a2a/utils/telemetry.py", line 228, in async_wrapper
    result = await func(*args, **kwargs)
  File "/home/wjt/CardDiffBench_official_a2a_main_20260712/.venv/lib/python3.10/site-packages/a2a/server/request_handlers/default_request_handler.py", line 196, in _run_event_stream
    await self.agent_executor.execute(request, queue)
  File "/home/wjt/CardDiffBench_official_a2a_main_20260712/harness/transfer/official_a2a_peer.py", line 77, in execute
    artifact = self.env._response_artifact(body=body, identity=identity, scopes=scopes,
  File "/home/wjt/CardDiffBench_official_a2a_main_20260712/harness/downstream/impact_env.py", line 353, in _response_artifact
    raise RuntimeError(f"protocol adapter {version} could not encode the worker result")
RuntimeError: protocol adapter 1.0-primary could not encode the worker result
Request Error (ID: 28a689b9-9761-47c9-83f9-bbe65742c311): Code=-32603, Message='protocol adapter 1.0-primary could not encode the worker result'
Agent execution failed
Traceback (most recent call last):
  File "/home/wjt/CardDiffBench_official_a2a_main_20260712/sut/transfer/official_a2a_protocol.py", line 27, in run_async
    asyncio.get_running_loop()
RuntimeError: no running event loop

During handling of the above exception, another exception occurred:

Traceback (most recent call last):
  File "/home/wjt/CardDiffBench_official_a2a_main_20260712/.venv/lib/python3.10/site-packages/a2a/server/request_handlers/default_request_handler.py", line 326, in on_message_send
    ) = await result_aggregator.consume_and_break_on_interrupt(
  File "/home/wjt/CardDiffBench_official_a2a_main_20260712/.venv/lib/python3.10/site-packages/a2a/server/tasks/result_aggregator.py", line 135, in consume_and_break_on_interrupt
    async for event in event_stream:
  File "/home/wjt/CardDiffBench_official_a2a_main_20260712/.venv/lib/python3.10/site-packages/a2a/server/events/event_consumer.py", line 87, in consume_all
    raise self._exception
  File "/home/wjt/CardDiffBench_official_a2a_main_20260712/.venv/lib/python3.10/site-packages/a2a/utils/telemetry.py", line 228, in async_wrapper
    result = await func(*args, **kwargs)
  File "/home/wjt/CardDiffBench_official_a2a_main_20260712/.venv/lib/python3.10/site-packages/a2a/server/request_handlers/default_request_handler.py", line 196, in _run_event_stream
    await self.agent_executor.execute(request, queue)
  File "/home/wjt/CardDiffBench_official_a2a_main_20260712/harness/transfer/official_a2a_peer.py", line 77, in execute
    artifact = self.env._response_artifact(body=body, identity=identity, scopes=scopes,
  File "/home/wjt/CardDiffBench_official_a2a_main_20260712/harness/downstream/impact_env.py", line 353, in _response_artifact
    raise RuntimeError(f"protocol adapter {version} could not encode the worker result")
RuntimeError: protocol adapter 1.0-primary could not encode the worker result
Unhandled exception
Traceback (most recent call last):
  File "/home/wjt/CardDiffBench_official_a2a_main_20260712/sut/transfer/official_a2a_protocol.py", line 27, in run_async
    asyncio.get_running_loop()
RuntimeError: no running event loop

During handling of the above exception, another exception occurred:

Traceback (most recent call last):
  File "/home/wjt/CardDiffBench_official_a2a_main_20260712/.venv/lib/python3.10/site-packages/a2a/server/apps/jsonrpc/jsonrpc_app.py", line 384, in _handle_requests
    return await self._process_non_streaming_request(
  File "/home/wjt/CardDiffBench_official_a2a_main_20260712/.venv/lib/python3.10/site-packages/a2a/server/apps/jsonrpc/jsonrpc_app.py", line 464, in _process_non_streaming_request
    handler_result = await self.handler.on_message_send(
  File "/home/wjt/CardDiffBench_official_a2a_main_20260712/.venv/lib/python3.10/site-packages/a2a/utils/telemetry.py", line 228, in async_wrapper
    result = await func(*args, **kwargs)
  File "/home/wjt/CardDiffBench_official_a2a_main_20260712/.venv/lib/python3.10/site-packages/a2a/server/request_handlers/jsonrpc_handler.py", line 107, in on_message_send
    task_or_message = await self.request_handler.on_message_send(
  File "/home/wjt/CardDiffBench_official_a2a_main_20260712/.venv/lib/python3.10/site-packages/a2a/utils/telemetry.py", line 228, in async_wrapper
    result = await func(*args, **kwargs)
  File "/home/wjt/CardDiffBench_official_a2a_main_20260712/.venv/lib/python3.10/site-packages/a2a/server/request_handlers/default_request_handler.py", line 348, in on_message_send
    await self._cleanup_producer(producer_task, task_id)
  File "/home/wjt/CardDiffBench_official_a2a_main_20260712/.venv/lib/python3.10/site-packages/a2a/utils/telemetry.py", line 228, in async_wrapper
    result = await func(*args, **kwargs)
  File "/home/wjt/CardDiffBench_official_a2a_main_20260712/.venv/lib/python3.10/site-packages/a2a/server/request_handlers/default_request_handler.py", line 445, in _cleanup_producer
    await producer_task
  File "/home/wjt/CardDiffBench_official_a2a_main_20260712/.venv/lib/python3.10/site-packages/a2a/utils/telemetry.py", line 228, in async_wrapper
    result = await func(*args, **kwargs)
  File "/home/wjt/CardDiffBench_official_a2a_main_20260712/.venv/lib/python3.10/site-packages/a2a/server/request_handlers/default_request_handler.py", line 196, in _run_event_stream
    await self.agent_executor.execute(request, queue)
  File "/home/wjt/CardDiffBench_official_a2a_main_20260712/harness/transfer/official_a2a_peer.py", line 77, in execute
    artifact = self.env._response_artifact(body=body, identity=identity, scopes=scopes,
  File "/home/wjt/CardDiffBench_official_a2a_main_20260712/harness/downstream/impact_env.py", line 353, in _response_artifact
    raise RuntimeError(f"protocol adapter {version} could not encode the worker result")
RuntimeError: protocol adapter 1.0-primary could not encode the worker result
Request Error (ID: 02c577dd-9980-4ac6-920a-8a81de97107b): Code=-32603, Message='protocol adapter 1.0-primary could not encode the worker result'
Agent execution failed
Traceback (most recent call last):
  File "/home/wjt/CardDiffBench_official_a2a_main_20260712/sut/transfer/official_a2a_protocol.py", line 27, in run_async
    asyncio.get_running_loop()
RuntimeError: no running event loop

During handling of the above exception, another exception occurred:

Traceback (most recent call last):
  File "/home/wjt/CardDiffBench_official_a2a_main_20260712/.venv/lib/python3.10/site-packages/a2a/server/request_handlers/default_request_handler.py", line 326, in on_message_send
    ) = await result_aggregator.consume_and_break_on_interrupt(
  File "/home/wjt/CardDiffBench_official_a2a_main_20260712/.venv/lib/python3.10/site-packages/a2a/server/tasks/result_aggregator.py", line 135, in consume_and_break_on_interrupt
    async for event in event_stream:
  File "/home/wjt/CardDiffBench_official_a2a_main_20260712/.venv/lib/python3.10/site-packages/a2a/server/events/event_consumer.py", line 87, in consume_all
    raise self._exception
  File "/home/wjt/CardDiffBench_official_a2a_main_20260712/.venv/lib/python3.10/site-packages/a2a/utils/telemetry.py", line 228, in async_wrapper
    result = await func(*args, **kwargs)
  File "/home/wjt/CardDiffBench_official_a2a_main_20260712/.venv/lib/python3.10/site-packages/a2a/server/request_handlers/default_request_handler.py", line 196, in _run_event_stream
    await self.agent_executor.execute(request, queue)
  File "/home/wjt/CardDiffBench_official_a2a_main_20260712/harness/transfer/official_a2a_peer.py", line 77, in execute
    artifact = self.env._response_artifact(body=body, identity=identity, scopes=scopes,
  File "/home/wjt/CardDiffBench_official_a2a_main_20260712/harness/downstream/impact_env.py", line 353, in _response_artifact
    raise RuntimeError(f"protocol adapter {version} could not encode the worker result")
RuntimeError: protocol adapter 1.0-primary could not encode the worker result
Unhandled exception
Traceback (most recent call last):
  File "/home/wjt/CardDiffBench_official_a2a_main_20260712/sut/transfer/official_a2a_protocol.py", line 27, in run_async
    asyncio.get_running_loop()
RuntimeError: no running event loop

During handling of the above exception, another exception occurred:

Traceback (most recent call last):
  File "/home/wjt/CardDiffBench_official_a2a_main_20260712/.venv/lib/python3.10/site-packages/a2a/server/apps/jsonrpc/jsonrpc_app.py", line 384, in _handle_requests
    return await self._process_non_streaming_request(
  File "/home/wjt/CardDiffBench_official_a2a_main_20260712/.venv/lib/python3.10/site-packages/a2a/server/apps/jsonrpc/jsonrpc_app.py", line 464, in _process_non_streaming_request
    handler_result = await self.handler.on_message_send(
  File "/home/wjt/CardDiffBench_official_a2a_main_20260712/.venv/lib/python3.10/site-packages/a2a/utils/telemetry.py", line 228, in async_wrapper
    result = await func(*args, **kwargs)
  File "/home/wjt/CardDiffBench_official_a2a_main_20260712/.venv/lib/python3.10/site-packages/a2a/server/request_handlers/jsonrpc_handler.py", line 107, in on_message_send
    task_or_message = await self.request_handler.on_message_send(
  File "/home/wjt/CardDiffBench_official_a2a_main_20260712/.venv/lib/python3.10/site-packages/a2a/utils/telemetry.py", line 228, in async_wrapper
    result = await func(*args, **kwargs)
  File "/home/wjt/CardDiffBench_official_a2a_main_20260712/.venv/lib/python3.10/site-packages/a2a/server/request_handlers/default_request_handler.py", line 348, in on_message_send
    await self._cleanup_producer(producer_task, task_id)
  File "/home/wjt/CardDiffBench_official_a2a_main_20260712/.venv/lib/python3.10/site-packages/a2a/utils/telemetry.py", line 228, in async_wrapper
    result = await func(*args, **kwargs)
  File "/home/wjt/CardDiffBench_official_a2a_main_20260712/.venv/lib/python3.10/site-packages/a2a/server/request_handlers/default_request_handler.py", line 445, in _cleanup_producer
    await producer_task
  File "/home/wjt/CardDiffBench_official_a2a_main_20260712/.venv/lib/python3.10/site-packages/a2a/utils/telemetry.py", line 228, in async_wrapper
    result = await func(*args, **kwargs)
  File "/home/wjt/CardDiffBench_official_a2a_main_20260712/.venv/lib/python3.10/site-packages/a2a/server/request_handlers/default_request_handler.py", line 196, in _run_event_stream
    await self.agent_executor.execute(request, queue)
  File "/home/wjt/CardDiffBench_official_a2a_main_20260712/harness/transfer/official_a2a_peer.py", line 77, in execute
    artifact = self.env._response_artifact(body=body, identity=identity, scopes=scopes,
  File "/home/wjt/CardDiffBench_official_a2a_main_20260712/harness/downstream/impact_env.py", line 353, in _response_artifact
    raise RuntimeError(f"protocol adapter {version} could not encode the worker result")
RuntimeError: protocol adapter 1.0-primary could not encode the worker result
Request Error (ID: 1cb24d4e-dff2-4a7a-af2e-6139f2ba4114): Code=-32603, Message='protocol adapter 1.0-primary could not encode the worker result'
Agent execution failed
Traceback (most recent call last):
  File "/home/wjt/CardDiffBench_official_a2a_main_20260712/sut/transfer/official_a2a_protocol.py", line 27, in run_async
    asyncio.get_running_loop()
RuntimeError: no running event loop

During handling of the above exception, another exception occurred:

Traceback (most recent call last):
  File "/home/wjt/CardDiffBench_official_a2a_main_20260712/.venv/lib/python3.10/site-packages/a2a/server/request_handlers/default_request_handler.py", line 326, in on_message_send
    ) = await result_aggregator.consume_and_break_on_interrupt(
  File "/home/wjt/CardDiffBench_official_a2a_main_20260712/.venv/lib/python3.10/site-packages/a2a/server/tasks/result_aggregator.py", line 135, in consume_and_break_on_interrupt
    async for event in event_stream:
  File "/home/wjt/CardDiffBench_official_a2a_main_20260712/.venv/lib/python3.10/site-packages/a2a/server/events/event_consumer.py", line 87, in consume_all
    raise self._exception
  File "/home/wjt/CardDiffBench_official_a2a_main_20260712/.venv/lib/python3.10/site-packages/a2a/utils/telemetry.py", line 228, in async_wrapper
    result = await func(*args, **kwargs)
  File "/home/wjt/CardDiffBench_official_a2a_main_20260712/.venv/lib/python3.10/site-packages/a2a/server/request_handlers/default_request_handler.py", line 196, in _run_event_stream
    await self.agent_executor.execute(request, queue)
  File "/home/wjt/CardDiffBench_official_a2a_main_20260712/harness/transfer/official_a2a_peer.py", line 77, in execute
    artifact = self.env._response_artifact(body=body, identity=identity, scopes=scopes,
  File "/home/wjt/CardDiffBench_official_a2a_main_20260712/harness/downstream/impact_env.py", line 353, in _response_artifact
    raise RuntimeError(f"protocol adapter {version} could not encode the worker result")
RuntimeError: protocol adapter 1.0-primary could not encode the worker result
Unhandled exception
Traceback (most recent call last):
  File "/home/wjt/CardDiffBench_official_a2a_main_20260712/sut/transfer/official_a2a_protocol.py", line 27, in run_async
    asyncio.get_running_loop()
RuntimeError: no running event loop

During handling of the above exception, another exception occurred:

Traceback (most recent call last):
  File "/home/wjt/CardDiffBench_official_a2a_main_20260712/.venv/lib/python3.10/site-packages/a2a/server/apps/jsonrpc/jsonrpc_app.py", line 384, in _handle_requests
    return await self._process_non_streaming_request(
  File "/home/wjt/CardDiffBench_official_a2a_main_20260712/.venv/lib/python3.10/site-packages/a2a/server/apps/jsonrpc/jsonrpc_app.py", line 464, in _process_non_streaming_request
    handler_result = await self.handler.on_message_send(
  File "/home/wjt/CardDiffBench_official_a2a_main_20260712/.venv/lib/python3.10/site-packages/a2a/utils/telemetry.py", line 228, in async_wrapper
    result = await func(*args, **kwargs)
  File "/home/wjt/CardDiffBench_official_a2a_main_20260712/.venv/lib/python3.10/site-packages/a2a/server/request_handlers/jsonrpc_handler.py", line 107, in on_message_send
    task_or_message = await self.request_handler.on_message_send(
  File "/home/wjt/CardDiffBench_official_a2a_main_20260712/.venv/lib/python3.10/site-packages/a2a/utils/telemetry.py", line 228, in async_wrapper
    result = await func(*args, **kwargs)
  File "/home/wjt/CardDiffBench_official_a2a_main_20260712/.venv/lib/python3.10/site-packages/a2a/server/request_handlers/default_request_handler.py", line 348, in on_message_send
    await self._cleanup_producer(producer_task, task_id)
  File "/home/wjt/CardDiffBench_official_a2a_main_20260712/.venv/lib/python3.10/site-packages/a2a/utils/telemetry.py", line 228, in async_wrapper
    result = await func(*args, **kwargs)
  File "/home/wjt/CardDiffBench_official_a2a_main_20260712/.venv/lib/python3.10/site-packages/a2a/server/request_handlers/default_request_handler.py", line 445, in _cleanup_producer
    await producer_task
  File "/home/wjt/CardDiffBench_official_a2a_main_20260712/.venv/lib/python3.10/site-packages/a2a/utils/telemetry.py", line 228, in async_wrapper
    result = await func(*args, **kwargs)
  File "/home/wjt/CardDiffBench_official_a2a_main_20260712/.venv/lib/python3.10/site-packages/a2a/server/request_handlers/default_request_handler.py", line 196, in _run_event_stream
    await self.agent_executor.execute(request, queue)
  File "/home/wjt/CardDiffBench_official_a2a_main_20260712/harness/transfer/official_a2a_peer.py", line 77, in execute
    artifact = self.env._response_artifact(body=body, identity=identity, scopes=scopes,
  File "/home/wjt/CardDiffBench_official_a2a_main_20260712/harness/downstream/impact_env.py", line 353, in _response_artifact
    raise RuntimeError(f"protocol adapter {version} could not encode the worker result")
RuntimeError: protocol adapter 1.0-primary could not encode the worker result
Request Error (ID: 9515fb08-aafc-43d8-a20d-e61938af04bf): Code=-32603, Message='protocol adapter 1.0-primary could not encode the worker result'
Agent execution failed
Traceback (most recent call last):
  File "/home/wjt/CardDiffBench_official_a2a_main_20260712/sut/transfer/official_a2a_protocol.py", line 27, in run_async
    asyncio.get_running_loop()
RuntimeError: no running event loop

During handling of the above exception, another exception occurred:

Traceback (most recent call last):
  File "/home/wjt/CardDiffBench_official_a2a_main_20260712/.venv/lib/python3.10/site-packages/a2a/server/request_handlers/default_request_handler.py", line 326, in on_message_send
    ) = await result_aggregator.consume_and_break_on_interrupt(
  File "/home/wjt/CardDiffBench_official_a2a_main_20260712/.venv/lib/python3.10/site-packages/a2a/server/tasks/result_aggregator.py", line 135, in consume_and_break_on_interrupt
    async for event in event_stream:
  File "/home/wjt/CardDiffBench_official_a2a_main_20260712/.venv/lib/python3.10/site-packages/a2a/server/events/event_consumer.py", line 87, in consume_all
    raise self._exception
  File "/home/wjt/CardDiffBench_official_a2a_main_20260712/.venv/lib/python3.10/site-packages/a2a/utils/telemetry.py", line 228, in async_wrapper
    result = await func(*args, **kwargs)
  File "/home/wjt/CardDiffBench_official_a2a_main_20260712/.venv/lib/python3.10/site-packages/a2a/server/request_handlers/default_request_handler.py", line 196, in _run_event_stream
    await self.agent_executor.execute(request, queue)
  File "/home/wjt/CardDiffBench_official_a2a_main_20260712/harness/transfer/official_a2a_peer.py", line 77, in execute
    artifact = self.env._response_artifact(body=body, identity=identity, scopes=scopes,
  File "/home/wjt/CardDiffBench_official_a2a_main_20260712/harness/downstream/impact_env.py", line 353, in _response_artifact
    raise RuntimeError(f"protocol adapter {version} could not encode the worker result")
RuntimeError: protocol adapter 1.0-primary could not encode the worker result
Unhandled exception
Traceback (most recent call last):
  File "/home/wjt/CardDiffBench_official_a2a_main_20260712/sut/transfer/official_a2a_protocol.py", line 27, in run_async
    asyncio.get_running_loop()
RuntimeError: no running event loop

During handling of the above exception, another exception occurred:

Traceback (most recent call last):
  File "/home/wjt/CardDiffBench_official_a2a_main_20260712/.venv/lib/python3.10/site-packages/a2a/server/apps/jsonrpc/jsonrpc_app.py", line 384, in _handle_requests
    return await self._process_non_streaming_request(
  File "/home/wjt/CardDiffBench_official_a2a_main_20260712/.venv/lib/python3.10/site-packages/a2a/server/apps/jsonrpc/jsonrpc_app.py", line 464, in _process_non_streaming_request
    handler_result = await self.handler.on_message_send(
  File "/home/wjt/CardDiffBench_official_a2a_main_20260712/.venv/lib/python3.10/site-packages/a2a/utils/telemetry.py", line 228, in async_wrapper
    result = await func(*args, **kwargs)
  File "/home/wjt/CardDiffBench_official_a2a_main_20260712/.venv/lib/python3.10/site-packages/a2a/server/request_handlers/jsonrpc_handler.py", line 107, in on_message_send
    task_or_message = await self.request_handler.on_message_send(
  File "/home/wjt/CardDiffBench_official_a2a_main_20260712/.venv/lib/python3.10/site-packages/a2a/utils/telemetry.py", line 228, in async_wrapper
    result = await func(*args, **kwargs)
  File "/home/wjt/CardDiffBench_official_a2a_main_20260712/.venv/lib/python3.10/site-packages/a2a/server/request_handlers/default_request_handler.py", line 348, in on_message_send
    await self._cleanup_producer(producer_task, task_id)
  File "/home/wjt/CardDiffBench_official_a2a_main_20260712/.venv/lib/python3.10/site-packages/a2a/utils/telemetry.py", line 228, in async_wrapper
    result = await func(*args, **kwargs)
  File "/home/wjt/CardDiffBench_official_a2a_main_20260712/.venv/lib/python3.10/site-packages/a2a/server/request_handlers/default_request_handler.py", line 445, in _cleanup_producer
    await producer_task
  File "/home/wjt/CardDiffBench_official_a2a_main_20260712/.venv/lib/python3.10/site-packages/a2a/utils/telemetry.py", line 228, in async_wrapper
    result = await func(*args, **kwargs)
  File "/home/wjt/CardDiffBench_official_a2a_main_20260712/.venv/lib/python3.10/site-packages/a2a/server/request_handlers/default_request_handler.py", line 196, in _run_event_stream
    await self.agent_executor.execute(request, queue)
  File "/home/wjt/CardDiffBench_official_a2a_main_20260712/harness/transfer/official_a2a_peer.py", line 77, in execute
    artifact = self.env._response_artifact(body=body, identity=identity, scopes=scopes,
  File "/home/wjt/CardDiffBench_official_a2a_main_20260712/harness/downstream/impact_env.py", line 353, in _response_artifact
    raise RuntimeError(f"protocol adapter {version} could not encode the worker result")
RuntimeError: protocol adapter 1.0-primary could not encode the worker result
Request Error (ID: 1b2d1a26-cf69-4a28-8aab-9b06b4a9d113): Code=-32603, Message='protocol adapter 1.0-primary could not encode the worker result'
Agent execution failed
Traceback (most recent call last):
  File "/home/wjt/CardDiffBench_official_a2a_main_20260712/sut/transfer/official_a2a_protocol.py", line 27, in run_async
    asyncio.get_running_loop()
RuntimeError: no running event loop

During handling of the above exception, another exception occurred:

Traceback (most recent call last):
  File "/home/wjt/CardDiffBench_official_a2a_main_20260712/.venv/lib/python3.10/site-packages/a2a/server/request_handlers/default_request_handler.py", line 326, in on_message_send
    ) = await result_aggregator.consume_and_break_on_interrupt(
  File "/home/wjt/CardDiffBench_official_a2a_main_20260712/.venv/lib/python3.10/site-packages/a2a/server/tasks/result_aggregator.py", line 135, in consume_and_break_on_interrupt
    async for event in event_stream:
  File "/home/wjt/CardDiffBench_official_a2a_main_20260712/.venv/lib/python3.10/site-packages/a2a/server/events/event_consumer.py", line 87, in consume_all
    raise self._exception
  File "/home/wjt/CardDiffBench_official_a2a_main_20260712/.venv/lib/python3.10/site-packages/a2a/utils/telemetry.py", line 228, in async_wrapper
    result = await func(*args, **kwargs)
  File "/home/wjt/CardDiffBench_official_a2a_main_20260712/.venv/lib/python3.10/site-packages/a2a/server/request_handlers/default_request_handler.py", line 196, in _run_event_stream
    await self.agent_executor.execute(request, queue)
  File "/home/wjt/CardDiffBench_official_a2a_main_20260712/harness/transfer/official_a2a_peer.py", line 77, in execute
    artifact = self.env._response_artifact(body=body, identity=identity, scopes=scopes,
  File "/home/wjt/CardDiffBench_official_a2a_main_20260712/harness/downstream/impact_env.py", line 353, in _response_artifact
    raise RuntimeError(f"protocol adapter {version} could not encode the worker result")
RuntimeError: protocol adapter 1.0-primary could not encode the worker result
Unhandled exception
Traceback (most recent call last):
  File "/home/wjt/CardDiffBench_official_a2a_main_20260712/sut/transfer/official_a2a_protocol.py", line 27, in run_async
    asyncio.get_running_loop()
RuntimeError: no running event loop

During handling of the above exception, another exception occurred:

Traceback (most recent call last):
  File "/home/wjt/CardDiffBench_official_a2a_main_20260712/.venv/lib/python3.10/site-packages/a2a/server/apps/jsonrpc/jsonrpc_app.py", line 384, in _handle_requests
    return await self._process_non_streaming_request(
  File "/home/wjt/CardDiffBench_official_a2a_main_20260712/.venv/lib/python3.10/site-packages/a2a/server/apps/jsonrpc/jsonrpc_app.py", line 464, in _process_non_streaming_request
    handler_result = await self.handler.on_message_send(
  File "/home/wjt/CardDiffBench_official_a2a_main_20260712/.venv/lib/python3.10/site-packages/a2a/utils/telemetry.py", line 228, in async_wrapper
    result = await func(*args, **kwargs)
  File "/home/wjt/CardDiffBench_official_a2a_main_20260712/.venv/lib/python3.10/site-packages/a2a/server/request_handlers/jsonrpc_handler.py", line 107, in on_message_send
    task_or_message = await self.request_handler.on_message_send(
  File "/home/wjt/CardDiffBench_official_a2a_main_20260712/.venv/lib/python3.10/site-packages/a2a/utils/telemetry.py", line 228, in async_wrapper
    result = await func(*args, **kwargs)
  File "/home/wjt/CardDiffBench_official_a2a_main_20260712/.venv/lib/python3.10/site-packages/a2a/server/request_handlers/default_request_handler.py", line 348, in on_message_send
    await self._cleanup_producer(producer_task, task_id)
  File "/home/wjt/CardDiffBench_official_a2a_main_20260712/.venv/lib/python3.10/site-packages/a2a/utils/telemetry.py", line 228, in async_wrapper
    result = await func(*args, **kwargs)
  File "/home/wjt/CardDiffBench_official_a2a_main_20260712/.venv/lib/python3.10/site-packages/a2a/server/request_handlers/default_request_handler.py", line 445, in _cleanup_producer
    await producer_task
  File "/home/wjt/CardDiffBench_official_a2a_main_20260712/.venv/lib/python3.10/site-packages/a2a/utils/telemetry.py", line 228, in async_wrapper
    result = await func(*args, **kwargs)
  File "/home/wjt/CardDiffBench_official_a2a_main_20260712/.venv/lib/python3.10/site-packages/a2a/server/request_handlers/default_request_handler.py", line 196, in _run_event_stream
    await self.agent_executor.execute(request, queue)
  File "/home/wjt/CardDiffBench_official_a2a_main_20260712/harness/transfer/official_a2a_peer.py", line 77, in execute
    artifact = self.env._response_artifact(body=body, identity=identity, scopes=scopes,
  File "/home/wjt/CardDiffBench_official_a2a_main_20260712/harness/downstream/impact_env.py", line 353, in _response_artifact
    raise RuntimeError(f"protocol adapter {version} could not encode the worker result")
RuntimeError: protocol adapter 1.0-primary could not encode the worker result
Request Error (ID: 359c5567-83b2-411c-b242-eb18ab9b2e7d): Code=-32603, Message='protocol adapter 1.0-primary could not encode the worker result'
Agent execution failed
Traceback (most recent call last):
  File "/home/wjt/CardDiffBench_official_a2a_main_20260712/sut/transfer/official_a2a_protocol.py", line 27, in run_async
    asyncio.get_running_loop()
RuntimeError: no running event loop

During handling of the above exception, another exception occurred:

Traceback (most recent call last):
  File "/home/wjt/CardDiffBench_official_a2a_main_20260712/.venv/lib/python3.10/site-packages/a2a/server/request_handlers/default_request_handler.py", line 326, in on_message_send
    ) = await result_aggregator.consume_and_break_on_interrupt(
  File "/home/wjt/CardDiffBench_official_a2a_main_20260712/.venv/lib/python3.10/site-packages/a2a/server/tasks/result_aggregator.py", line 135, in consume_and_break_on_interrupt
    async for event in event_stream:
  File "/home/wjt/CardDiffBench_official_a2a_main_20260712/.venv/lib/python3.10/site-packages/a2a/server/events/event_consumer.py", line 87, in consume_all
    raise self._exception
  File "/home/wjt/CardDiffBench_official_a2a_main_20260712/.venv/lib/python3.10/site-packages/a2a/utils/telemetry.py", line 228, in async_wrapper
    result = await func(*args, **kwargs)
  File "/home/wjt/CardDiffBench_official_a2a_main_20260712/.venv/lib/python3.10/site-packages/a2a/server/request_handlers/default_request_handler.py", line 196, in _run_event_stream
    await self.agent_executor.execute(request, queue)
  File "/home/wjt/CardDiffBench_official_a2a_main_20260712/harness/transfer/official_a2a_peer.py", line 77, in execute
    artifact = self.env._response_artifact(body=body, identity=identity, scopes=scopes,
  File "/home/wjt/CardDiffBench_official_a2a_main_20260712/harness/downstream/impact_env.py", line 353, in _response_artifact
    raise RuntimeError(f"protocol adapter {version} could not encode the worker result")
RuntimeError: protocol adapter 1.0-primary could not encode the worker result
Unhandled exception
Traceback (most recent call last):
  File "/home/wjt/CardDiffBench_official_a2a_main_20260712/sut/transfer/official_a2a_protocol.py", line 27, in run_async
    asyncio.get_running_loop()
RuntimeError: no running event loop

During handling of the above exception, another exception occurred:

Traceback (most recent call last):
  File "/home/wjt/CardDiffBench_official_a2a_main_20260712/.venv/lib/python3.10/site-packages/a2a/server/apps/jsonrpc/jsonrpc_app.py", line 384, in _handle_requests
    return await self._process_non_streaming_request(
  File "/home/wjt/CardDiffBench_official_a2a_main_20260712/.venv/lib/python3.10/site-packages/a2a/server/apps/jsonrpc/jsonrpc_app.py", line 464, in _process_non_streaming_request
    handler_result = await self.handler.on_message_send(
  File "/home/wjt/CardDiffBench_official_a2a_main_20260712/.venv/lib/python3.10/site-packages/a2a/utils/telemetry.py", line 228, in async_wrapper
    result = await func(*args, **kwargs)
  File "/home/wjt/CardDiffBench_official_a2a_main_20260712/.venv/lib/python3.10/site-packages/a2a/server/request_handlers/jsonrpc_handler.py", line 107, in on_message_send
    task_or_message = await self.request_handler.on_message_send(
  File "/home/wjt/CardDiffBench_official_a2a_main_20260712/.venv/lib/python3.10/site-packages/a2a/utils/telemetry.py", line 228, in async_wrapper
    result = await func(*args, **kwargs)
  File "/home/wjt/CardDiffBench_official_a2a_main_20260712/.venv/lib/python3.10/site-packages/a2a/server/request_handlers/default_request_handler.py", line 348, in on_message_send
    await self._cleanup_producer(producer_task, task_id)
  File "/home/wjt/CardDiffBench_official_a2a_main_20260712/.venv/lib/python3.10/site-packages/a2a/utils/telemetry.py", line 228, in async_wrapper
    result = await func(*args, **kwargs)
  File "/home/wjt/CardDiffBench_official_a2a_main_20260712/.venv/lib/python3.10/site-packages/a2a/server/request_handlers/default_request_handler.py", line 445, in _cleanup_producer
    await producer_task
  File "/home/wjt/CardDiffBench_official_a2a_main_20260712/.venv/lib/python3.10/site-packages/a2a/utils/telemetry.py", line 228, in async_wrapper
    result = await func(*args, **kwargs)
  File "/home/wjt/CardDiffBench_official_a2a_main_20260712/.venv/lib/python3.10/site-packages/a2a/server/request_handlers/default_request_handler.py", line 196, in _run_event_stream
    await self.agent_executor.execute(request, queue)
  File "/home/wjt/CardDiffBench_official_a2a_main_20260712/harness/transfer/official_a2a_peer.py", line 77, in execute
    artifact = self.env._response_artifact(body=body, identity=identity, scopes=scopes,
  File "/home/wjt/CardDiffBench_official_a2a_main_20260712/harness/downstream/impact_env.py", line 353, in _response_artifact
    raise RuntimeError(f"protocol adapter {version} could not encode the worker result")
RuntimeError: protocol adapter 1.0-primary could not encode the worker result
Request Error (ID: ce06f6eb-4dc0-4395-ae04-c4a76e5b5fbe): Code=-32603, Message='protocol adapter 1.0-primary could not encode the worker result'
Agent execution failed
Traceback (most recent call last):
  File "/home/wjt/CardDiffBench_official_a2a_main_20260712/sut/transfer/official_a2a_protocol.py", line 27, in run_async
    asyncio.get_running_loop()
RuntimeError: no running event loop

During handling of the above exception, another exception occurred:

Traceback (most recent call last):
  File "/home/wjt/CardDiffBench_official_a2a_main_20260712/.venv/lib/python3.10/site-packages/a2a/server/request_handlers/default_request_handler.py", line 326, in on_message_send
    ) = await result_aggregator.consume_and_break_on_interrupt(
  File "/home/wjt/CardDiffBench_official_a2a_main_20260712/.venv/lib/python3.10/site-packages/a2a/server/tasks/result_aggregator.py", line 135, in consume_and_break_on_interrupt
    async for event in event_stream:
  File "/home/wjt/CardDiffBench_official_a2a_main_20260712/.venv/lib/python3.10/site-packages/a2a/server/events/event_consumer.py", line 87, in consume_all
    raise self._exception
  File "/home/wjt/CardDiffBench_official_a2a_main_20260712/.venv/lib/python3.10/site-packages/a2a/utils/telemetry.py", line 228, in async_wrapper
    result = await func(*args, **kwargs)
  File "/home/wjt/CardDiffBench_official_a2a_main_20260712/.venv/lib/python3.10/site-packages/a2a/server/request_handlers/default_request_handler.py", line 196, in _run_event_stream
    await self.agent_executor.execute(request, queue)
  File "/home/wjt/CardDiffBench_official_a2a_main_20260712/harness/transfer/official_a2a_peer.py", line 77, in execute
    artifact = self.env._response_artifact(body=body, identity=identity, scopes=scopes,
  File "/home/wjt/CardDiffBench_official_a2a_main_20260712/harness/downstream/impact_env.py", line 353, in _response_artifact
    raise RuntimeError(f"protocol adapter {version} could not encode the worker result")
RuntimeError: protocol adapter 1.0-primary could not encode the worker result
Unhandled exception
Traceback (most recent call last):
  File "/home/wjt/CardDiffBench_official_a2a_main_20260712/sut/transfer/official_a2a_protocol.py", line 27, in run_async
    asyncio.get_running_loop()
RuntimeError: no running event loop

During handling of the above exception, another exception occurred:

Traceback (most recent call last):
  File "/home/wjt/CardDiffBench_official_a2a_main_20260712/.venv/lib/python3.10/site-packages/a2a/server/apps/jsonrpc/jsonrpc_app.py", line 384, in _handle_requests
    return await self._process_non_streaming_request(
  File "/home/wjt/CardDiffBench_official_a2a_main_20260712/.venv/lib/python3.10/site-packages/a2a/server/apps/jsonrpc/jsonrpc_app.py", line 464, in _process_non_streaming_request
    handler_result = await self.handler.on_message_send(
  File "/home/wjt/CardDiffBench_official_a2a_main_20260712/.venv/lib/python3.10/site-packages/a2a/utils/telemetry.py", line 228, in async_wrapper
    result = await func(*args, **kwargs)
  File "/home/wjt/CardDiffBench_official_a2a_main_20260712/.venv/lib/python3.10/site-packages/a2a/server/request_handlers/jsonrpc_handler.py", line 107, in on_message_send
    task_or_message = await self.request_handler.on_message_send(
  File "/home/wjt/CardDiffBench_official_a2a_main_20260712/.venv/lib/python3.10/site-packages/a2a/utils/telemetry.py", line 228, in async_wrapper
    result = await func(*args, **kwargs)
  File "/home/wjt/CardDiffBench_official_a2a_main_20260712/.venv/lib/python3.10/site-packages/a2a/server/request_handlers/default_request_handler.py", line 348, in on_message_send
    await self._cleanup_producer(producer_task, task_id)
  File "/home/wjt/CardDiffBench_official_a2a_main_20260712/.venv/lib/python3.10/site-packages/a2a/utils/telemetry.py", line 228, in async_wrapper
    result = await func(*args, **kwargs)
  File "/home/wjt/CardDiffBench_official_a2a_main_20260712/.venv/lib/python3.10/site-packages/a2a/server/request_handlers/default_request_handler.py", line 445, in _cleanup_producer
    await producer_task
  File "/home/wjt/CardDiffBench_official_a2a_main_20260712/.venv/lib/python3.10/site-packages/a2a/utils/telemetry.py", line 228, in async_wrapper
    result = await func(*args, **kwargs)
  File "/home/wjt/CardDiffBench_official_a2a_main_20260712/.venv/lib/python3.10/site-packages/a2a/server/request_handlers/default_request_handler.py", line 196, in _run_event_stream
    await self.agent_executor.execute(request, queue)
  File "/home/wjt/CardDiffBench_official_a2a_main_20260712/harness/transfer/official_a2a_peer.py", line 77, in execute
    artifact = self.env._response_artifact(body=body, identity=identity, scopes=scopes,
  File "/home/wjt/CardDiffBench_official_a2a_main_20260712/harness/downstream/impact_env.py", line 353, in _response_artifact
    raise RuntimeError(f"protocol adapter {version} could not encode the worker result")
RuntimeError: protocol adapter 1.0-primary could not encode the worker result
Request Error (ID: e1d3410c-99f7-4e27-b6fe-1ec1fd1d9f43): Code=-32603, Message='protocol adapter 1.0-primary could not encode the worker result'
Agent execution failed
Traceback (most recent call last):
  File "/home/wjt/CardDiffBench_official_a2a_main_20260712/sut/transfer/official_a2a_protocol.py", line 27, in run_async
    asyncio.get_running_loop()
RuntimeError: no running event loop

During handling of the above exception, another exception occurred:

Traceback (most recent call last):
  File "/home/wjt/CardDiffBench_official_a2a_main_20260712/.venv/lib/python3.10/site-packages/a2a/server/request_handlers/default_request_handler.py", line 326, in on_message_send
    ) = await result_aggregator.consume_and_break_on_interrupt(
  File "/home/wjt/CardDiffBench_official_a2a_main_20260712/.venv/lib/python3.10/site-packages/a2a/server/tasks/result_aggregator.py", line 135, in consume_and_break_on_interrupt
    async for event in event_stream:
  File "/home/wjt/CardDiffBench_official_a2a_main_20260712/.venv/lib/python3.10/site-packages/a2a/server/events/event_consumer.py", line 87, in consume_all
    raise self._exception
  File "/home/wjt/CardDiffBench_official_a2a_main_20260712/.venv/lib/python3.10/site-packages/a2a/utils/telemetry.py", line 228, in async_wrapper
    result = await func(*args, **kwargs)
  File "/home/wjt/CardDiffBench_official_a2a_main_20260712/.venv/lib/python3.10/site-packages/a2a/server/request_handlers/default_request_handler.py", line 196, in _run_event_stream
    await self.agent_executor.execute(request, queue)
  File "/home/wjt/CardDiffBench_official_a2a_main_20260712/harness/transfer/official_a2a_peer.py", line 77, in execute
    artifact = self.env._response_artifact(body=body, identity=identity, scopes=scopes,
  File "/home/wjt/CardDiffBench_official_a2a_main_20260712/harness/downstream/impact_env.py", line 353, in _response_artifact
    raise RuntimeError(f"protocol adapter {version} could not encode the worker result")
RuntimeError: protocol adapter 1.0-primary could not encode the worker result
Unhandled exception
Traceback (most recent call last):
  File "/home/wjt/CardDiffBench_official_a2a_main_20260712/sut/transfer/official_a2a_protocol.py", line 27, in run_async
    asyncio.get_running_loop()
RuntimeError: no running event loop

During handling of the above exception, another exception occurred:

Traceback (most recent call last):
  File "/home/wjt/CardDiffBench_official_a2a_main_20260712/.venv/lib/python3.10/site-packages/a2a/server/apps/jsonrpc/jsonrpc_app.py", line 384, in _handle_requests
    return await self._process_non_streaming_request(
  File "/home/wjt/CardDiffBench_official_a2a_main_20260712/.venv/lib/python3.10/site-packages/a2a/server/apps/jsonrpc/jsonrpc_app.py", line 464, in _process_non_streaming_request
    handler_result = await self.handler.on_message_send(
  File "/home/wjt/CardDiffBench_official_a2a_main_20260712/.venv/lib/python3.10/site-packages/a2a/utils/telemetry.py", line 228, in async_wrapper
    result = await func(*args, **kwargs)
  File "/home/wjt/CardDiffBench_official_a2a_main_20260712/.venv/lib/python3.10/site-packages/a2a/server/request_handlers/jsonrpc_handler.py", line 107, in on_message_send
    task_or_message = await self.request_handler.on_message_send(
  File "/home/wjt/CardDiffBench_official_a2a_main_20260712/.venv/lib/python3.10/site-packages/a2a/utils/telemetry.py", line 228, in async_wrapper
    result = await func(*args, **kwargs)
  File "/home/wjt/CardDiffBench_official_a2a_main_20260712/.venv/lib/python3.10/site-packages/a2a/server/request_handlers/default_request_handler.py", line 348, in on_message_send
    await self._cleanup_producer(producer_task, task_id)
  File "/home/wjt/CardDiffBench_official_a2a_main_20260712/.venv/lib/python3.10/site-packages/a2a/utils/telemetry.py", line 228, in async_wrapper
    result = await func(*args, **kwargs)
  File "/home/wjt/CardDiffBench_official_a2a_main_20260712/.venv/lib/python3.10/site-packages/a2a/server/request_handlers/default_request_handler.py", line 445, in _cleanup_producer
    await producer_task
  File "/home/wjt/CardDiffBench_official_a2a_main_20260712/.venv/lib/python3.10/site-packages/a2a/utils/telemetry.py", line 228, in async_wrapper
    result = await func(*args, **kwargs)
  File "/home/wjt/CardDiffBench_official_a2a_main_20260712/.venv/lib/python3.10/site-packages/a2a/server/request_handlers/default_request_handler.py", line 196, in _run_event_stream
    await self.agent_executor.execute(request, queue)
  File "/home/wjt/CardDiffBench_official_a2a_main_20260712/harness/transfer/official_a2a_peer.py", line 77, in execute
    artifact = self.env._response_artifact(body=body, identity=identity, scopes=scopes,
  File "/home/wjt/CardDiffBench_official_a2a_main_20260712/harness/downstream/impact_env.py", line 353, in _response_artifact
    raise RuntimeError(f"protocol adapter {version} could not encode the worker result")
RuntimeError: protocol adapter 1.0-primary could not encode the worker result
Request Error (ID: 0a3ba215-9e1d-4e61-b604-249d6e0824b2): Code=-32603, Message='protocol adapter 1.0-primary could not encode the worker result'
Agent execution failed
Traceback (most recent call last):
  File "/home/wjt/CardDiffBench_official_a2a_main_20260712/sut/transfer/official_a2a_protocol.py", line 27, in run_async
    asyncio.get_running_loop()
RuntimeError: no running event loop

During handling of the above exception, another exception occurred:

Traceback (most recent call last):
  File "/home/wjt/CardDiffBench_official_a2a_main_20260712/.venv/lib/python3.10/site-packages/a2a/server/request_handlers/default_request_handler.py", line 326, in on_message_send
    ) = await result_aggregator.consume_and_break_on_interrupt(
  File "/home/wjt/CardDiffBench_official_a2a_main_20260712/.venv/lib/python3.10/site-packages/a2a/server/tasks/result_aggregator.py", line 135, in consume_and_break_on_interrupt
    async for event in event_stream:
  File "/home/wjt/CardDiffBench_official_a2a_main_20260712/.venv/lib/python3.10/site-packages/a2a/server/events/event_consumer.py", line 87, in consume_all
    raise self._exception
  File "/home/wjt/CardDiffBench_official_a2a_main_20260712/.venv/lib/python3.10/site-packages/a2a/utils/telemetry.py", line 228, in async_wrapper
    result = await func(*args, **kwargs)
  File "/home/wjt/CardDiffBench_official_a2a_main_20260712/.venv/lib/python3.10/site-packages/a2a/server/request_handlers/default_request_handler.py", line 196, in _run_event_stream
    await self.agent_executor.execute(request, queue)
  File "/home/wjt/CardDiffBench_official_a2a_main_20260712/harness/transfer/official_a2a_peer.py", line 77, in execute
    artifact = self.env._response_artifact(body=body, identity=identity, scopes=scopes,
  File "/home/wjt/CardDiffBench_official_a2a_main_20260712/harness/downstream/impact_env.py", line 353, in _response_artifact
    raise RuntimeError(f"protocol adapter {version} could not encode the worker result")
RuntimeError: protocol adapter 1.0-primary could not encode the worker result
Unhandled exception
Traceback (most recent call last):
  File "/home/wjt/CardDiffBench_official_a2a_main_20260712/sut/transfer/official_a2a_protocol.py", line 27, in run_async
    asyncio.get_running_loop()
RuntimeError: no running event loop

During handling of the above exception, another exception occurred:

Traceback (most recent call last):
  File "/home/wjt/CardDiffBench_official_a2a_main_20260712/.venv/lib/python3.10/site-packages/a2a/server/apps/jsonrpc/jsonrpc_app.py", line 384, in _handle_requests
    return await self._process_non_streaming_request(
  File "/home/wjt/CardDiffBench_official_a2a_main_20260712/.venv/lib/python3.10/site-packages/a2a/server/apps/jsonrpc/jsonrpc_app.py", line 464, in _process_non_streaming_request
    handler_result = await self.handler.on_message_send(
  File "/home/wjt/CardDiffBench_official_a2a_main_20260712/.venv/lib/python3.10/site-packages/a2a/utils/telemetry.py", line 228, in async_wrapper
    result = await func(*args, **kwargs)
  File "/home/wjt/CardDiffBench_official_a2a_main_20260712/.venv/lib/python3.10/site-packages/a2a/server/request_handlers/jsonrpc_handler.py", line 107, in on_message_send
    task_or_message = await self.request_handler.on_message_send(
  File "/home/wjt/CardDiffBench_official_a2a_main_20260712/.venv/lib/python3.10/site-packages/a2a/utils/telemetry.py", line 228, in async_wrapper
    result = await func(*args, **kwargs)
  File "/home/wjt/CardDiffBench_official_a2a_main_20260712/.venv/lib/python3.10/site-packages/a2a/server/request_handlers/default_request_handler.py", line 348, in on_message_send
    await self._cleanup_producer(producer_task, task_id)
  File "/home/wjt/CardDiffBench_official_a2a_main_20260712/.venv/lib/python3.10/site-packages/a2a/utils/telemetry.py", line 228, in async_wrapper
    result = await func(*args, **kwargs)
  File "/home/wjt/CardDiffBench_official_a2a_main_20260712/.venv/lib/python3.10/site-packages/a2a/server/request_handlers/default_request_handler.py", line 445, in _cleanup_producer
    await producer_task
  File "/home/wjt/CardDiffBench_official_a2a_main_20260712/.venv/lib/python3.10/site-packages/a2a/utils/telemetry.py", line 228, in async_wrapper
    result = await func(*args, **kwargs)
  File "/home/wjt/CardDiffBench_official_a2a_main_20260712/.venv/lib/python3.10/site-packages/a2a/server/request_handlers/default_request_handler.py", line 196, in _run_event_stream
    await self.agent_executor.execute(request, queue)
  File "/home/wjt/CardDiffBench_official_a2a_main_20260712/harness/transfer/official_a2a_peer.py", line 77, in execute
    artifact = self.env._response_artifact(body=body, identity=identity, scopes=scopes,
  File "/home/wjt/CardDiffBench_official_a2a_main_20260712/harness/downstream/impact_env.py", line 353, in _response_artifact
    raise RuntimeError(f"protocol adapter {version} could not encode the worker result")
RuntimeError: protocol adapter 1.0-primary could not encode the worker result
Request Error (ID: 78ce1531-048b-4c24-8f5a-6a6dffe74be9): Code=-32603, Message='protocol adapter 1.0-primary could not encode the worker result'
Agent execution failed
Traceback (most recent call last):
  File "/home/wjt/CardDiffBench_official_a2a_main_20260712/sut/transfer/official_a2a_protocol.py", line 27, in run_async
    asyncio.get_running_loop()
RuntimeError: no running event loop

During handling of the above exception, another exception occurred:

Traceback (most recent call last):
  File "/home/wjt/CardDiffBench_official_a2a_main_20260712/.venv/lib/python3.10/site-packages/a2a/server/request_handlers/default_request_handler.py", line 326, in on_message_send
    ) = await result_aggregator.consume_and_break_on_interrupt(
  File "/home/wjt/CardDiffBench_official_a2a_main_20260712/.venv/lib/python3.10/site-packages/a2a/server/tasks/result_aggregator.py", line 135, in consume_and_break_on_interrupt
    async for event in event_stream:
  File "/home/wjt/CardDiffBench_official_a2a_main_20260712/.venv/lib/python3.10/site-packages/a2a/server/events/event_consumer.py", line 87, in consume_all
    raise self._exception
  File "/home/wjt/CardDiffBench_official_a2a_main_20260712/.venv/lib/python3.10/site-packages/a2a/utils/telemetry.py", line 228, in async_wrapper
    result = await func(*args, **kwargs)
  File "/home/wjt/CardDiffBench_official_a2a_main_20260712/.venv/lib/python3.10/site-packages/a2a/server/request_handlers/default_request_handler.py", line 196, in _run_event_stream
    await self.agent_executor.execute(request, queue)
  File "/home/wjt/CardDiffBench_official_a2a_main_20260712/harness/transfer/official_a2a_peer.py", line 77, in execute
    artifact = self.env._response_artifact(body=body, identity=identity, scopes=scopes,
  File "/home/wjt/CardDiffBench_official_a2a_main_20260712/harness/downstream/impact_env.py", line 353, in _response_artifact
    raise RuntimeError(f"protocol adapter {version} could not encode the worker result")
RuntimeError: protocol adapter 1.0-primary could not encode the worker result
Unhandled exception
Traceback (most recent call last):
  File "/home/wjt/CardDiffBench_official_a2a_main_20260712/sut/transfer/official_a2a_protocol.py", line 27, in run_async
    asyncio.get_running_loop()
RuntimeError: no running event loop

During handling of the above exception, another exception occurred:

Traceback (most recent call last):
  File "/home/wjt/CardDiffBench_official_a2a_main_20260712/.venv/lib/python3.10/site-packages/a2a/server/apps/jsonrpc/jsonrpc_app.py", line 384, in _handle_requests
    return await self._process_non_streaming_request(
  File "/home/wjt/CardDiffBench_official_a2a_main_20260712/.venv/lib/python3.10/site-packages/a2a/server/apps/jsonrpc/jsonrpc_app.py", line 464, in _process_non_streaming_request
    handler_result = await self.handler.on_message_send(
  File "/home/wjt/CardDiffBench_official_a2a_main_20260712/.venv/lib/python3.10/site-packages/a2a/utils/telemetry.py", line 228, in async_wrapper
    result = await func(*args, **kwargs)
  File "/home/wjt/CardDiffBench_official_a2a_main_20260712/.venv/lib/python3.10/site-packages/a2a/server/request_handlers/jsonrpc_handler.py", line 107, in on_message_send
    task_or_message = await self.request_handler.on_message_send(
  File "/home/wjt/CardDiffBench_official_a2a_main_20260712/.venv/lib/python3.10/site-packages/a2a/utils/telemetry.py", line 228, in async_wrapper
    result = await func(*args, **kwargs)
  File "/home/wjt/CardDiffBench_official_a2a_main_20260712/.venv/lib/python3.10/site-packages/a2a/server/request_handlers/default_request_handler.py", line 348, in on_message_send
    await self._cleanup_producer(producer_task, task_id)
  File "/home/wjt/CardDiffBench_official_a2a_main_20260712/.venv/lib/python3.10/site-packages/a2a/utils/telemetry.py", line 228, in async_wrapper
    result = await func(*args, **kwargs)
  File "/home/wjt/CardDiffBench_official_a2a_main_20260712/.venv/lib/python3.10/site-packages/a2a/server/request_handlers/default_request_handler.py", line 445, in _cleanup_producer
    await producer_task
  File "/home/wjt/CardDiffBench_official_a2a_main_20260712/.venv/lib/python3.10/site-packages/a2a/utils/telemetry.py", line 228, in async_wrapper
    result = await func(*args, **kwargs)
  File "/home/wjt/CardDiffBench_official_a2a_main_20260712/.venv/lib/python3.10/site-packages/a2a/server/request_handlers/default_request_handler.py", line 196, in _run_event_stream
    await self.agent_executor.execute(request, queue)
  File "/home/wjt/CardDiffBench_official_a2a_main_20260712/harness/transfer/official_a2a_peer.py", line 77, in execute
    artifact = self.env._response_artifact(body=body, identity=identity, scopes=scopes,
  File "/home/wjt/CardDiffBench_official_a2a_main_20260712/harness/downstream/impact_env.py", line 353, in _response_artifact
    raise RuntimeError(f"protocol adapter {version} could not encode the worker result")
RuntimeError: protocol adapter 1.0-primary could not encode the worker result
Request Error (ID: 3f6a22cc-d3e3-40fd-88e4-5b7aa012d2c3): Code=-32603, Message='protocol adapter 1.0-primary could not encode the worker result'
Agent execution failed
Traceback (most recent call last):
  File "/home/wjt/CardDiffBench_official_a2a_main_20260712/sut/transfer/official_a2a_protocol.py", line 27, in run_async
    asyncio.get_running_loop()
RuntimeError: no running event loop

During handling of the above exception, another exception occurred:

Traceback (most recent call last):
  File "/home/wjt/CardDiffBench_official_a2a_main_20260712/.venv/lib/python3.10/site-packages/a2a/server/request_handlers/default_request_handler.py", line 326, in on_message_send
    ) = await result_aggregator.consume_and_break_on_interrupt(
  File "/home/wjt/CardDiffBench_official_a2a_main_20260712/.venv/lib/python3.10/site-packages/a2a/server/tasks/result_aggregator.py", line 135, in consume_and_break_on_interrupt
    async for event in event_stream:
  File "/home/wjt/CardDiffBench_official_a2a_main_20260712/.venv/lib/python3.10/site-packages/a2a/server/events/event_consumer.py", line 87, in consume_all
    raise self._exception
  File "/home/wjt/CardDiffBench_official_a2a_main_20260712/.venv/lib/python3.10/site-packages/a2a/utils/telemetry.py", line 228, in async_wrapper
    result = await func(*args, **kwargs)
  File "/home/wjt/CardDiffBench_official_a2a_main_20260712/.venv/lib/python3.10/site-packages/a2a/server/request_handlers/default_request_handler.py", line 196, in _run_event_stream
    await self.agent_executor.execute(request, queue)
  File "/home/wjt/CardDiffBench_official_a2a_main_20260712/harness/transfer/official_a2a_peer.py", line 77, in execute
    artifact = self.env._response_artifact(body=body, identity=identity, scopes=scopes,
  File "/home/wjt/CardDiffBench_official_a2a_main_20260712/harness/downstream/impact_env.py", line 353, in _response_artifact
    raise RuntimeError(f"protocol adapter {version} could not encode the worker result")
RuntimeError: protocol adapter 1.0-primary could not encode the worker result
Unhandled exception
Traceback (most recent call last):
  File "/home/wjt/CardDiffBench_official_a2a_main_20260712/sut/transfer/official_a2a_protocol.py", line 27, in run_async
    asyncio.get_running_loop()
RuntimeError: no running event loop

During handling of the above exception, another exception occurred:

Traceback (most recent call last):
  File "/home/wjt/CardDiffBench_official_a2a_main_20260712/.venv/lib/python3.10/site-packages/a2a/server/apps/jsonrpc/jsonrpc_app.py", line 384, in _handle_requests
    return await self._process_non_streaming_request(
  File "/home/wjt/CardDiffBench_official_a2a_main_20260712/.venv/lib/python3.10/site-packages/a2a/server/apps/jsonrpc/jsonrpc_app.py", line 464, in _process_non_streaming_request
    handler_result = await self.handler.on_message_send(
  File "/home/wjt/CardDiffBench_official_a2a_main_20260712/.venv/lib/python3.10/site-packages/a2a/utils/telemetry.py", line 228, in async_wrapper
    result = await func(*args, **kwargs)
  File "/home/wjt/CardDiffBench_official_a2a_main_20260712/.venv/lib/python3.10/site-packages/a2a/server/request_handlers/jsonrpc_handler.py", line 107, in on_message_send
    task_or_message = await self.request_handler.on_message_send(
  File "/home/wjt/CardDiffBench_official_a2a_main_20260712/.venv/lib/python3.10/site-packages/a2a/utils/telemetry.py", line 228, in async_wrapper
    result = await func(*args, **kwargs)
  File "/home/wjt/CardDiffBench_official_a2a_main_20260712/.venv/lib/python3.10/site-packages/a2a/server/request_handlers/default_request_handler.py", line 348, in on_message_send
    await self._cleanup_producer(producer_task, task_id)
  File "/home/wjt/CardDiffBench_official_a2a_main_20260712/.venv/lib/python3.10/site-packages/a2a/utils/telemetry.py", line 228, in async_wrapper
    result = await func(*args, **kwargs)
  File "/home/wjt/CardDiffBench_official_a2a_main_20260712/.venv/lib/python3.10/site-packages/a2a/server/request_handlers/default_request_handler.py", line 445, in _cleanup_producer
    await producer_task
  File "/home/wjt/CardDiffBench_official_a2a_main_20260712/.venv/lib/python3.10/site-packages/a2a/utils/telemetry.py", line 228, in async_wrapper
    result = await func(*args, **kwargs)
  File "/home/wjt/CardDiffBench_official_a2a_main_20260712/.venv/lib/python3.10/site-packages/a2a/server/request_handlers/default_request_handler.py", line 196, in _run_event_stream
    await self.agent_executor.execute(request, queue)
  File "/home/wjt/CardDiffBench_official_a2a_main_20260712/harness/transfer/official_a2a_peer.py", line 77, in execute
    artifact = self.env._response_artifact(body=body, identity=identity, scopes=scopes,
  File "/home/wjt/CardDiffBench_official_a2a_main_20260712/harness/downstream/impact_env.py", line 353, in _response_artifact
    raise RuntimeError(f"protocol adapter {version} could not encode the worker result")
RuntimeError: protocol adapter 1.0-primary could not encode the worker result
Request Error (ID: e0d85fb8-31c6-40a7-a231-341d266eca79): Code=-32603, Message='protocol adapter 1.0-primary could not encode the worker result'
Agent execution failed
Traceback (most recent call last):
  File "/home/wjt/CardDiffBench_official_a2a_main_20260712/sut/transfer/official_a2a_protocol.py", line 27, in run_async
    asyncio.get_running_loop()
RuntimeError: no running event loop

During handling of the above exception, another exception occurred:

Traceback (most recent call last):
  File "/home/wjt/CardDiffBench_official_a2a_main_20260712/.venv/lib/python3.10/site-packages/a2a/server/request_handlers/default_request_handler.py", line 326, in on_message_send
    ) = await result_aggregator.consume_and_break_on_interrupt(
  File "/home/wjt/CardDiffBench_official_a2a_main_20260712/.venv/lib/python3.10/site-packages/a2a/server/tasks/result_aggregator.py", line 135, in consume_and_break_on_interrupt
    async for event in event_stream:
  File "/home/wjt/CardDiffBench_official_a2a_main_20260712/.venv/lib/python3.10/site-packages/a2a/server/events/event_consumer.py", line 87, in consume_all
    raise self._exception
  File "/home/wjt/CardDiffBench_official_a2a_main_20260712/.venv/lib/python3.10/site-packages/a2a/utils/telemetry.py", line 228, in async_wrapper
    result = await func(*args, **kwargs)
  File "/home/wjt/CardDiffBench_official_a2a_main_20260712/.venv/lib/python3.10/site-packages/a2a/server/request_handlers/default_request_handler.py", line 196, in _run_event_stream
    await self.agent_executor.execute(request, queue)
  File "/home/wjt/CardDiffBench_official_a2a_main_20260712/harness/transfer/official_a2a_peer.py", line 77, in execute
    artifact = self.env._response_artifact(body=body, identity=identity, scopes=scopes,
  File "/home/wjt/CardDiffBench_official_a2a_main_20260712/harness/downstream/impact_env.py", line 353, in _response_artifact
    raise RuntimeError(f"protocol adapter {version} could not encode the worker result")
RuntimeError: protocol adapter 1.0-primary could not encode the worker result
Unhandled exception
Traceback (most recent call last):
  File "/home/wjt/CardDiffBench_official_a2a_main_20260712/sut/transfer/official_a2a_protocol.py", line 27, in run_async
    asyncio.get_running_loop()
RuntimeError: no running event loop

During handling of the above exception, another exception occurred:

Traceback (most recent call last):
  File "/home/wjt/CardDiffBench_official_a2a_main_20260712/.venv/lib/python3.10/site-packages/a2a/server/apps/jsonrpc/jsonrpc_app.py", line 384, in _handle_requests
    return await self._process_non_streaming_request(
  File "/home/wjt/CardDiffBench_official_a2a_main_20260712/.venv/lib/python3.10/site-packages/a2a/server/apps/jsonrpc/jsonrpc_app.py", line 464, in _process_non_streaming_request
    handler_result = await self.handler.on_message_send(
  File "/home/wjt/CardDiffBench_official_a2a_main_20260712/.venv/lib/python3.10/site-packages/a2a/utils/telemetry.py", line 228, in async_wrapper
    result = await func(*args, **kwargs)
  File "/home/wjt/CardDiffBench_official_a2a_main_20260712/.venv/lib/python3.10/site-packages/a2a/server/request_handlers/jsonrpc_handler.py", line 107, in on_message_send
    task_or_message = await self.request_handler.on_message_send(
  File "/home/wjt/CardDiffBench_official_a2a_main_20260712/.venv/lib/python3.10/site-packages/a2a/utils/telemetry.py", line 228, in async_wrapper
    result = await func(*args, **kwargs)
  File "/home/wjt/CardDiffBench_official_a2a_main_20260712/.venv/lib/python3.10/site-packages/a2a/server/request_handlers/default_request_handler.py", line 348, in on_message_send
    await self._cleanup_producer(producer_task, task_id)
  File "/home/wjt/CardDiffBench_official_a2a_main_20260712/.venv/lib/python3.10/site-packages/a2a/utils/telemetry.py", line 228, in async_wrapper
    result = await func(*args, **kwargs)
  File "/home/wjt/CardDiffBench_official_a2a_main_20260712/.venv/lib/python3.10/site-packages/a2a/server/request_handlers/default_request_handler.py", line 445, in _cleanup_producer
    await producer_task
  File "/home/wjt/CardDiffBench_official_a2a_main_20260712/.venv/lib/python3.10/site-packages/a2a/utils/telemetry.py", line 228, in async_wrapper
    result = await func(*args, **kwargs)
  File "/home/wjt/CardDiffBench_official_a2a_main_20260712/.venv/lib/python3.10/site-packages/a2a/server/request_handlers/default_request_handler.py", line 196, in _run_event_stream
    await self.agent_executor.execute(request, queue)
  File "/home/wjt/CardDiffBench_official_a2a_main_20260712/harness/transfer/official_a2a_peer.py", line 77, in execute
    artifact = self.env._response_artifact(body=body, identity=identity, scopes=scopes,
  File "/home/wjt/CardDiffBench_official_a2a_main_20260712/harness/downstream/impact_env.py", line 353, in _response_artifact
    raise RuntimeError(f"protocol adapter {version} could not encode the worker result")
RuntimeError: protocol adapter 1.0-primary could not encode the worker result
Request Error (ID: 6c61419f-f8fe-4a9c-bb2d-ea22eb846587): Code=-32603, Message='protocol adapter 1.0-primary could not encode the worker result'
Agent execution failed
Traceback (most recent call last):
  File "/home/wjt/CardDiffBench_official_a2a_main_20260712/sut/transfer/official_a2a_protocol.py", line 27, in run_async
    asyncio.get_running_loop()
RuntimeError: no running event loop

During handling of the above exception, another exception occurred:

Traceback (most recent call last):
  File "/home/wjt/CardDiffBench_official_a2a_main_20260712/.venv/lib/python3.10/site-packages/a2a/server/request_handlers/default_request_handler.py", line 326, in on_message_send
    ) = await result_aggregator.consume_and_break_on_interrupt(
  File "/home/wjt/CardDiffBench_official_a2a_main_20260712/.venv/lib/python3.10/site-packages/a2a/server/tasks/result_aggregator.py", line 135, in consume_and_break_on_interrupt
    async for event in event_stream:
  File "/home/wjt/CardDiffBench_official_a2a_main_20260712/.venv/lib/python3.10/site-packages/a2a/server/events/event_consumer.py", line 87, in consume_all
    raise self._exception
  File "/home/wjt/CardDiffBench_official_a2a_main_20260712/.venv/lib/python3.10/site-packages/a2a/utils/telemetry.py", line 228, in async_wrapper
    result = await func(*args, **kwargs)
  File "/home/wjt/CardDiffBench_official_a2a_main_20260712/.venv/lib/python3.10/site-packages/a2a/server/request_handlers/default_request_handler.py", line 196, in _run_event_stream
    await self.agent_executor.execute(request, queue)
  File "/home/wjt/CardDiffBench_official_a2a_main_20260712/harness/transfer/official_a2a_peer.py", line 77, in execute
    artifact = self.env._response_artifact(body=body, identity=identity, scopes=scopes,
  File "/home/wjt/CardDiffBench_official_a2a_main_20260712/harness/downstream/impact_env.py", line 353, in _response_artifact
    raise RuntimeError(f"protocol adapter {version} could not encode the worker result")
RuntimeError: protocol adapter 1.0-primary could not encode the worker result
Unhandled exception
Traceback (most recent call last):
  File "/home/wjt/CardDiffBench_official_a2a_main_20260712/sut/transfer/official_a2a_protocol.py", line 27, in run_async
    asyncio.get_running_loop()
RuntimeError: no running event loop

During handling of the above exception, another exception occurred:

Traceback (most recent call last):
  File "/home/wjt/CardDiffBench_official_a2a_main_20260712/.venv/lib/python3.10/site-packages/a2a/server/apps/jsonrpc/jsonrpc_app.py", line 384, in _handle_requests
    return await self._process_non_streaming_request(
  File "/home/wjt/CardDiffBench_official_a2a_main_20260712/.venv/lib/python3.10/site-packages/a2a/server/apps/jsonrpc/jsonrpc_app.py", line 464, in _process_non_streaming_request
    handler_result = await self.handler.on_message_send(
  File "/home/wjt/CardDiffBench_official_a2a_main_20260712/.venv/lib/python3.10/site-packages/a2a/utils/telemetry.py", line 228, in async_wrapper
    result = await func(*args, **kwargs)
  File "/home/wjt/CardDiffBench_official_a2a_main_20260712/.venv/lib/python3.10/site-packages/a2a/server/request_handlers/jsonrpc_handler.py", line 107, in on_message_send
    task_or_message = await self.request_handler.on_message_send(
  File "/home/wjt/CardDiffBench_official_a2a_main_20260712/.venv/lib/python3.10/site-packages/a2a/utils/telemetry.py", line 228, in async_wrapper
    result = await func(*args, **kwargs)
  File "/home/wjt/CardDiffBench_official_a2a_main_20260712/.venv/lib/python3.10/site-packages/a2a/server/request_handlers/default_request_handler.py", line 348, in on_message_send
    await self._cleanup_producer(producer_task, task_id)
  File "/home/wjt/CardDiffBench_official_a2a_main_20260712/.venv/lib/python3.10/site-packages/a2a/utils/telemetry.py", line 228, in async_wrapper
    result = await func(*args, **kwargs)
  File "/home/wjt/CardDiffBench_official_a2a_main_20260712/.venv/lib/python3.10/site-packages/a2a/server/request_handlers/default_request_handler.py", line 445, in _cleanup_producer
    await producer_task
  File "/home/wjt/CardDiffBench_official_a2a_main_20260712/.venv/lib/python3.10/site-packages/a2a/utils/telemetry.py", line 228, in async_wrapper
    result = await func(*args, **kwargs)
  File "/home/wjt/CardDiffBench_official_a2a_main_20260712/.venv/lib/python3.10/site-packages/a2a/server/request_handlers/default_request_handler.py", line 196, in _run_event_stream
    await self.agent_executor.execute(request, queue)
  File "/home/wjt/CardDiffBench_official_a2a_main_20260712/harness/transfer/official_a2a_peer.py", line 77, in execute
    artifact = self.env._response_artifact(body=body, identity=identity, scopes=scopes,
  File "/home/wjt/CardDiffBench_official_a2a_main_20260712/harness/downstream/impact_env.py", line 353, in _response_artifact
    raise RuntimeError(f"protocol adapter {version} could not encode the worker result")
RuntimeError: protocol adapter 1.0-primary could not encode the worker result
Request Error (ID: 0febdc3f-9782-4274-a2d3-1f0047692212): Code=-32603, Message='protocol adapter 1.0-primary could not encode the worker result'
Agent execution failed
Traceback (most recent call last):
  File "/home/wjt/CardDiffBench_official_a2a_main_20260712/sut/transfer/official_a2a_protocol.py", line 27, in run_async
    asyncio.get_running_loop()
RuntimeError: no running event loop

During handling of the above exception, another exception occurred:

Traceback (most recent call last):
  File "/home/wjt/CardDiffBench_official_a2a_main_20260712/.venv/lib/python3.10/site-packages/a2a/server/request_handlers/default_request_handler.py", line 326, in on_message_send
    ) = await result_aggregator.consume_and_break_on_interrupt(
  File "/home/wjt/CardDiffBench_official_a2a_main_20260712/.venv/lib/python3.10/site-packages/a2a/server/tasks/result_aggregator.py", line 135, in consume_and_break_on_interrupt
    async for event in event_stream:
  File "/home/wjt/CardDiffBench_official_a2a_main_20260712/.venv/lib/python3.10/site-packages/a2a/server/events/event_consumer.py", line 87, in consume_all
    raise self._exception
  File "/home/wjt/CardDiffBench_official_a2a_main_20260712/.venv/lib/python3.10/site-packages/a2a/utils/telemetry.py", line 228, in async_wrapper
    result = await func(*args, **kwargs)
  File "/home/wjt/CardDiffBench_official_a2a_main_20260712/.venv/lib/python3.10/site-packages/a2a/server/request_handlers/default_request_handler.py", line 196, in _run_event_stream
    await self.agent_executor.execute(request, queue)
  File "/home/wjt/CardDiffBench_official_a2a_main_20260712/harness/transfer/official_a2a_peer.py", line 77, in execute
    artifact = self.env._response_artifact(body=body, identity=identity, scopes=scopes,
  File "/home/wjt/CardDiffBench_official_a2a_main_20260712/harness/downstream/impact_env.py", line 353, in _response_artifact
    raise RuntimeError(f"protocol adapter {version} could not encode the worker result")
RuntimeError: protocol adapter 1.0-primary could not encode the worker result
Unhandled exception
Traceback (most recent call last):
  File "/home/wjt/CardDiffBench_official_a2a_main_20260712/sut/transfer/official_a2a_protocol.py", line 27, in run_async
    asyncio.get_running_loop()
RuntimeError: no running event loop

During handling of the above exception, another exception occurred:

Traceback (most recent call last):
  File "/home/wjt/CardDiffBench_official_a2a_main_20260712/.venv/lib/python3.10/site-packages/a2a/server/apps/jsonrpc/jsonrpc_app.py", line 384, in _handle_requests
    return await self._process_non_streaming_request(
  File "/home/wjt/CardDiffBench_official_a2a_main_20260712/.venv/lib/python3.10/site-packages/a2a/server/apps/jsonrpc/jsonrpc_app.py", line 464, in _process_non_streaming_request
    handler_result = await self.handler.on_message_send(
  File "/home/wjt/CardDiffBench_official_a2a_main_20260712/.venv/lib/python3.10/site-packages/a2a/utils/telemetry.py", line 228, in async_wrapper
    result = await func(*args, **kwargs)
  File "/home/wjt/CardDiffBench_official_a2a_main_20260712/.venv/lib/python3.10/site-packages/a2a/server/request_handlers/jsonrpc_handler.py", line 107, in on_message_send
    task_or_message = await self.request_handler.on_message_send(
  File "/home/wjt/CardDiffBench_official_a2a_main_20260712/.venv/lib/python3.10/site-packages/a2a/utils/telemetry.py", line 228, in async_wrapper
    result = await func(*args, **kwargs)
  File "/home/wjt/CardDiffBench_official_a2a_main_20260712/.venv/lib/python3.10/site-packages/a2a/server/request_handlers/default_request_handler.py", line 348, in on_message_send
    await self._cleanup_producer(producer_task, task_id)
  File "/home/wjt/CardDiffBench_official_a2a_main_20260712/.venv/lib/python3.10/site-packages/a2a/utils/telemetry.py", line 228, in async_wrapper
    result = await func(*args, **kwargs)
  File "/home/wjt/CardDiffBench_official_a2a_main_20260712/.venv/lib/python3.10/site-packages/a2a/server/request_handlers/default_request_handler.py", line 445, in _cleanup_producer
    await producer_task
  File "/home/wjt/CardDiffBench_official_a2a_main_20260712/.venv/lib/python3.10/site-packages/a2a/utils/telemetry.py", line 228, in async_wrapper
    result = await func(*args, **kwargs)
  File "/home/wjt/CardDiffBench_official_a2a_main_20260712/.venv/lib/python3.10/site-packages/a2a/server/request_handlers/default_request_handler.py", line 196, in _run_event_stream
    await self.agent_executor.execute(request, queue)
  File "/home/wjt/CardDiffBench_official_a2a_main_20260712/harness/transfer/official_a2a_peer.py", line 77, in execute
    artifact = self.env._response_artifact(body=body, identity=identity, scopes=scopes,
  File "/home/wjt/CardDiffBench_official_a2a_main_20260712/harness/downstream/impact_env.py", line 353, in _response_artifact
    raise RuntimeError(f"protocol adapter {version} could not encode the worker result")
RuntimeError: protocol adapter 1.0-primary could not encode the worker result
Request Error (ID: 99387622-6196-4c34-bf20-5c5a0e8a24c5): Code=-32603, Message='protocol adapter 1.0-primary could not encode the worker result'
Agent execution failed
Traceback (most recent call last):
  File "/home/wjt/CardDiffBench_official_a2a_main_20260712/sut/transfer/official_a2a_protocol.py", line 27, in run_async
    asyncio.get_running_loop()
RuntimeError: no running event loop

During handling of the above exception, another exception occurred:

Traceback (most recent call last):
  File "/home/wjt/CardDiffBench_official_a2a_main_20260712/.venv/lib/python3.10/site-packages/a2a/server/request_handlers/default_request_handler.py", line 326, in on_message_send
    ) = await result_aggregator.consume_and_break_on_interrupt(
  File "/home/wjt/CardDiffBench_official_a2a_main_20260712/.venv/lib/python3.10/site-packages/a2a/server/tasks/result_aggregator.py", line 135, in consume_and_break_on_interrupt
    async for event in event_stream:
  File "/home/wjt/CardDiffBench_official_a2a_main_20260712/.venv/lib/python3.10/site-packages/a2a/server/events/event_consumer.py", line 87, in consume_all
    raise self._exception
  File "/home/wjt/CardDiffBench_official_a2a_main_20260712/.venv/lib/python3.10/site-packages/a2a/utils/telemetry.py", line 228, in async_wrapper
    result = await func(*args, **kwargs)
  File "/home/wjt/CardDiffBench_official_a2a_main_20260712/.venv/lib/python3.10/site-packages/a2a/server/request_handlers/default_request_handler.py", line 196, in _run_event_stream
    await self.agent_executor.execute(request, queue)
  File "/home/wjt/CardDiffBench_official_a2a_main_20260712/harness/transfer/official_a2a_peer.py", line 77, in execute
    artifact = self.env._response_artifact(body=body, identity=identity, scopes=scopes,
  File "/home/wjt/CardDiffBench_official_a2a_main_20260712/harness/downstream/impact_env.py", line 353, in _response_artifact
    raise RuntimeError(f"protocol adapter {version} could not encode the worker result")
RuntimeError: protocol adapter 1.0-primary could not encode the worker result
Unhandled exception
Traceback (most recent call last):
  File "/home/wjt/CardDiffBench_official_a2a_main_20260712/sut/transfer/official_a2a_protocol.py", line 27, in run_async
    asyncio.get_running_loop()
RuntimeError: no running event loop

During handling of the above exception, another exception occurred:

Traceback (most recent call last):
  File "/home/wjt/CardDiffBench_official_a2a_main_20260712/.venv/lib/python3.10/site-packages/a2a/server/apps/jsonrpc/jsonrpc_app.py", line 384, in _handle_requests
    return await self._process_non_streaming_request(
  File "/home/wjt/CardDiffBench_official_a2a_main_20260712/.venv/lib/python3.10/site-packages/a2a/server/apps/jsonrpc/jsonrpc_app.py", line 464, in _process_non_streaming_request
    handler_result = await self.handler.on_message_send(
  File "/home/wjt/CardDiffBench_official_a2a_main_20260712/.venv/lib/python3.10/site-packages/a2a/utils/telemetry.py", line 228, in async_wrapper
    result = await func(*args, **kwargs)
  File "/home/wjt/CardDiffBench_official_a2a_main_20260712/.venv/lib/python3.10/site-packages/a2a/server/request_handlers/jsonrpc_handler.py", line 107, in on_message_send
    task_or_message = await self.request_handler.on_message_send(
  File "/home/wjt/CardDiffBench_official_a2a_main_20260712/.venv/lib/python3.10/site-packages/a2a/utils/telemetry.py", line 228, in async_wrapper
    result = await func(*args, **kwargs)
  File "/home/wjt/CardDiffBench_official_a2a_main_20260712/.venv/lib/python3.10/site-packages/a2a/server/request_handlers/default_request_handler.py", line 348, in on_message_send
    await self._cleanup_producer(producer_task, task_id)
  File "/home/wjt/CardDiffBench_official_a2a_main_20260712/.venv/lib/python3.10/site-packages/a2a/utils/telemetry.py", line 228, in async_wrapper
    result = await func(*args, **kwargs)
  File "/home/wjt/CardDiffBench_official_a2a_main_20260712/.venv/lib/python3.10/site-packages/a2a/server/request_handlers/default_request_handler.py", line 445, in _cleanup_producer
    await producer_task
  File "/home/wjt/CardDiffBench_official_a2a_main_20260712/.venv/lib/python3.10/site-packages/a2a/utils/telemetry.py", line 228, in async_wrapper
    result = await func(*args, **kwargs)
  File "/home/wjt/CardDiffBench_official_a2a_main_20260712/.venv/lib/python3.10/site-packages/a2a/server/request_handlers/default_request_handler.py", line 196, in _run_event_stream
    await self.agent_executor.execute(request, queue)
  File "/home/wjt/CardDiffBench_official_a2a_main_20260712/harness/transfer/official_a2a_peer.py", line 77, in execute
    artifact = self.env._response_artifact(body=body, identity=identity, scopes=scopes,
  File "/home/wjt/CardDiffBench_official_a2a_main_20260712/harness/downstream/impact_env.py", line 353, in _response_artifact
    raise RuntimeError(f"protocol adapter {version} could not encode the worker result")
RuntimeError: protocol adapter 1.0-primary could not encode the worker result
Request Error (ID: 785686a5-9eea-4a12-b8f1-3272913adb89): Code=-32603, Message='protocol adapter 1.0-primary could not encode the worker result'
Agent execution failed
Traceback (most recent call last):
  File "/home/wjt/CardDiffBench_official_a2a_main_20260712/.venv/lib/python3.10/site-packages/httpx/_transports/default.py", line 101, in map_httpcore_exceptions
    yield
  File "/home/wjt/CardDiffBench_official_a2a_main_20260712/.venv/lib/python3.10/site-packages/httpx/_transports/default.py", line 250, in handle_request
    resp = self._pool.handle_request(req)
  File "/home/wjt/CardDiffBench_official_a2a_main_20260712/.venv/lib/python3.10/site-packages/httpcore/_sync/connection_pool.py", line 256, in handle_request
    raise exc from None
  File "/home/wjt/CardDiffBench_official_a2a_main_20260712/.venv/lib/python3.10/site-packages/httpcore/_sync/connection_pool.py", line 236, in handle_request
    response = connection.handle_request(
  File "/home/wjt/CardDiffBench_official_a2a_main_20260712/.venv/lib/python3.10/site-packages/httpcore/_sync/connection.py", line 103, in handle_request
    return self._connection.handle_request(request)
  File "/home/wjt/CardDiffBench_official_a2a_main_20260712/.venv/lib/python3.10/site-packages/httpcore/_sync/http11.py", line 136, in handle_request
    raise exc
  File "/home/wjt/CardDiffBench_official_a2a_main_20260712/.venv/lib/python3.10/site-packages/httpcore/_sync/http11.py", line 106, in handle_request
    ) = self._receive_response_headers(**kwargs)
  File "/home/wjt/CardDiffBench_official_a2a_main_20260712/.venv/lib/python3.10/site-packages/httpcore/_sync/http11.py", line 177, in _receive_response_headers
    event = self._receive_event(timeout=timeout)
  File "/home/wjt/CardDiffBench_official_a2a_main_20260712/.venv/lib/python3.10/site-packages/httpcore/_sync/http11.py", line 217, in _receive_event
    data = self._network_stream.read(
  File "/home/wjt/CardDiffBench_official_a2a_main_20260712/.venv/lib/python3.10/site-packages/httpcore/_backends/sync.py", line 126, in read
    with map_exceptions(exc_map):
  File "/usr/lib/python3.10/contextlib.py", line 153, in __exit__
    self.gen.throw(typ, value, traceback)
  File "/home/wjt/CardDiffBench_official_a2a_main_20260712/.venv/lib/python3.10/site-packages/httpcore/_exceptions.py", line 14, in map_exceptions
    raise to_exc(exc) from exc
httpcore.ReadTimeout: The read operation timed out

The above exception was the direct cause of the following exception:

Traceback (most recent call last):
  File "/home/wjt/CardDiffBench_official_a2a_main_20260712/.venv/lib/python3.10/site-packages/a2a/server/request_handlers/default_request_handler.py", line 326, in on_message_send
    ) = await result_aggregator.consume_and_break_on_interrupt(
  File "/home/wjt/CardDiffBench_official_a2a_main_20260712/.venv/lib/python3.10/site-packages/a2a/server/tasks/result_aggregator.py", line 135, in consume_and_break_on_interrupt
    async for event in event_stream:
  File "/home/wjt/CardDiffBench_official_a2a_main_20260712/.venv/lib/python3.10/site-packages/a2a/server/events/event_consumer.py", line 87, in consume_all
    raise self._exception
  File "/home/wjt/CardDiffBench_official_a2a_main_20260712/.venv/lib/python3.10/site-packages/a2a/utils/telemetry.py", line 228, in async_wrapper
    result = await func(*args, **kwargs)
  File "/home/wjt/CardDiffBench_official_a2a_main_20260712/.venv/lib/python3.10/site-packages/a2a/server/request_handlers/default_request_handler.py", line 196, in _run_event_stream
    await self.agent_executor.execute(request, queue)
  File "/home/wjt/CardDiffBench_official_a2a_main_20260712/harness/transfer/official_a2a_peer.py", line 77, in execute
    artifact = self.env._response_artifact(body=body, identity=identity, scopes=scopes,
  File "/home/wjt/CardDiffBench_official_a2a_main_20260712/harness/downstream/impact_env.py", line 331, in _response_artifact
    self.worker_result = worker.run(
  File "/home/wjt/CardDiffBench_official_a2a_main_20260712/harness/downstream/llm_workers.py", line 94, in run
    raw = self._complete(payload)
  File "/home/wjt/CardDiffBench_official_a2a_main_20260712/harness/downstream/llm_workers.py", line 49, in _complete
    response = self.client.post(
  File "/home/wjt/CardDiffBench_official_a2a_main_20260712/.venv/lib/python3.10/site-packages/httpx/_client.py", line 1144, in post
    return self.request(
  File "/home/wjt/CardDiffBench_official_a2a_main_20260712/.venv/lib/python3.10/site-packages/httpx/_client.py", line 825, in request
    return self.send(request, auth=auth, follow_redirects=follow_redirects)
  File "/home/wjt/CardDiffBench_official_a2a_main_20260712/.venv/lib/python3.10/site-packages/httpx/_client.py", line 914, in send
    response = self._send_handling_auth(
  File "/home/wjt/CardDiffBench_official_a2a_main_20260712/.venv/lib/python3.10/site-packages/httpx/_client.py", line 942, in _send_handling_auth
    response = self._send_handling_redirects(
  File "/home/wjt/CardDiffBench_official_a2a_main_20260712/.venv/lib/python3.10/site-packages/httpx/_client.py", line 979, in _send_handling_redirects
    response = self._send_single_request(request)
  File "/home/wjt/CardDiffBench_official_a2a_main_20260712/.venv/lib/python3.10/site-packages/httpx/_client.py", line 1014, in _send_single_request
    response = transport.handle_request(request)
  File "/home/wjt/CardDiffBench_official_a2a_main_20260712/.venv/lib/python3.10/site-packages/httpx/_transports/default.py", line 249, in handle_request
    with map_httpcore_exceptions():
  File "/usr/lib/python3.10/contextlib.py", line 153, in __exit__
    self.gen.throw(typ, value, traceback)
  File "/home/wjt/CardDiffBench_official_a2a_main_20260712/.venv/lib/python3.10/site-packages/httpx/_transports/default.py", line 118, in map_httpcore_exceptions
    raise mapped_exc(message) from exc
httpx.ReadTimeout: The read operation timed out
Unhandled exception
Traceback (most recent call last):
  File "/home/wjt/CardDiffBench_official_a2a_main_20260712/.venv/lib/python3.10/site-packages/httpx/_transports/default.py", line 101, in map_httpcore_exceptions
    yield
  File "/home/wjt/CardDiffBench_official_a2a_main_20260712/.venv/lib/python3.10/site-packages/httpx/_transports/default.py", line 250, in handle_request
    resp = self._pool.handle_request(req)
  File "/home/wjt/CardDiffBench_official_a2a_main_20260712/.venv/lib/python3.10/site-packages/httpcore/_sync/connection_pool.py", line 256, in handle_request
    raise exc from None
  File "/home/wjt/CardDiffBench_official_a2a_main_20260712/.venv/lib/python3.10/site-packages/httpcore/_sync/connection_pool.py", line 236, in handle_request
    response = connection.handle_request(
  File "/home/wjt/CardDiffBench_official_a2a_main_20260712/.venv/lib/python3.10/site-packages/httpcore/_sync/connection.py", line 103, in handle_request
    return self._connection.handle_request(request)
  File "/home/wjt/CardDiffBench_official_a2a_main_20260712/.venv/lib/python3.10/site-packages/httpcore/_sync/http11.py", line 136, in handle_request
    raise exc
  File "/home/wjt/CardDiffBench_official_a2a_main_20260712/.venv/lib/python3.10/site-packages/httpcore/_sync/http11.py", line 106, in handle_request
    ) = self._receive_response_headers(**kwargs)
  File "/home/wjt/CardDiffBench_official_a2a_main_20260712/.venv/lib/python3.10/site-packages/httpcore/_sync/http11.py", line 177, in _receive_response_headers
    event = self._receive_event(timeout=timeout)
  File "/home/wjt/CardDiffBench_official_a2a_main_20260712/.venv/lib/python3.10/site-packages/httpcore/_sync/http11.py", line 217, in _receive_event
    data = self._network_stream.read(
  File "/home/wjt/CardDiffBench_official_a2a_main_20260712/.venv/lib/python3.10/site-packages/httpcore/_backends/sync.py", line 126, in read
    with map_exceptions(exc_map):
  File "/usr/lib/python3.10/contextlib.py", line 153, in __exit__
    self.gen.throw(typ, value, traceback)
  File "/home/wjt/CardDiffBench_official_a2a_main_20260712/.venv/lib/python3.10/site-packages/httpcore/_exceptions.py", line 14, in map_exceptions
    raise to_exc(exc) from exc
httpcore.ReadTimeout: The read operation timed out

The above exception was the direct cause of the following exception:

Traceback (most recent call last):
  File "/home/wjt/CardDiffBench_official_a2a_main_20260712/.venv/lib/python3.10/site-packages/a2a/server/apps/jsonrpc/jsonrpc_app.py", line 384, in _handle_requests
    return await self._process_non_streaming_request(
  File "/home/wjt/CardDiffBench_official_a2a_main_20260712/.venv/lib/python3.10/site-packages/a2a/server/apps/jsonrpc/jsonrpc_app.py", line 464, in _process_non_streaming_request
    handler_result = await self.handler.on_message_send(
  File "/home/wjt/CardDiffBench_official_a2a_main_20260712/.venv/lib/python3.10/site-packages/a2a/utils/telemetry.py", line 228, in async_wrapper
    result = await func(*args, **kwargs)
  File "/home/wjt/CardDiffBench_official_a2a_main_20260712/.venv/lib/python3.10/site-packages/a2a/server/request_handlers/jsonrpc_handler.py", line 107, in on_message_send
    task_or_message = await self.request_handler.on_message_send(
  File "/home/wjt/CardDiffBench_official_a2a_main_20260712/.venv/lib/python3.10/site-packages/a2a/utils/telemetry.py", line 228, in async_wrapper
    result = await func(*args, **kwargs)
  File "/home/wjt/CardDiffBench_official_a2a_main_20260712/.venv/lib/python3.10/site-packages/a2a/server/request_handlers/default_request_handler.py", line 348, in on_message_send
    await self._cleanup_producer(producer_task, task_id)
  File "/home/wjt/CardDiffBench_official_a2a_main_20260712/.venv/lib/python3.10/site-packages/a2a/utils/telemetry.py", line 228, in async_wrapper
    result = await func(*args, **kwargs)
  File "/home/wjt/CardDiffBench_official_a2a_main_20260712/.venv/lib/python3.10/site-packages/a2a/server/request_handlers/default_request_handler.py", line 445, in _cleanup_producer
    await producer_task
  File "/home/wjt/CardDiffBench_official_a2a_main_20260712/.venv/lib/python3.10/site-packages/a2a/utils/telemetry.py", line 228, in async_wrapper
    result = await func(*args, **kwargs)
  File "/home/wjt/CardDiffBench_official_a2a_main_20260712/.venv/lib/python3.10/site-packages/a2a/server/request_handlers/default_request_handler.py", line 196, in _run_event_stream
    await self.agent_executor.execute(request, queue)
  File "/home/wjt/CardDiffBench_official_a2a_main_20260712/harness/transfer/official_a2a_peer.py", line 77, in execute
    artifact = self.env._response_artifact(body=body, identity=identity, scopes=scopes,
  File "/home/wjt/CardDiffBench_official_a2a_main_20260712/harness/downstream/impact_env.py", line 331, in _response_artifact
    self.worker_result = worker.run(
  File "/home/wjt/CardDiffBench_official_a2a_main_20260712/harness/downstream/llm_workers.py", line 94, in run
    raw = self._complete(payload)
  File "/home/wjt/CardDiffBench_official_a2a_main_20260712/harness/downstream/llm_workers.py", line 49, in _complete
    response = self.client.post(
  File "/home/wjt/CardDiffBench_official_a2a_main_20260712/.venv/lib/python3.10/site-packages/httpx/_client.py", line 1144, in post
    return self.request(
  File "/home/wjt/CardDiffBench_official_a2a_main_20260712/.venv/lib/python3.10/site-packages/httpx/_client.py", line 825, in request
    return self.send(request, auth=auth, follow_redirects=follow_redirects)
  File "/home/wjt/CardDiffBench_official_a2a_main_20260712/.venv/lib/python3.10/site-packages/httpx/_client.py", line 914, in send
    response = self._send_handling_auth(
  File "/home/wjt/CardDiffBench_official_a2a_main_20260712/.venv/lib/python3.10/site-packages/httpx/_client.py", line 942, in _send_handling_auth
    response = self._send_handling_redirects(
  File "/home/wjt/CardDiffBench_official_a2a_main_20260712/.venv/lib/python3.10/site-packages/httpx/_client.py", line 979, in _send_handling_redirects
    response = self._send_single_request(request)
  File "/home/wjt/CardDiffBench_official_a2a_main_20260712/.venv/lib/python3.10/site-packages/httpx/_client.py", line 1014, in _send_single_request
    response = transport.handle_request(request)
  File "/home/wjt/CardDiffBench_official_a2a_main_20260712/.venv/lib/python3.10/site-packages/httpx/_transports/default.py", line 249, in handle_request
    with map_httpcore_exceptions():
  File "/usr/lib/python3.10/contextlib.py", line 153, in __exit__
    self.gen.throw(typ, value, traceback)
  File "/home/wjt/CardDiffBench_official_a2a_main_20260712/.venv/lib/python3.10/site-packages/httpx/_transports/default.py", line 118, in map_httpcore_exceptions
    raise mapped_exc(message) from exc
httpx.ReadTimeout: The read operation timed out
Request Error (ID: 83471364-2d4c-4971-b2ff-85d05f1a7b55): Code=-32603, Message='The read operation timed out'
Agent execution failed
Traceback (most recent call last):
  File "/home/wjt/CardDiffBench_official_a2a_main_20260712/sut/transfer/official_a2a_protocol.py", line 27, in run_async
    asyncio.get_running_loop()
RuntimeError: no running event loop

During handling of the above exception, another exception occurred:

Traceback (most recent call last):
  File "/home/wjt/CardDiffBench_official_a2a_main_20260712/.venv/lib/python3.10/site-packages/a2a/server/request_handlers/default_request_handler.py", line 326, in on_message_send
    ) = await result_aggregator.consume_and_break_on_interrupt(
  File "/home/wjt/CardDiffBench_official_a2a_main_20260712/.venv/lib/python3.10/site-packages/a2a/server/tasks/result_aggregator.py", line 135, in consume_and_break_on_interrupt
    async for event in event_stream:
  File "/home/wjt/CardDiffBench_official_a2a_main_20260712/.venv/lib/python3.10/site-packages/a2a/server/events/event_consumer.py", line 87, in consume_all
    raise self._exception
  File "/home/wjt/CardDiffBench_official_a2a_main_20260712/.venv/lib/python3.10/site-packages/a2a/utils/telemetry.py", line 228, in async_wrapper
    result = await func(*args, **kwargs)
  File "/home/wjt/CardDiffBench_official_a2a_main_20260712/.venv/lib/python3.10/site-packages/a2a/server/request_handlers/default_request_handler.py", line 196, in _run_event_stream
    await self.agent_executor.execute(request, queue)
  File "/home/wjt/CardDiffBench_official_a2a_main_20260712/harness/transfer/official_a2a_peer.py", line 77, in execute
    artifact = self.env._response_artifact(body=body, identity=identity, scopes=scopes,
  File "/home/wjt/CardDiffBench_official_a2a_main_20260712/harness/downstream/impact_env.py", line 353, in _response_artifact
    raise RuntimeError(f"protocol adapter {version} could not encode the worker result")
RuntimeError: protocol adapter 1.0-primary could not encode the worker result
Unhandled exception
Traceback (most recent call last):
  File "/home/wjt/CardDiffBench_official_a2a_main_20260712/sut/transfer/official_a2a_protocol.py", line 27, in run_async
    asyncio.get_running_loop()
RuntimeError: no running event loop

During handling of the above exception, another exception occurred:

Traceback (most recent call last):
  File "/home/wjt/CardDiffBench_official_a2a_main_20260712/.venv/lib/python3.10/site-packages/a2a/server/apps/jsonrpc/jsonrpc_app.py", line 384, in _handle_requests
    return await self._process_non_streaming_request(
  File "/home/wjt/CardDiffBench_official_a2a_main_20260712/.venv/lib/python3.10/site-packages/a2a/server/apps/jsonrpc/jsonrpc_app.py", line 464, in _process_non_streaming_request
    handler_result = await self.handler.on_message_send(
  File "/home/wjt/CardDiffBench_official_a2a_main_20260712/.venv/lib/python3.10/site-packages/a2a/utils/telemetry.py", line 228, in async_wrapper
    result = await func(*args, **kwargs)
  File "/home/wjt/CardDiffBench_official_a2a_main_20260712/.venv/lib/python3.10/site-packages/a2a/server/request_handlers/jsonrpc_handler.py", line 107, in on_message_send
    task_or_message = await self.request_handler.on_message_send(
  File "/home/wjt/CardDiffBench_official_a2a_main_20260712/.venv/lib/python3.10/site-packages/a2a/utils/telemetry.py", line 228, in async_wrapper
    result = await func(*args, **kwargs)
  File "/home/wjt/CardDiffBench_official_a2a_main_20260712/.venv/lib/python3.10/site-packages/a2a/server/request_handlers/default_request_handler.py", line 348, in on_message_send
    await self._cleanup_producer(producer_task, task_id)
  File "/home/wjt/CardDiffBench_official_a2a_main_20260712/.venv/lib/python3.10/site-packages/a2a/utils/telemetry.py", line 228, in async_wrapper
    result = await func(*args, **kwargs)
  File "/home/wjt/CardDiffBench_official_a2a_main_20260712/.venv/lib/python3.10/site-packages/a2a/server/request_handlers/default_request_handler.py", line 445, in _cleanup_producer
    await producer_task
  File "/home/wjt/CardDiffBench_official_a2a_main_20260712/.venv/lib/python3.10/site-packages/a2a/utils/telemetry.py", line 228, in async_wrapper
    result = await func(*args, **kwargs)
  File "/home/wjt/CardDiffBench_official_a2a_main_20260712/.venv/lib/python3.10/site-packages/a2a/server/request_handlers/default_request_handler.py", line 196, in _run_event_stream
    await self.agent_executor.execute(request, queue)
  File "/home/wjt/CardDiffBench_official_a2a_main_20260712/harness/transfer/official_a2a_peer.py", line 77, in execute
    artifact = self.env._response_artifact(body=body, identity=identity, scopes=scopes,
  File "/home/wjt/CardDiffBench_official_a2a_main_20260712/harness/downstream/impact_env.py", line 353, in _response_artifact
    raise RuntimeError(f"protocol adapter {version} could not encode the worker result")
RuntimeError: protocol adapter 1.0-primary could not encode the worker result
Request Error (ID: 1a0008d3-14ab-4592-8012-769b4479ae8a): Code=-32603, Message='protocol adapter 1.0-primary could not encode the worker result'
Agent execution failed
Traceback (most recent call last):
  File "/home/wjt/CardDiffBench_official_a2a_main_20260712/sut/transfer/official_a2a_protocol.py", line 27, in run_async
    asyncio.get_running_loop()
RuntimeError: no running event loop

During handling of the above exception, another exception occurred:

Traceback (most recent call last):
  File "/home/wjt/CardDiffBench_official_a2a_main_20260712/.venv/lib/python3.10/site-packages/a2a/server/request_handlers/default_request_handler.py", line 326, in on_message_send
    ) = await result_aggregator.consume_and_break_on_interrupt(
  File "/home/wjt/CardDiffBench_official_a2a_main_20260712/.venv/lib/python3.10/site-packages/a2a/server/tasks/result_aggregator.py", line 135, in consume_and_break_on_interrupt
    async for event in event_stream:
  File "/home/wjt/CardDiffBench_official_a2a_main_20260712/.venv/lib/python3.10/site-packages/a2a/server/events/event_consumer.py", line 87, in consume_all
    raise self._exception
  File "/home/wjt/CardDiffBench_official_a2a_main_20260712/.venv/lib/python3.10/site-packages/a2a/utils/telemetry.py", line 228, in async_wrapper
    result = await func(*args, **kwargs)
  File "/home/wjt/CardDiffBench_official_a2a_main_20260712/.venv/lib/python3.10/site-packages/a2a/server/request_handlers/default_request_handler.py", line 196, in _run_event_stream
    await self.agent_executor.execute(request, queue)
  File "/home/wjt/CardDiffBench_official_a2a_main_20260712/harness/transfer/official_a2a_peer.py", line 77, in execute
    artifact = self.env._response_artifact(body=body, identity=identity, scopes=scopes,
  File "/home/wjt/CardDiffBench_official_a2a_main_20260712/harness/downstream/impact_env.py", line 353, in _response_artifact
    raise RuntimeError(f"protocol adapter {version} could not encode the worker result")
RuntimeError: protocol adapter 1.0-primary could not encode the worker result
Unhandled exception
Traceback (most recent call last):
  File "/home/wjt/CardDiffBench_official_a2a_main_20260712/sut/transfer/official_a2a_protocol.py", line 27, in run_async
    asyncio.get_running_loop()
RuntimeError: no running event loop

During handling of the above exception, another exception occurred:

Traceback (most recent call last):
  File "/home/wjt/CardDiffBench_official_a2a_main_20260712/.venv/lib/python3.10/site-packages/a2a/server/apps/jsonrpc/jsonrpc_app.py", line 384, in _handle_requests
    return await self._process_non_streaming_request(
  File "/home/wjt/CardDiffBench_official_a2a_main_20260712/.venv/lib/python3.10/site-packages/a2a/server/apps/jsonrpc/jsonrpc_app.py", line 464, in _process_non_streaming_request
    handler_result = await self.handler.on_message_send(
  File "/home/wjt/CardDiffBench_official_a2a_main_20260712/.venv/lib/python3.10/site-packages/a2a/utils/telemetry.py", line 228, in async_wrapper
    result = await func(*args, **kwargs)
  File "/home/wjt/CardDiffBench_official_a2a_main_20260712/.venv/lib/python3.10/site-packages/a2a/server/request_handlers/jsonrpc_handler.py", line 107, in on_message_send
    task_or_message = await self.request_handler.on_message_send(
  File "/home/wjt/CardDiffBench_official_a2a_main_20260712/.venv/lib/python3.10/site-packages/a2a/utils/telemetry.py", line 228, in async_wrapper
    result = await func(*args, **kwargs)
  File "/home/wjt/CardDiffBench_official_a2a_main_20260712/.venv/lib/python3.10/site-packages/a2a/server/request_handlers/default_request_handler.py", line 348, in on_message_send
    await self._cleanup_producer(producer_task, task_id)
  File "/home/wjt/CardDiffBench_official_a2a_main_20260712/.venv/lib/python3.10/site-packages/a2a/utils/telemetry.py", line 228, in async_wrapper
    result = await func(*args, **kwargs)
  File "/home/wjt/CardDiffBench_official_a2a_main_20260712/.venv/lib/python3.10/site-packages/a2a/server/request_handlers/default_request_handler.py", line 445, in _cleanup_producer
    await producer_task
  File "/home/wjt/CardDiffBench_official_a2a_main_20260712/.venv/lib/python3.10/site-packages/a2a/utils/telemetry.py", line 228, in async_wrapper
    result = await func(*args, **kwargs)
  File "/home/wjt/CardDiffBench_official_a2a_main_20260712/.venv/lib/python3.10/site-packages/a2a/server/request_handlers/default_request_handler.py", line 196, in _run_event_stream
    await self.agent_executor.execute(request, queue)
  File "/home/wjt/CardDiffBench_official_a2a_main_20260712/harness/transfer/official_a2a_peer.py", line 77, in execute
    artifact = self.env._response_artifact(body=body, identity=identity, scopes=scopes,
  File "/home/wjt/CardDiffBench_official_a2a_main_20260712/harness/downstream/impact_env.py", line 353, in _response_artifact
    raise RuntimeError(f"protocol adapter {version} could not encode the worker result")
RuntimeError: protocol adapter 1.0-primary could not encode the worker result
Request Error (ID: f8053828-0a08-421e-8ede-0a04d4a227e9): Code=-32603, Message='protocol adapter 1.0-primary could not encode the worker result'
Agent execution failed
Traceback (most recent call last):
  File "/home/wjt/CardDiffBench_official_a2a_main_20260712/sut/transfer/official_a2a_protocol.py", line 27, in run_async
    asyncio.get_running_loop()
RuntimeError: no running event loop

During handling of the above exception, another exception occurred:

Traceback (most recent call last):
  File "/home/wjt/CardDiffBench_official_a2a_main_20260712/.venv/lib/python3.10/site-packages/a2a/server/request_handlers/default_request_handler.py", line 326, in on_message_send
    ) = await result_aggregator.consume_and_break_on_interrupt(
  File "/home/wjt/CardDiffBench_official_a2a_main_20260712/.venv/lib/python3.10/site-packages/a2a/server/tasks/result_aggregator.py", line 135, in consume_and_break_on_interrupt
    async for event in event_stream:
  File "/home/wjt/CardDiffBench_official_a2a_main_20260712/.venv/lib/python3.10/site-packages/a2a/server/events/event_consumer.py", line 87, in consume_all
    raise self._exception
  File "/home/wjt/CardDiffBench_official_a2a_main_20260712/.venv/lib/python3.10/site-packages/a2a/utils/telemetry.py", line 228, in async_wrapper
    result = await func(*args, **kwargs)
  File "/home/wjt/CardDiffBench_official_a2a_main_20260712/.venv/lib/python3.10/site-packages/a2a/server/request_handlers/default_request_handler.py", line 196, in _run_event_stream
    await self.agent_executor.execute(request, queue)
  File "/home/wjt/CardDiffBench_official_a2a_main_20260712/harness/transfer/official_a2a_peer.py", line 77, in execute
    artifact = self.env._response_artifact(body=body, identity=identity, scopes=scopes,
  File "/home/wjt/CardDiffBench_official_a2a_main_20260712/harness/downstream/impact_env.py", line 353, in _response_artifact
    raise RuntimeError(f"protocol adapter {version} could not encode the worker result")
RuntimeError: protocol adapter 1.0-primary could not encode the worker result
Unhandled exception
Traceback (most recent call last):
  File "/home/wjt/CardDiffBench_official_a2a_main_20260712/sut/transfer/official_a2a_protocol.py", line 27, in run_async
    asyncio.get_running_loop()
RuntimeError: no running event loop

During handling of the above exception, another exception occurred:

Traceback (most recent call last):
  File "/home/wjt/CardDiffBench_official_a2a_main_20260712/.venv/lib/python3.10/site-packages/a2a/server/apps/jsonrpc/jsonrpc_app.py", line 384, in _handle_requests
    return await self._process_non_streaming_request(
  File "/home/wjt/CardDiffBench_official_a2a_main_20260712/.venv/lib/python3.10/site-packages/a2a/server/apps/jsonrpc/jsonrpc_app.py", line 464, in _process_non_streaming_request
    handler_result = await self.handler.on_message_send(
  File "/home/wjt/CardDiffBench_official_a2a_main_20260712/.venv/lib/python3.10/site-packages/a2a/utils/telemetry.py", line 228, in async_wrapper
    result = await func(*args, **kwargs)
  File "/home/wjt/CardDiffBench_official_a2a_main_20260712/.venv/lib/python3.10/site-packages/a2a/server/request_handlers/jsonrpc_handler.py", line 107, in on_message_send
    task_or_message = await self.request_handler.on_message_send(
  File "/home/wjt/CardDiffBench_official_a2a_main_20260712/.venv/lib/python3.10/site-packages/a2a/utils/telemetry.py", line 228, in async_wrapper
    result = await func(*args, **kwargs)
  File "/home/wjt/CardDiffBench_official_a2a_main_20260712/.venv/lib/python3.10/site-packages/a2a/server/request_handlers/default_request_handler.py", line 348, in on_message_send
    await self._cleanup_producer(producer_task, task_id)
  File "/home/wjt/CardDiffBench_official_a2a_main_20260712/.venv/lib/python3.10/site-packages/a2a/utils/telemetry.py", line 228, in async_wrapper
    result = await func(*args, **kwargs)
  File "/home/wjt/CardDiffBench_official_a2a_main_20260712/.venv/lib/python3.10/site-packages/a2a/server/request_handlers/default_request_handler.py", line 445, in _cleanup_producer
    await producer_task
  File "/home/wjt/CardDiffBench_official_a2a_main_20260712/.venv/lib/python3.10/site-packages/a2a/utils/telemetry.py", line 228, in async_wrapper
    result = await func(*args, **kwargs)
  File "/home/wjt/CardDiffBench_official_a2a_main_20260712/.venv/lib/python3.10/site-packages/a2a/server/request_handlers/default_request_handler.py", line 196, in _run_event_stream
    await self.agent_executor.execute(request, queue)
  File "/home/wjt/CardDiffBench_official_a2a_main_20260712/harness/transfer/official_a2a_peer.py", line 77, in execute
    artifact = self.env._response_artifact(body=body, identity=identity, scopes=scopes,
  File "/home/wjt/CardDiffBench_official_a2a_main_20260712/harness/downstream/impact_env.py", line 353, in _response_artifact
    raise RuntimeError(f"protocol adapter {version} could not encode the worker result")
RuntimeError: protocol adapter 1.0-primary could not encode the worker result
Request Error (ID: bcf0e903-31fd-4436-bf85-8ef2e55584da): Code=-32603, Message='protocol adapter 1.0-primary could not encode the worker result'
Agent execution failed
Traceback (most recent call last):
  File "/home/wjt/CardDiffBench_official_a2a_main_20260712/sut/transfer/official_a2a_protocol.py", line 27, in run_async
    asyncio.get_running_loop()
RuntimeError: no running event loop

During handling of the above exception, another exception occurred:

Traceback (most recent call last):
  File "/home/wjt/CardDiffBench_official_a2a_main_20260712/.venv/lib/python3.10/site-packages/a2a/server/request_handlers/default_request_handler.py", line 326, in on_message_send
    ) = await result_aggregator.consume_and_break_on_interrupt(
  File "/home/wjt/CardDiffBench_official_a2a_main_20260712/.venv/lib/python3.10/site-packages/a2a/server/tasks/result_aggregator.py", line 135, in consume_and_break_on_interrupt
    async for event in event_stream:
  File "/home/wjt/CardDiffBench_official_a2a_main_20260712/.venv/lib/python3.10/site-packages/a2a/server/events/event_consumer.py", line 87, in consume_all
    raise self._exception
  File "/home/wjt/CardDiffBench_official_a2a_main_20260712/.venv/lib/python3.10/site-packages/a2a/utils/telemetry.py", line 228, in async_wrapper
    result = await func(*args, **kwargs)
  File "/home/wjt/CardDiffBench_official_a2a_main_20260712/.venv/lib/python3.10/site-packages/a2a/server/request_handlers/default_request_handler.py", line 196, in _run_event_stream
    await self.agent_executor.execute(request, queue)
  File "/home/wjt/CardDiffBench_official_a2a_main_20260712/harness/transfer/official_a2a_peer.py", line 77, in execute
    artifact = self.env._response_artifact(body=body, identity=identity, scopes=scopes,
  File "/home/wjt/CardDiffBench_official_a2a_main_20260712/harness/downstream/impact_env.py", line 353, in _response_artifact
    raise RuntimeError(f"protocol adapter {version} could not encode the worker result")
RuntimeError: protocol adapter 1.0-primary could not encode the worker result
Unhandled exception
Traceback (most recent call last):
  File "/home/wjt/CardDiffBench_official_a2a_main_20260712/sut/transfer/official_a2a_protocol.py", line 27, in run_async
    asyncio.get_running_loop()
RuntimeError: no running event loop

During handling of the above exception, another exception occurred:

Traceback (most recent call last):
  File "/home/wjt/CardDiffBench_official_a2a_main_20260712/.venv/lib/python3.10/site-packages/a2a/server/apps/jsonrpc/jsonrpc_app.py", line 384, in _handle_requests
    return await self._process_non_streaming_request(
  File "/home/wjt/CardDiffBench_official_a2a_main_20260712/.venv/lib/python3.10/site-packages/a2a/server/apps/jsonrpc/jsonrpc_app.py", line 464, in _process_non_streaming_request
    handler_result = await self.handler.on_message_send(
  File "/home/wjt/CardDiffBench_official_a2a_main_20260712/.venv/lib/python3.10/site-packages/a2a/utils/telemetry.py", line 228, in async_wrapper
    result = await func(*args, **kwargs)
  File "/home/wjt/CardDiffBench_official_a2a_main_20260712/.venv/lib/python3.10/site-packages/a2a/server/request_handlers/jsonrpc_handler.py", line 107, in on_message_send
    task_or_message = await self.request_handler.on_message_send(
  File "/home/wjt/CardDiffBench_official_a2a_main_20260712/.venv/lib/python3.10/site-packages/a2a/utils/telemetry.py", line 228, in async_wrapper
    result = await func(*args, **kwargs)
  File "/home/wjt/CardDiffBench_official_a2a_main_20260712/.venv/lib/python3.10/site-packages/a2a/server/request_handlers/default_request_handler.py", line 348, in on_message_send
    await self._cleanup_producer(producer_task, task_id)
  File "/home/wjt/CardDiffBench_official_a2a_main_20260712/.venv/lib/python3.10/site-packages/a2a/utils/telemetry.py", line 228, in async_wrapper
    result = await func(*args, **kwargs)
  File "/home/wjt/CardDiffBench_official_a2a_main_20260712/.venv/lib/python3.10/site-packages/a2a/server/request_handlers/default_request_handler.py", line 445, in _cleanup_producer
    await producer_task
  File "/home/wjt/CardDiffBench_official_a2a_main_20260712/.venv/lib/python3.10/site-packages/a2a/utils/telemetry.py", line 228, in async_wrapper
    result = await func(*args, **kwargs)
  File "/home/wjt/CardDiffBench_official_a2a_main_20260712/.venv/lib/python3.10/site-packages/a2a/server/request_handlers/default_request_handler.py", line 196, in _run_event_stream
    await self.agent_executor.execute(request, queue)
  File "/home/wjt/CardDiffBench_official_a2a_main_20260712/harness/transfer/official_a2a_peer.py", line 77, in execute
    artifact = self.env._response_artifact(body=body, identity=identity, scopes=scopes,
  File "/home/wjt/CardDiffBench_official_a2a_main_20260712/harness/downstream/impact_env.py", line 353, in _response_artifact
    raise RuntimeError(f"protocol adapter {version} could not encode the worker result")
RuntimeError: protocol adapter 1.0-primary could not encode the worker result
Request Error (ID: 1fb5325c-a87c-41af-9f8c-d14fc0e5087b): Code=-32603, Message='protocol adapter 1.0-primary could not encode the worker result'
Agent execution failed
Traceback (most recent call last):
  File "/home/wjt/CardDiffBench_official_a2a_main_20260712/sut/transfer/official_a2a_protocol.py", line 27, in run_async
    asyncio.get_running_loop()
RuntimeError: no running event loop

During handling of the above exception, another exception occurred:

Traceback (most recent call last):
  File "/home/wjt/CardDiffBench_official_a2a_main_20260712/.venv/lib/python3.10/site-packages/a2a/server/request_handlers/default_request_handler.py", line 326, in on_message_send
    ) = await result_aggregator.consume_and_break_on_interrupt(
  File "/home/wjt/CardDiffBench_official_a2a_main_20260712/.venv/lib/python3.10/site-packages/a2a/server/tasks/result_aggregator.py", line 135, in consume_and_break_on_interrupt
    async for event in event_stream:
  File "/home/wjt/CardDiffBench_official_a2a_main_20260712/.venv/lib/python3.10/site-packages/a2a/server/events/event_consumer.py", line 87, in consume_all
    raise self._exception
  File "/home/wjt/CardDiffBench_official_a2a_main_20260712/.venv/lib/python3.10/site-packages/a2a/utils/telemetry.py", line 228, in async_wrapper
    result = await func(*args, **kwargs)
  File "/home/wjt/CardDiffBench_official_a2a_main_20260712/.venv/lib/python3.10/site-packages/a2a/server/request_handlers/default_request_handler.py", line 196, in _run_event_stream
    await self.agent_executor.execute(request, queue)
  File "/home/wjt/CardDiffBench_official_a2a_main_20260712/harness/transfer/official_a2a_peer.py", line 77, in execute
    artifact = self.env._response_artifact(body=body, identity=identity, scopes=scopes,
  File "/home/wjt/CardDiffBench_official_a2a_main_20260712/harness/downstream/impact_env.py", line 353, in _response_artifact
    raise RuntimeError(f"protocol adapter {version} could not encode the worker result")
RuntimeError: protocol adapter 1.0-primary could not encode the worker result
Unhandled exception
Traceback (most recent call last):
  File "/home/wjt/CardDiffBench_official_a2a_main_20260712/sut/transfer/official_a2a_protocol.py", line 27, in run_async
    asyncio.get_running_loop()
RuntimeError: no running event loop

During handling of the above exception, another exception occurred:

Traceback (most recent call last):
  File "/home/wjt/CardDiffBench_official_a2a_main_20260712/.venv/lib/python3.10/site-packages/a2a/server/apps/jsonrpc/jsonrpc_app.py", line 384, in _handle_requests
    return await self._process_non_streaming_request(
  File "/home/wjt/CardDiffBench_official_a2a_main_20260712/.venv/lib/python3.10/site-packages/a2a/server/apps/jsonrpc/jsonrpc_app.py", line 464, in _process_non_streaming_request
    handler_result = await self.handler.on_message_send(
  File "/home/wjt/CardDiffBench_official_a2a_main_20260712/.venv/lib/python3.10/site-packages/a2a/utils/telemetry.py", line 228, in async_wrapper
    result = await func(*args, **kwargs)
  File "/home/wjt/CardDiffBench_official_a2a_main_20260712/.venv/lib/python3.10/site-packages/a2a/server/request_handlers/jsonrpc_handler.py", line 107, in on_message_send
    task_or_message = await self.request_handler.on_message_send(
  File "/home/wjt/CardDiffBench_official_a2a_main_20260712/.venv/lib/python3.10/site-packages/a2a/utils/telemetry.py", line 228, in async_wrapper
    result = await func(*args, **kwargs)
  File "/home/wjt/CardDiffBench_official_a2a_main_20260712/.venv/lib/python3.10/site-packages/a2a/server/request_handlers/default_request_handler.py", line 348, in on_message_send
    await self._cleanup_producer(producer_task, task_id)
  File "/home/wjt/CardDiffBench_official_a2a_main_20260712/.venv/lib/python3.10/site-packages/a2a/utils/telemetry.py", line 228, in async_wrapper
    result = await func(*args, **kwargs)
  File "/home/wjt/CardDiffBench_official_a2a_main_20260712/.venv/lib/python3.10/site-packages/a2a/server/request_handlers/default_request_handler.py", line 445, in _cleanup_producer
    await producer_task
  File "/home/wjt/CardDiffBench_official_a2a_main_20260712/.venv/lib/python3.10/site-packages/a2a/utils/telemetry.py", line 228, in async_wrapper
    result = await func(*args, **kwargs)
  File "/home/wjt/CardDiffBench_official_a2a_main_20260712/.venv/lib/python3.10/site-packages/a2a/server/request_handlers/default_request_handler.py", line 196, in _run_event_stream
    await self.agent_executor.execute(request, queue)
  File "/home/wjt/CardDiffBench_official_a2a_main_20260712/harness/transfer/official_a2a_peer.py", line 77, in execute
    artifact = self.env._response_artifact(body=body, identity=identity, scopes=scopes,
  File "/home/wjt/CardDiffBench_official_a2a_main_20260712/harness/downstream/impact_env.py", line 353, in _response_artifact
    raise RuntimeError(f"protocol adapter {version} could not encode the worker result")
RuntimeError: protocol adapter 1.0-primary could not encode the worker result
Request Error (ID: ccb0f1ff-d735-40d4-abee-8600a09947ff): Code=-32603, Message='protocol adapter 1.0-primary could not encode the worker result'
Agent execution failed
Traceback (most recent call last):
  File "/home/wjt/CardDiffBench_official_a2a_main_20260712/sut/transfer/official_a2a_protocol.py", line 27, in run_async
    asyncio.get_running_loop()
RuntimeError: no running event loop

During handling of the above exception, another exception occurred:

Traceback (most recent call last):
  File "/home/wjt/CardDiffBench_official_a2a_main_20260712/.venv/lib/python3.10/site-packages/a2a/server/request_handlers/default_request_handler.py", line 326, in on_message_send
    ) = await result_aggregator.consume_and_break_on_interrupt(
  File "/home/wjt/CardDiffBench_official_a2a_main_20260712/.venv/lib/python3.10/site-packages/a2a/server/tasks/result_aggregator.py", line 135, in consume_and_break_on_interrupt
    async for event in event_stream:
  File "/home/wjt/CardDiffBench_official_a2a_main_20260712/.venv/lib/python3.10/site-packages/a2a/server/events/event_consumer.py", line 87, in consume_all
    raise self._exception
  File "/home/wjt/CardDiffBench_official_a2a_main_20260712/.venv/lib/python3.10/site-packages/a2a/utils/telemetry.py", line 228, in async_wrapper
    result = await func(*args, **kwargs)
  File "/home/wjt/CardDiffBench_official_a2a_main_20260712/.venv/lib/python3.10/site-packages/a2a/server/request_handlers/default_request_handler.py", line 196, in _run_event_stream
    await self.agent_executor.execute(request, queue)
  File "/home/wjt/CardDiffBench_official_a2a_main_20260712/harness/transfer/official_a2a_peer.py", line 77, in execute
    artifact = self.env._response_artifact(body=body, identity=identity, scopes=scopes,
  File "/home/wjt/CardDiffBench_official_a2a_main_20260712/harness/downstream/impact_env.py", line 353, in _response_artifact
    raise RuntimeError(f"protocol adapter {version} could not encode the worker result")
RuntimeError: protocol adapter 1.0-primary could not encode the worker result
Unhandled exception
Traceback (most recent call last):
  File "/home/wjt/CardDiffBench_official_a2a_main_20260712/sut/transfer/official_a2a_protocol.py", line 27, in run_async
    asyncio.get_running_loop()
RuntimeError: no running event loop

During handling of the above exception, another exception occurred:

Traceback (most recent call last):
  File "/home/wjt/CardDiffBench_official_a2a_main_20260712/.venv/lib/python3.10/site-packages/a2a/server/apps/jsonrpc/jsonrpc_app.py", line 384, in _handle_requests
    return await self._process_non_streaming_request(
  File "/home/wjt/CardDiffBench_official_a2a_main_20260712/.venv/lib/python3.10/site-packages/a2a/server/apps/jsonrpc/jsonrpc_app.py", line 464, in _process_non_streaming_request
    handler_result = await self.handler.on_message_send(
  File "/home/wjt/CardDiffBench_official_a2a_main_20260712/.venv/lib/python3.10/site-packages/a2a/utils/telemetry.py", line 228, in async_wrapper
    result = await func(*args, **kwargs)
  File "/home/wjt/CardDiffBench_official_a2a_main_20260712/.venv/lib/python3.10/site-packages/a2a/server/request_handlers/jsonrpc_handler.py", line 107, in on_message_send
    task_or_message = await self.request_handler.on_message_send(
  File "/home/wjt/CardDiffBench_official_a2a_main_20260712/.venv/lib/python3.10/site-packages/a2a/utils/telemetry.py", line 228, in async_wrapper
    result = await func(*args, **kwargs)
  File "/home/wjt/CardDiffBench_official_a2a_main_20260712/.venv/lib/python3.10/site-packages/a2a/server/request_handlers/default_request_handler.py", line 348, in on_message_send
    await self._cleanup_producer(producer_task, task_id)
  File "/home/wjt/CardDiffBench_official_a2a_main_20260712/.venv/lib/python3.10/site-packages/a2a/utils/telemetry.py", line 228, in async_wrapper
    result = await func(*args, **kwargs)
  File "/home/wjt/CardDiffBench_official_a2a_main_20260712/.venv/lib/python3.10/site-packages/a2a/server/request_handlers/default_request_handler.py", line 445, in _cleanup_producer
    await producer_task
  File "/home/wjt/CardDiffBench_official_a2a_main_20260712/.venv/lib/python3.10/site-packages/a2a/utils/telemetry.py", line 228, in async_wrapper
    result = await func(*args, **kwargs)
  File "/home/wjt/CardDiffBench_official_a2a_main_20260712/.venv/lib/python3.10/site-packages/a2a/server/request_handlers/default_request_handler.py", line 196, in _run_event_stream
    await self.agent_executor.execute(request, queue)
  File "/home/wjt/CardDiffBench_official_a2a_main_20260712/harness/transfer/official_a2a_peer.py", line 77, in execute
    artifact = self.env._response_artifact(body=body, identity=identity, scopes=scopes,
  File "/home/wjt/CardDiffBench_official_a2a_main_20260712/harness/downstream/impact_env.py", line 353, in _response_artifact
    raise RuntimeError(f"protocol adapter {version} could not encode the worker result")
RuntimeError: protocol adapter 1.0-primary could not encode the worker result
Request Error (ID: c47da681-86b7-489d-9df8-7b7d36682aa9): Code=-32603, Message='protocol adapter 1.0-primary could not encode the worker result'
Agent execution failed
Traceback (most recent call last):
  File "/home/wjt/CardDiffBench_official_a2a_main_20260712/sut/transfer/official_a2a_protocol.py", line 27, in run_async
    asyncio.get_running_loop()
RuntimeError: no running event loop

During handling of the above exception, another exception occurred:

Traceback (most recent call last):
  File "/home/wjt/CardDiffBench_official_a2a_main_20260712/.venv/lib/python3.10/site-packages/a2a/server/request_handlers/default_request_handler.py", line 326, in on_message_send
    ) = await result_aggregator.consume_and_break_on_interrupt(
  File "/home/wjt/CardDiffBench_official_a2a_main_20260712/.venv/lib/python3.10/site-packages/a2a/server/tasks/result_aggregator.py", line 135, in consume_and_break_on_interrupt
    async for event in event_stream:
  File "/home/wjt/CardDiffBench_official_a2a_main_20260712/.venv/lib/python3.10/site-packages/a2a/server/events/event_consumer.py", line 87, in consume_all
    raise self._exception
  File "/home/wjt/CardDiffBench_official_a2a_main_20260712/.venv/lib/python3.10/site-packages/a2a/utils/telemetry.py", line 228, in async_wrapper
    result = await func(*args, **kwargs)
  File "/home/wjt/CardDiffBench_official_a2a_main_20260712/.venv/lib/python3.10/site-packages/a2a/server/request_handlers/default_request_handler.py", line 196, in _run_event_stream
    await self.agent_executor.execute(request, queue)
  File "/home/wjt/CardDiffBench_official_a2a_main_20260712/harness/transfer/official_a2a_peer.py", line 77, in execute
    artifact = self.env._response_artifact(body=body, identity=identity, scopes=scopes,
  File "/home/wjt/CardDiffBench_official_a2a_main_20260712/harness/downstream/impact_env.py", line 353, in _response_artifact
    raise RuntimeError(f"protocol adapter {version} could not encode the worker result")
RuntimeError: protocol adapter 1.0-primary could not encode the worker result
Unhandled exception
Traceback (most recent call last):
  File "/home/wjt/CardDiffBench_official_a2a_main_20260712/sut/transfer/official_a2a_protocol.py", line 27, in run_async
    asyncio.get_running_loop()
RuntimeError: no running event loop

During handling of the above exception, another exception occurred:

Traceback (most recent call last):
  File "/home/wjt/CardDiffBench_official_a2a_main_20260712/.venv/lib/python3.10/site-packages/a2a/server/apps/jsonrpc/jsonrpc_app.py", line 384, in _handle_requests
    return await self._process_non_streaming_request(
  File "/home/wjt/CardDiffBench_official_a2a_main_20260712/.venv/lib/python3.10/site-packages/a2a/server/apps/jsonrpc/jsonrpc_app.py", line 464, in _process_non_streaming_request
    handler_result = await self.handler.on_message_send(
  File "/home/wjt/CardDiffBench_official_a2a_main_20260712/.venv/lib/python3.10/site-packages/a2a/utils/telemetry.py", line 228, in async_wrapper
    result = await func(*args, **kwargs)
  File "/home/wjt/CardDiffBench_official_a2a_main_20260712/.venv/lib/python3.10/site-packages/a2a/server/request_handlers/jsonrpc_handler.py", line 107, in on_message_send
    task_or_message = await self.request_handler.on_message_send(
  File "/home/wjt/CardDiffBench_official_a2a_main_20260712/.venv/lib/python3.10/site-packages/a2a/utils/telemetry.py", line 228, in async_wrapper
    result = await func(*args, **kwargs)
  File "/home/wjt/CardDiffBench_official_a2a_main_20260712/.venv/lib/python3.10/site-packages/a2a/server/request_handlers/default_request_handler.py", line 348, in on_message_send
    await self._cleanup_producer(producer_task, task_id)
  File "/home/wjt/CardDiffBench_official_a2a_main_20260712/.venv/lib/python3.10/site-packages/a2a/utils/telemetry.py", line 228, in async_wrapper
    result = await func(*args, **kwargs)
  File "/home/wjt/CardDiffBench_official_a2a_main_20260712/.venv/lib/python3.10/site-packages/a2a/server/request_handlers/default_request_handler.py", line 445, in _cleanup_producer
    await producer_task
  File "/home/wjt/CardDiffBench_official_a2a_main_20260712/.venv/lib/python3.10/site-packages/a2a/utils/telemetry.py", line 228, in async_wrapper
    result = await func(*args, **kwargs)
  File "/home/wjt/CardDiffBench_official_a2a_main_20260712/.venv/lib/python3.10/site-packages/a2a/server/request_handlers/default_request_handler.py", line 196, in _run_event_stream
    await self.agent_executor.execute(request, queue)
  File "/home/wjt/CardDiffBench_official_a2a_main_20260712/harness/transfer/official_a2a_peer.py", line 77, in execute
    artifact = self.env._response_artifact(body=body, identity=identity, scopes=scopes,
  File "/home/wjt/CardDiffBench_official_a2a_main_20260712/harness/downstream/impact_env.py", line 353, in _response_artifact
    raise RuntimeError(f"protocol adapter {version} could not encode the worker result")
RuntimeError: protocol adapter 1.0-primary could not encode the worker result
Request Error (ID: 38db0922-5a71-4f29-b677-e1c5ec6c1737): Code=-32603, Message='protocol adapter 1.0-primary could not encode the worker result'
Agent execution failed
Traceback (most recent call last):
  File "/home/wjt/CardDiffBench_official_a2a_main_20260712/sut/transfer/official_a2a_protocol.py", line 27, in run_async
    asyncio.get_running_loop()
RuntimeError: no running event loop

During handling of the above exception, another exception occurred:

Traceback (most recent call last):
  File "/home/wjt/CardDiffBench_official_a2a_main_20260712/.venv/lib/python3.10/site-packages/a2a/server/request_handlers/default_request_handler.py", line 326, in on_message_send
    ) = await result_aggregator.consume_and_break_on_interrupt(
  File "/home/wjt/CardDiffBench_official_a2a_main_20260712/.venv/lib/python3.10/site-packages/a2a/server/tasks/result_aggregator.py", line 135, in consume_and_break_on_interrupt
    async for event in event_stream:
  File "/home/wjt/CardDiffBench_official_a2a_main_20260712/.venv/lib/python3.10/site-packages/a2a/server/events/event_consumer.py", line 87, in consume_all
    raise self._exception
  File "/home/wjt/CardDiffBench_official_a2a_main_20260712/.venv/lib/python3.10/site-packages/a2a/utils/telemetry.py", line 228, in async_wrapper
    result = await func(*args, **kwargs)
  File "/home/wjt/CardDiffBench_official_a2a_main_20260712/.venv/lib/python3.10/site-packages/a2a/server/request_handlers/default_request_handler.py", line 196, in _run_event_stream
    await self.agent_executor.execute(request, queue)
  File "/home/wjt/CardDiffBench_official_a2a_main_20260712/harness/transfer/official_a2a_peer.py", line 77, in execute
    artifact = self.env._response_artifact(body=body, identity=identity, scopes=scopes,
  File "/home/wjt/CardDiffBench_official_a2a_main_20260712/harness/downstream/impact_env.py", line 353, in _response_artifact
    raise RuntimeError(f"protocol adapter {version} could not encode the worker result")
RuntimeError: protocol adapter 1.0-primary could not encode the worker result
Unhandled exception
Traceback (most recent call last):
  File "/home/wjt/CardDiffBench_official_a2a_main_20260712/sut/transfer/official_a2a_protocol.py", line 27, in run_async
    asyncio.get_running_loop()
RuntimeError: no running event loop

During handling of the above exception, another exception occurred:

Traceback (most recent call last):
  File "/home/wjt/CardDiffBench_official_a2a_main_20260712/.venv/lib/python3.10/site-packages/a2a/server/apps/jsonrpc/jsonrpc_app.py", line 384, in _handle_requests
    return await self._process_non_streaming_request(
  File "/home/wjt/CardDiffBench_official_a2a_main_20260712/.venv/lib/python3.10/site-packages/a2a/server/apps/jsonrpc/jsonrpc_app.py", line 464, in _process_non_streaming_request
    handler_result = await self.handler.on_message_send(
  File "/home/wjt/CardDiffBench_official_a2a_main_20260712/.venv/lib/python3.10/site-packages/a2a/utils/telemetry.py", line 228, in async_wrapper
    result = await func(*args, **kwargs)
  File "/home/wjt/CardDiffBench_official_a2a_main_20260712/.venv/lib/python3.10/site-packages/a2a/server/request_handlers/jsonrpc_handler.py", line 107, in on_message_send
    task_or_message = await self.request_handler.on_message_send(
  File "/home/wjt/CardDiffBench_official_a2a_main_20260712/.venv/lib/python3.10/site-packages/a2a/utils/telemetry.py", line 228, in async_wrapper
    result = await func(*args, **kwargs)
  File "/home/wjt/CardDiffBench_official_a2a_main_20260712/.venv/lib/python3.10/site-packages/a2a/server/request_handlers/default_request_handler.py", line 348, in on_message_send
    await self._cleanup_producer(producer_task, task_id)
  File "/home/wjt/CardDiffBench_official_a2a_main_20260712/.venv/lib/python3.10/site-packages/a2a/utils/telemetry.py", line 228, in async_wrapper
    result = await func(*args, **kwargs)
  File "/home/wjt/CardDiffBench_official_a2a_main_20260712/.venv/lib/python3.10/site-packages/a2a/server/request_handlers/default_request_handler.py", line 445, in _cleanup_producer
    await producer_task
  File "/home/wjt/CardDiffBench_official_a2a_main_20260712/.venv/lib/python3.10/site-packages/a2a/utils/telemetry.py", line 228, in async_wrapper
    result = await func(*args, **kwargs)
  File "/home/wjt/CardDiffBench_official_a2a_main_20260712/.venv/lib/python3.10/site-packages/a2a/server/request_handlers/default_request_handler.py", line 196, in _run_event_stream
    await self.agent_executor.execute(request, queue)
  File "/home/wjt/CardDiffBench_official_a2a_main_20260712/harness/transfer/official_a2a_peer.py", line 77, in execute
    artifact = self.env._response_artifact(body=body, identity=identity, scopes=scopes,
  File "/home/wjt/CardDiffBench_official_a2a_main_20260712/harness/downstream/impact_env.py", line 353, in _response_artifact
    raise RuntimeError(f"protocol adapter {version} could not encode the worker result")
RuntimeError: protocol adapter 1.0-primary could not encode the worker result
Request Error (ID: 8f76b0cc-2468-433f-9ba2-2393e00b2141): Code=-32603, Message='protocol adapter 1.0-primary could not encode the worker result'
Agent execution failed
Traceback (most recent call last):
  File "/home/wjt/CardDiffBench_official_a2a_main_20260712/sut/transfer/official_a2a_protocol.py", line 27, in run_async
    asyncio.get_running_loop()
RuntimeError: no running event loop

During handling of the above exception, another exception occurred:

Traceback (most recent call last):
  File "/home/wjt/CardDiffBench_official_a2a_main_20260712/.venv/lib/python3.10/site-packages/a2a/server/request_handlers/default_request_handler.py", line 326, in on_message_send
    ) = await result_aggregator.consume_and_break_on_interrupt(
  File "/home/wjt/CardDiffBench_official_a2a_main_20260712/.venv/lib/python3.10/site-packages/a2a/server/tasks/result_aggregator.py", line 135, in consume_and_break_on_interrupt
    async for event in event_stream:
  File "/home/wjt/CardDiffBench_official_a2a_main_20260712/.venv/lib/python3.10/site-packages/a2a/server/events/event_consumer.py", line 87, in consume_all
    raise self._exception
  File "/home/wjt/CardDiffBench_official_a2a_main_20260712/.venv/lib/python3.10/site-packages/a2a/utils/telemetry.py", line 228, in async_wrapper
    result = await func(*args, **kwargs)
  File "/home/wjt/CardDiffBench_official_a2a_main_20260712/.venv/lib/python3.10/site-packages/a2a/server/request_handlers/default_request_handler.py", line 196, in _run_event_stream
    await self.agent_executor.execute(request, queue)
  File "/home/wjt/CardDiffBench_official_a2a_main_20260712/harness/transfer/official_a2a_peer.py", line 77, in execute
    artifact = self.env._response_artifact(body=body, identity=identity, scopes=scopes,
  File "/home/wjt/CardDiffBench_official_a2a_main_20260712/harness/downstream/impact_env.py", line 353, in _response_artifact
    raise RuntimeError(f"protocol adapter {version} could not encode the worker result")
RuntimeError: protocol adapter 1.0-primary could not encode the worker result
Unhandled exception
Traceback (most recent call last):
  File "/home/wjt/CardDiffBench_official_a2a_main_20260712/sut/transfer/official_a2a_protocol.py", line 27, in run_async
    asyncio.get_running_loop()
RuntimeError: no running event loop

During handling of the above exception, another exception occurred:

Traceback (most recent call last):
  File "/home/wjt/CardDiffBench_official_a2a_main_20260712/.venv/lib/python3.10/site-packages/a2a/server/apps/jsonrpc/jsonrpc_app.py", line 384, in _handle_requests
    return await self._process_non_streaming_request(
  File "/home/wjt/CardDiffBench_official_a2a_main_20260712/.venv/lib/python3.10/site-packages/a2a/server/apps/jsonrpc/jsonrpc_app.py", line 464, in _process_non_streaming_request
    handler_result = await self.handler.on_message_send(
  File "/home/wjt/CardDiffBench_official_a2a_main_20260712/.venv/lib/python3.10/site-packages/a2a/utils/telemetry.py", line 228, in async_wrapper
    result = await func(*args, **kwargs)
  File "/home/wjt/CardDiffBench_official_a2a_main_20260712/.venv/lib/python3.10/site-packages/a2a/server/request_handlers/jsonrpc_handler.py", line 107, in on_message_send
    task_or_message = await self.request_handler.on_message_send(
  File "/home/wjt/CardDiffBench_official_a2a_main_20260712/.venv/lib/python3.10/site-packages/a2a/utils/telemetry.py", line 228, in async_wrapper
    result = await func(*args, **kwargs)
  File "/home/wjt/CardDiffBench_official_a2a_main_20260712/.venv/lib/python3.10/site-packages/a2a/server/request_handlers/default_request_handler.py", line 348, in on_message_send
    await self._cleanup_producer(producer_task, task_id)
  File "/home/wjt/CardDiffBench_official_a2a_main_20260712/.venv/lib/python3.10/site-packages/a2a/utils/telemetry.py", line 228, in async_wrapper
    result = await func(*args, **kwargs)
  File "/home/wjt/CardDiffBench_official_a2a_main_20260712/.venv/lib/python3.10/site-packages/a2a/server/request_handlers/default_request_handler.py", line 445, in _cleanup_producer
    await producer_task
  File "/home/wjt/CardDiffBench_official_a2a_main_20260712/.venv/lib/python3.10/site-packages/a2a/utils/telemetry.py", line 228, in async_wrapper
    result = await func(*args, **kwargs)
  File "/home/wjt/CardDiffBench_official_a2a_main_20260712/.venv/lib/python3.10/site-packages/a2a/server/request_handlers/default_request_handler.py", line 196, in _run_event_stream
    await self.agent_executor.execute(request, queue)
  File "/home/wjt/CardDiffBench_official_a2a_main_20260712/harness/transfer/official_a2a_peer.py", line 77, in execute
    artifact = self.env._response_artifact(body=body, identity=identity, scopes=scopes,
  File "/home/wjt/CardDiffBench_official_a2a_main_20260712/harness/downstream/impact_env.py", line 353, in _response_artifact
    raise RuntimeError(f"protocol adapter {version} could not encode the worker result")
RuntimeError: protocol adapter 1.0-primary could not encode the worker result
Request Error (ID: 2420b434-ce29-4e77-a708-127b5c643f31): Code=-32603, Message='protocol adapter 1.0-primary could not encode the worker result'
Agent execution failed
Traceback (most recent call last):
  File "/home/wjt/CardDiffBench_official_a2a_main_20260712/sut/transfer/official_a2a_protocol.py", line 27, in run_async
    asyncio.get_running_loop()
RuntimeError: no running event loop

During handling of the above exception, another exception occurred:

Traceback (most recent call last):
  File "/home/wjt/CardDiffBench_official_a2a_main_20260712/.venv/lib/python3.10/site-packages/a2a/server/request_handlers/default_request_handler.py", line 326, in on_message_send
    ) = await result_aggregator.consume_and_break_on_interrupt(
  File "/home/wjt/CardDiffBench_official_a2a_main_20260712/.venv/lib/python3.10/site-packages/a2a/server/tasks/result_aggregator.py", line 135, in consume_and_break_on_interrupt
    async for event in event_stream:
  File "/home/wjt/CardDiffBench_official_a2a_main_20260712/.venv/lib/python3.10/site-packages/a2a/server/events/event_consumer.py", line 87, in consume_all
    raise self._exception
  File "/home/wjt/CardDiffBench_official_a2a_main_20260712/.venv/lib/python3.10/site-packages/a2a/utils/telemetry.py", line 228, in async_wrapper
    result = await func(*args, **kwargs)
  File "/home/wjt/CardDiffBench_official_a2a_main_20260712/.venv/lib/python3.10/site-packages/a2a/server/request_handlers/default_request_handler.py", line 196, in _run_event_stream
    await self.agent_executor.execute(request, queue)
  File "/home/wjt/CardDiffBench_official_a2a_main_20260712/harness/transfer/official_a2a_peer.py", line 77, in execute
    artifact = self.env._response_artifact(body=body, identity=identity, scopes=scopes,
  File "/home/wjt/CardDiffBench_official_a2a_main_20260712/harness/downstream/impact_env.py", line 353, in _response_artifact
    raise RuntimeError(f"protocol adapter {version} could not encode the worker result")
RuntimeError: protocol adapter 1.0-primary could not encode the worker result
Unhandled exception
Traceback (most recent call last):
  File "/home/wjt/CardDiffBench_official_a2a_main_20260712/sut/transfer/official_a2a_protocol.py", line 27, in run_async
    asyncio.get_running_loop()
RuntimeError: no running event loop

During handling of the above exception, another exception occurred:

Traceback (most recent call last):
  File "/home/wjt/CardDiffBench_official_a2a_main_20260712/.venv/lib/python3.10/site-packages/a2a/server/apps/jsonrpc/jsonrpc_app.py", line 384, in _handle_requests
    return await self._process_non_streaming_request(
  File "/home/wjt/CardDiffBench_official_a2a_main_20260712/.venv/lib/python3.10/site-packages/a2a/server/apps/jsonrpc/jsonrpc_app.py", line 464, in _process_non_streaming_request
    handler_result = await self.handler.on_message_send(
  File "/home/wjt/CardDiffBench_official_a2a_main_20260712/.venv/lib/python3.10/site-packages/a2a/utils/telemetry.py", line 228, in async_wrapper
    result = await func(*args, **kwargs)
  File "/home/wjt/CardDiffBench_official_a2a_main_20260712/.venv/lib/python3.10/site-packages/a2a/server/request_handlers/jsonrpc_handler.py", line 107, in on_message_send
    task_or_message = await self.request_handler.on_message_send(
  File "/home/wjt/CardDiffBench_official_a2a_main_20260712/.venv/lib/python3.10/site-packages/a2a/utils/telemetry.py", line 228, in async_wrapper
    result = await func(*args, **kwargs)
  File "/home/wjt/CardDiffBench_official_a2a_main_20260712/.venv/lib/python3.10/site-packages/a2a/server/request_handlers/default_request_handler.py", line 348, in on_message_send
    await self._cleanup_producer(producer_task, task_id)
  File "/home/wjt/CardDiffBench_official_a2a_main_20260712/.venv/lib/python3.10/site-packages/a2a/utils/telemetry.py", line 228, in async_wrapper
    result = await func(*args, **kwargs)
  File "/home/wjt/CardDiffBench_official_a2a_main_20260712/.venv/lib/python3.10/site-packages/a2a/server/request_handlers/default_request_handler.py", line 445, in _cleanup_producer
    await producer_task
  File "/home/wjt/CardDiffBench_official_a2a_main_20260712/.venv/lib/python3.10/site-packages/a2a/utils/telemetry.py", line 228, in async_wrapper
    result = await func(*args, **kwargs)
  File "/home/wjt/CardDiffBench_official_a2a_main_20260712/.venv/lib/python3.10/site-packages/a2a/server/request_handlers/default_request_handler.py", line 196, in _run_event_stream
    await self.agent_executor.execute(request, queue)
  File "/home/wjt/CardDiffBench_official_a2a_main_20260712/harness/transfer/official_a2a_peer.py", line 77, in execute
    artifact = self.env._response_artifact(body=body, identity=identity, scopes=scopes,
  File "/home/wjt/CardDiffBench_official_a2a_main_20260712/harness/downstream/impact_env.py", line 353, in _response_artifact
    raise RuntimeError(f"protocol adapter {version} could not encode the worker result")
RuntimeError: protocol adapter 1.0-primary could not encode the worker result
Request Error (ID: a31314a2-592d-407b-8280-46009ba1a7ef): Code=-32603, Message='protocol adapter 1.0-primary could not encode the worker result'
Agent execution failed
Traceback (most recent call last):
  File "/home/wjt/CardDiffBench_official_a2a_main_20260712/sut/transfer/official_a2a_protocol.py", line 27, in run_async
    asyncio.get_running_loop()
RuntimeError: no running event loop

During handling of the above exception, another exception occurred:

Traceback (most recent call last):
  File "/home/wjt/CardDiffBench_official_a2a_main_20260712/.venv/lib/python3.10/site-packages/a2a/server/request_handlers/default_request_handler.py", line 326, in on_message_send
    ) = await result_aggregator.consume_and_break_on_interrupt(
  File "/home/wjt/CardDiffBench_official_a2a_main_20260712/.venv/lib/python3.10/site-packages/a2a/server/tasks/result_aggregator.py", line 135, in consume_and_break_on_interrupt
    async for event in event_stream:
  File "/home/wjt/CardDiffBench_official_a2a_main_20260712/.venv/lib/python3.10/site-packages/a2a/server/events/event_consumer.py", line 87, in consume_all
    raise self._exception
  File "/home/wjt/CardDiffBench_official_a2a_main_20260712/.venv/lib/python3.10/site-packages/a2a/utils/telemetry.py", line 228, in async_wrapper
    result = await func(*args, **kwargs)
  File "/home/wjt/CardDiffBench_official_a2a_main_20260712/.venv/lib/python3.10/site-packages/a2a/server/request_handlers/default_request_handler.py", line 196, in _run_event_stream
    await self.agent_executor.execute(request, queue)
  File "/home/wjt/CardDiffBench_official_a2a_main_20260712/harness/transfer/official_a2a_peer.py", line 77, in execute
    artifact = self.env._response_artifact(body=body, identity=identity, scopes=scopes,
  File "/home/wjt/CardDiffBench_official_a2a_main_20260712/harness/downstream/impact_env.py", line 353, in _response_artifact
    raise RuntimeError(f"protocol adapter {version} could not encode the worker result")
RuntimeError: protocol adapter 1.0-primary could not encode the worker result
Unhandled exception
Traceback (most recent call last):
  File "/home/wjt/CardDiffBench_official_a2a_main_20260712/sut/transfer/official_a2a_protocol.py", line 27, in run_async
    asyncio.get_running_loop()
RuntimeError: no running event loop

During handling of the above exception, another exception occurred:

Traceback (most recent call last):
  File "/home/wjt/CardDiffBench_official_a2a_main_20260712/.venv/lib/python3.10/site-packages/a2a/server/apps/jsonrpc/jsonrpc_app.py", line 384, in _handle_requests
    return await self._process_non_streaming_request(
  File "/home/wjt/CardDiffBench_official_a2a_main_20260712/.venv/lib/python3.10/site-packages/a2a/server/apps/jsonrpc/jsonrpc_app.py", line 464, in _process_non_streaming_request
    handler_result = await self.handler.on_message_send(
  File "/home/wjt/CardDiffBench_official_a2a_main_20260712/.venv/lib/python3.10/site-packages/a2a/utils/telemetry.py", line 228, in async_wrapper
    result = await func(*args, **kwargs)
  File "/home/wjt/CardDiffBench_official_a2a_main_20260712/.venv/lib/python3.10/site-packages/a2a/server/request_handlers/jsonrpc_handler.py", line 107, in on_message_send
    task_or_message = await self.request_handler.on_message_send(
  File "/home/wjt/CardDiffBench_official_a2a_main_20260712/.venv/lib/python3.10/site-packages/a2a/utils/telemetry.py", line 228, in async_wrapper
    result = await func(*args, **kwargs)
  File "/home/wjt/CardDiffBench_official_a2a_main_20260712/.venv/lib/python3.10/site-packages/a2a/server/request_handlers/default_request_handler.py", line 348, in on_message_send
    await self._cleanup_producer(producer_task, task_id)
  File "/home/wjt/CardDiffBench_official_a2a_main_20260712/.venv/lib/python3.10/site-packages/a2a/utils/telemetry.py", line 228, in async_wrapper
    result = await func(*args, **kwargs)
  File "/home/wjt/CardDiffBench_official_a2a_main_20260712/.venv/lib/python3.10/site-packages/a2a/server/request_handlers/default_request_handler.py", line 445, in _cleanup_producer
    await producer_task
  File "/home/wjt/CardDiffBench_official_a2a_main_20260712/.venv/lib/python3.10/site-packages/a2a/utils/telemetry.py", line 228, in async_wrapper
    result = await func(*args, **kwargs)
  File "/home/wjt/CardDiffBench_official_a2a_main_20260712/.venv/lib/python3.10/site-packages/a2a/server/request_handlers/default_request_handler.py", line 196, in _run_event_stream
    await self.agent_executor.execute(request, queue)
  File "/home/wjt/CardDiffBench_official_a2a_main_20260712/harness/transfer/official_a2a_peer.py", line 77, in execute
    artifact = self.env._response_artifact(body=body, identity=identity, scopes=scopes,
  File "/home/wjt/CardDiffBench_official_a2a_main_20260712/harness/downstream/impact_env.py", line 353, in _response_artifact
    raise RuntimeError(f"protocol adapter {version} could not encode the worker result")
RuntimeError: protocol adapter 1.0-primary could not encode the worker result
Request Error (ID: aa5e17db-5a48-434e-b570-c9dd1ee851cb): Code=-32603, Message='protocol adapter 1.0-primary could not encode the worker result'
Agent execution failed
Traceback (most recent call last):
  File "/home/wjt/CardDiffBench_official_a2a_main_20260712/sut/transfer/official_a2a_protocol.py", line 27, in run_async
    asyncio.get_running_loop()
RuntimeError: no running event loop

During handling of the above exception, another exception occurred:

Traceback (most recent call last):
  File "/home/wjt/CardDiffBench_official_a2a_main_20260712/.venv/lib/python3.10/site-packages/a2a/server/request_handlers/default_request_handler.py", line 326, in on_message_send
    ) = await result_aggregator.consume_and_break_on_interrupt(
  File "/home/wjt/CardDiffBench_official_a2a_main_20260712/.venv/lib/python3.10/site-packages/a2a/server/tasks/result_aggregator.py", line 135, in consume_and_break_on_interrupt
    async for event in event_stream:
  File "/home/wjt/CardDiffBench_official_a2a_main_20260712/.venv/lib/python3.10/site-packages/a2a/server/events/event_consumer.py", line 87, in consume_all
    raise self._exception
  File "/home/wjt/CardDiffBench_official_a2a_main_20260712/.venv/lib/python3.10/site-packages/a2a/utils/telemetry.py", line 228, in async_wrapper
    result = await func(*args, **kwargs)
  File "/home/wjt/CardDiffBench_official_a2a_main_20260712/.venv/lib/python3.10/site-packages/a2a/server/request_handlers/default_request_handler.py", line 196, in _run_event_stream
    await self.agent_executor.execute(request, queue)
  File "/home/wjt/CardDiffBench_official_a2a_main_20260712/harness/transfer/official_a2a_peer.py", line 77, in execute
    artifact = self.env._response_artifact(body=body, identity=identity, scopes=scopes,
  File "/home/wjt/CardDiffBench_official_a2a_main_20260712/harness/downstream/impact_env.py", line 353, in _response_artifact
    raise RuntimeError(f"protocol adapter {version} could not encode the worker result")
RuntimeError: protocol adapter 1.0-primary could not encode the worker result
Unhandled exception
Traceback (most recent call last):
  File "/home/wjt/CardDiffBench_official_a2a_main_20260712/sut/transfer/official_a2a_protocol.py", line 27, in run_async
    asyncio.get_running_loop()
RuntimeError: no running event loop

During handling of the above exception, another exception occurred:

Traceback (most recent call last):
  File "/home/wjt/CardDiffBench_official_a2a_main_20260712/.venv/lib/python3.10/site-packages/a2a/server/apps/jsonrpc/jsonrpc_app.py", line 384, in _handle_requests
    return await self._process_non_streaming_request(
  File "/home/wjt/CardDiffBench_official_a2a_main_20260712/.venv/lib/python3.10/site-packages/a2a/server/apps/jsonrpc/jsonrpc_app.py", line 464, in _process_non_streaming_request
    handler_result = await self.handler.on_message_send(
  File "/home/wjt/CardDiffBench_official_a2a_main_20260712/.venv/lib/python3.10/site-packages/a2a/utils/telemetry.py", line 228, in async_wrapper
    result = await func(*args, **kwargs)
  File "/home/wjt/CardDiffBench_official_a2a_main_20260712/.venv/lib/python3.10/site-packages/a2a/server/request_handlers/jsonrpc_handler.py", line 107, in on_message_send
    task_or_message = await self.request_handler.on_message_send(
  File "/home/wjt/CardDiffBench_official_a2a_main_20260712/.venv/lib/python3.10/site-packages/a2a/utils/telemetry.py", line 228, in async_wrapper
    result = await func(*args, **kwargs)
  File "/home/wjt/CardDiffBench_official_a2a_main_20260712/.venv/lib/python3.10/site-packages/a2a/server/request_handlers/default_request_handler.py", line 348, in on_message_send
    await self._cleanup_producer(producer_task, task_id)
  File "/home/wjt/CardDiffBench_official_a2a_main_20260712/.venv/lib/python3.10/site-packages/a2a/utils/telemetry.py", line 228, in async_wrapper
    result = await func(*args, **kwargs)
  File "/home/wjt/CardDiffBench_official_a2a_main_20260712/.venv/lib/python3.10/site-packages/a2a/server/request_handlers/default_request_handler.py", line 445, in _cleanup_producer
    await producer_task
  File "/home/wjt/CardDiffBench_official_a2a_main_20260712/.venv/lib/python3.10/site-packages/a2a/utils/telemetry.py", line 228, in async_wrapper
    result = await func(*args, **kwargs)
  File "/home/wjt/CardDiffBench_official_a2a_main_20260712/.venv/lib/python3.10/site-packages/a2a/server/request_handlers/default_request_handler.py", line 196, in _run_event_stream
    await self.agent_executor.execute(request, queue)
  File "/home/wjt/CardDiffBench_official_a2a_main_20260712/harness/transfer/official_a2a_peer.py", line 77, in execute
    artifact = self.env._response_artifact(body=body, identity=identity, scopes=scopes,
  File "/home/wjt/CardDiffBench_official_a2a_main_20260712/harness/downstream/impact_env.py", line 353, in _response_artifact
    raise RuntimeError(f"protocol adapter {version} could not encode the worker result")
RuntimeError: protocol adapter 1.0-primary could not encode the worker result
Request Error (ID: 21541e71-56a2-4138-b517-67caad612fbd): Code=-32603, Message='protocol adapter 1.0-primary could not encode the worker result'
Agent execution failed
Traceback (most recent call last):
  File "/home/wjt/CardDiffBench_official_a2a_main_20260712/sut/transfer/official_a2a_protocol.py", line 27, in run_async
    asyncio.get_running_loop()
RuntimeError: no running event loop

During handling of the above exception, another exception occurred:

Traceback (most recent call last):
  File "/home/wjt/CardDiffBench_official_a2a_main_20260712/.venv/lib/python3.10/site-packages/a2a/server/request_handlers/default_request_handler.py", line 326, in on_message_send
    ) = await result_aggregator.consume_and_break_on_interrupt(
  File "/home/wjt/CardDiffBench_official_a2a_main_20260712/.venv/lib/python3.10/site-packages/a2a/server/tasks/result_aggregator.py", line 135, in consume_and_break_on_interrupt
    async for event in event_stream:
  File "/home/wjt/CardDiffBench_official_a2a_main_20260712/.venv/lib/python3.10/site-packages/a2a/server/events/event_consumer.py", line 87, in consume_all
    raise self._exception
  File "/home/wjt/CardDiffBench_official_a2a_main_20260712/.venv/lib/python3.10/site-packages/a2a/utils/telemetry.py", line 228, in async_wrapper
    result = await func(*args, **kwargs)
  File "/home/wjt/CardDiffBench_official_a2a_main_20260712/.venv/lib/python3.10/site-packages/a2a/server/request_handlers/default_request_handler.py", line 196, in _run_event_stream
    await self.agent_executor.execute(request, queue)
  File "/home/wjt/CardDiffBench_official_a2a_main_20260712/harness/transfer/official_a2a_peer.py", line 77, in execute
    artifact = self.env._response_artifact(body=body, identity=identity, scopes=scopes,
  File "/home/wjt/CardDiffBench_official_a2a_main_20260712/harness/downstream/impact_env.py", line 353, in _response_artifact
    raise RuntimeError(f"protocol adapter {version} could not encode the worker result")
RuntimeError: protocol adapter 1.0-primary could not encode the worker result
Unhandled exception
Traceback (most recent call last):
  File "/home/wjt/CardDiffBench_official_a2a_main_20260712/sut/transfer/official_a2a_protocol.py", line 27, in run_async
    asyncio.get_running_loop()
RuntimeError: no running event loop

During handling of the above exception, another exception occurred:

Traceback (most recent call last):
  File "/home/wjt/CardDiffBench_official_a2a_main_20260712/.venv/lib/python3.10/site-packages/a2a/server/apps/jsonrpc/jsonrpc_app.py", line 384, in _handle_requests
    return await self._process_non_streaming_request(
  File "/home/wjt/CardDiffBench_official_a2a_main_20260712/.venv/lib/python3.10/site-packages/a2a/server/apps/jsonrpc/jsonrpc_app.py", line 464, in _process_non_streaming_request
    handler_result = await self.handler.on_message_send(
  File "/home/wjt/CardDiffBench_official_a2a_main_20260712/.venv/lib/python3.10/site-packages/a2a/utils/telemetry.py", line 228, in async_wrapper
    result = await func(*args, **kwargs)
  File "/home/wjt/CardDiffBench_official_a2a_main_20260712/.venv/lib/python3.10/site-packages/a2a/server/request_handlers/jsonrpc_handler.py", line 107, in on_message_send
    task_or_message = await self.request_handler.on_message_send(
  File "/home/wjt/CardDiffBench_official_a2a_main_20260712/.venv/lib/python3.10/site-packages/a2a/utils/telemetry.py", line 228, in async_wrapper
    result = await func(*args, **kwargs)
  File "/home/wjt/CardDiffBench_official_a2a_main_20260712/.venv/lib/python3.10/site-packages/a2a/server/request_handlers/default_request_handler.py", line 348, in on_message_send
    await self._cleanup_producer(producer_task, task_id)
  File "/home/wjt/CardDiffBench_official_a2a_main_20260712/.venv/lib/python3.10/site-packages/a2a/utils/telemetry.py", line 228, in async_wrapper
    result = await func(*args, **kwargs)
  File "/home/wjt/CardDiffBench_official_a2a_main_20260712/.venv/lib/python3.10/site-packages/a2a/server/request_handlers/default_request_handler.py", line 445, in _cleanup_producer
    await producer_task
  File "/home/wjt/CardDiffBench_official_a2a_main_20260712/.venv/lib/python3.10/site-packages/a2a/utils/telemetry.py", line 228, in async_wrapper
    result = await func(*args, **kwargs)
  File "/home/wjt/CardDiffBench_official_a2a_main_20260712/.venv/lib/python3.10/site-packages/a2a/server/request_handlers/default_request_handler.py", line 196, in _run_event_stream
    await self.agent_executor.execute(request, queue)
  File "/home/wjt/CardDiffBench_official_a2a_main_20260712/harness/transfer/official_a2a_peer.py", line 77, in execute
    artifact = self.env._response_artifact(body=body, identity=identity, scopes=scopes,
  File "/home/wjt/CardDiffBench_official_a2a_main_20260712/harness/downstream/impact_env.py", line 353, in _response_artifact
    raise RuntimeError(f"protocol adapter {version} could not encode the worker result")
RuntimeError: protocol adapter 1.0-primary could not encode the worker result
Request Error (ID: 03e22a75-c1f4-4374-9b61-67fb8cbf93de): Code=-32603, Message='protocol adapter 1.0-primary could not encode the worker result'
Agent execution failed
Traceback (most recent call last):
  File "/home/wjt/CardDiffBench_official_a2a_main_20260712/sut/transfer/official_a2a_protocol.py", line 27, in run_async
    asyncio.get_running_loop()
RuntimeError: no running event loop

During handling of the above exception, another exception occurred:

Traceback (most recent call last):
  File "/home/wjt/CardDiffBench_official_a2a_main_20260712/.venv/lib/python3.10/site-packages/a2a/server/request_handlers/default_request_handler.py", line 326, in on_message_send
    ) = await result_aggregator.consume_and_break_on_interrupt(
  File "/home/wjt/CardDiffBench_official_a2a_main_20260712/.venv/lib/python3.10/site-packages/a2a/server/tasks/result_aggregator.py", line 135, in consume_and_break_on_interrupt
    async for event in event_stream:
  File "/home/wjt/CardDiffBench_official_a2a_main_20260712/.venv/lib/python3.10/site-packages/a2a/server/events/event_consumer.py", line 87, in consume_all
    raise self._exception
  File "/home/wjt/CardDiffBench_official_a2a_main_20260712/.venv/lib/python3.10/site-packages/a2a/utils/telemetry.py", line 228, in async_wrapper
    result = await func(*args, **kwargs)
  File "/home/wjt/CardDiffBench_official_a2a_main_20260712/.venv/lib/python3.10/site-packages/a2a/server/request_handlers/default_request_handler.py", line 196, in _run_event_stream
    await self.agent_executor.execute(request, queue)
  File "/home/wjt/CardDiffBench_official_a2a_main_20260712/harness/transfer/official_a2a_peer.py", line 77, in execute
    artifact = self.env._response_artifact(body=body, identity=identity, scopes=scopes,
  File "/home/wjt/CardDiffBench_official_a2a_main_20260712/harness/downstream/impact_env.py", line 353, in _response_artifact
    raise RuntimeError(f"protocol adapter {version} could not encode the worker result")
RuntimeError: protocol adapter 1.0-primary could not encode the worker result
Unhandled exception
Traceback (most recent call last):
  File "/home/wjt/CardDiffBench_official_a2a_main_20260712/sut/transfer/official_a2a_protocol.py", line 27, in run_async
    asyncio.get_running_loop()
RuntimeError: no running event loop

During handling of the above exception, another exception occurred:

Traceback (most recent call last):
  File "/home/wjt/CardDiffBench_official_a2a_main_20260712/.venv/lib/python3.10/site-packages/a2a/server/apps/jsonrpc/jsonrpc_app.py", line 384, in _handle_requests
    return await self._process_non_streaming_request(
  File "/home/wjt/CardDiffBench_official_a2a_main_20260712/.venv/lib/python3.10/site-packages/a2a/server/apps/jsonrpc/jsonrpc_app.py", line 464, in _process_non_streaming_request
    handler_result = await self.handler.on_message_send(
  File "/home/wjt/CardDiffBench_official_a2a_main_20260712/.venv/lib/python3.10/site-packages/a2a/utils/telemetry.py", line 228, in async_wrapper
    result = await func(*args, **kwargs)
  File "/home/wjt/CardDiffBench_official_a2a_main_20260712/.venv/lib/python3.10/site-packages/a2a/server/request_handlers/jsonrpc_handler.py", line 107, in on_message_send
    task_or_message = await self.request_handler.on_message_send(
  File "/home/wjt/CardDiffBench_official_a2a_main_20260712/.venv/lib/python3.10/site-packages/a2a/utils/telemetry.py", line 228, in async_wrapper
    result = await func(*args, **kwargs)
  File "/home/wjt/CardDiffBench_official_a2a_main_20260712/.venv/lib/python3.10/site-packages/a2a/server/request_handlers/default_request_handler.py", line 348, in on_message_send
    await self._cleanup_producer(producer_task, task_id)
  File "/home/wjt/CardDiffBench_official_a2a_main_20260712/.venv/lib/python3.10/site-packages/a2a/utils/telemetry.py", line 228, in async_wrapper
    result = await func(*args, **kwargs)
  File "/home/wjt/CardDiffBench_official_a2a_main_20260712/.venv/lib/python3.10/site-packages/a2a/server/request_handlers/default_request_handler.py", line 445, in _cleanup_producer
    await producer_task
  File "/home/wjt/CardDiffBench_official_a2a_main_20260712/.venv/lib/python3.10/site-packages/a2a/utils/telemetry.py", line 228, in async_wrapper
    result = await func(*args, **kwargs)
  File "/home/wjt/CardDiffBench_official_a2a_main_20260712/.venv/lib/python3.10/site-packages/a2a/server/request_handlers/default_request_handler.py", line 196, in _run_event_stream
    await self.agent_executor.execute(request, queue)
  File "/home/wjt/CardDiffBench_official_a2a_main_20260712/harness/transfer/official_a2a_peer.py", line 77, in execute
    artifact = self.env._response_artifact(body=body, identity=identity, scopes=scopes,
  File "/home/wjt/CardDiffBench_official_a2a_main_20260712/harness/downstream/impact_env.py", line 353, in _response_artifact
    raise RuntimeError(f"protocol adapter {version} could not encode the worker result")
RuntimeError: protocol adapter 1.0-primary could not encode the worker result
Request Error (ID: b70a0622-c35b-4ebf-b8e8-895835c997bf): Code=-32603, Message='protocol adapter 1.0-primary could not encode the worker result'
Agent execution failed
Traceback (most recent call last):
  File "/home/wjt/CardDiffBench_official_a2a_main_20260712/sut/transfer/official_a2a_protocol.py", line 27, in run_async
    asyncio.get_running_loop()
RuntimeError: no running event loop

During handling of the above exception, another exception occurred:

Traceback (most recent call last):
  File "/home/wjt/CardDiffBench_official_a2a_main_20260712/.venv/lib/python3.10/site-packages/a2a/server/request_handlers/default_request_handler.py", line 326, in on_message_send
    ) = await result_aggregator.consume_and_break_on_interrupt(
  File "/home/wjt/CardDiffBench_official_a2a_main_20260712/.venv/lib/python3.10/site-packages/a2a/server/tasks/result_aggregator.py", line 135, in consume_and_break_on_interrupt
    async for event in event_stream:
  File "/home/wjt/CardDiffBench_official_a2a_main_20260712/.venv/lib/python3.10/site-packages/a2a/server/events/event_consumer.py", line 87, in consume_all
    raise self._exception
  File "/home/wjt/CardDiffBench_official_a2a_main_20260712/.venv/lib/python3.10/site-packages/a2a/utils/telemetry.py", line 228, in async_wrapper
    result = await func(*args, **kwargs)
  File "/home/wjt/CardDiffBench_official_a2a_main_20260712/.venv/lib/python3.10/site-packages/a2a/server/request_handlers/default_request_handler.py", line 196, in _run_event_stream
    await self.agent_executor.execute(request, queue)
  File "/home/wjt/CardDiffBench_official_a2a_main_20260712/harness/transfer/official_a2a_peer.py", line 77, in execute
    artifact = self.env._response_artifact(body=body, identity=identity, scopes=scopes,
  File "/home/wjt/CardDiffBench_official_a2a_main_20260712/harness/downstream/impact_env.py", line 353, in _response_artifact
    raise RuntimeError(f"protocol adapter {version} could not encode the worker result")
RuntimeError: protocol adapter 1.0-primary could not encode the worker result
Unhandled exception
Traceback (most recent call last):
  File "/home/wjt/CardDiffBench_official_a2a_main_20260712/sut/transfer/official_a2a_protocol.py", line 27, in run_async
    asyncio.get_running_loop()
RuntimeError: no running event loop

During handling of the above exception, another exception occurred:

Traceback (most recent call last):
  File "/home/wjt/CardDiffBench_official_a2a_main_20260712/.venv/lib/python3.10/site-packages/a2a/server/apps/jsonrpc/jsonrpc_app.py", line 384, in _handle_requests
    return await self._process_non_streaming_request(
  File "/home/wjt/CardDiffBench_official_a2a_main_20260712/.venv/lib/python3.10/site-packages/a2a/server/apps/jsonrpc/jsonrpc_app.py", line 464, in _process_non_streaming_request
    handler_result = await self.handler.on_message_send(
  File "/home/wjt/CardDiffBench_official_a2a_main_20260712/.venv/lib/python3.10/site-packages/a2a/utils/telemetry.py", line 228, in async_wrapper
    result = await func(*args, **kwargs)
  File "/home/wjt/CardDiffBench_official_a2a_main_20260712/.venv/lib/python3.10/site-packages/a2a/server/request_handlers/jsonrpc_handler.py", line 107, in on_message_send
    task_or_message = await self.request_handler.on_message_send(
  File "/home/wjt/CardDiffBench_official_a2a_main_20260712/.venv/lib/python3.10/site-packages/a2a/utils/telemetry.py", line 228, in async_wrapper
    result = await func(*args, **kwargs)
  File "/home/wjt/CardDiffBench_official_a2a_main_20260712/.venv/lib/python3.10/site-packages/a2a/server/request_handlers/default_request_handler.py", line 348, in on_message_send
    await self._cleanup_producer(producer_task, task_id)
  File "/home/wjt/CardDiffBench_official_a2a_main_20260712/.venv/lib/python3.10/site-packages/a2a/utils/telemetry.py", line 228, in async_wrapper
    result = await func(*args, **kwargs)
  File "/home/wjt/CardDiffBench_official_a2a_main_20260712/.venv/lib/python3.10/site-packages/a2a/server/request_handlers/default_request_handler.py", line 445, in _cleanup_producer
    await producer_task
  File "/home/wjt/CardDiffBench_official_a2a_main_20260712/.venv/lib/python3.10/site-packages/a2a/utils/telemetry.py", line 228, in async_wrapper
    result = await func(*args, **kwargs)
  File "/home/wjt/CardDiffBench_official_a2a_main_20260712/.venv/lib/python3.10/site-packages/a2a/server/request_handlers/default_request_handler.py", line 196, in _run_event_stream
    await self.agent_executor.execute(request, queue)
  File "/home/wjt/CardDiffBench_official_a2a_main_20260712/harness/transfer/official_a2a_peer.py", line 77, in execute
    artifact = self.env._response_artifact(body=body, identity=identity, scopes=scopes,
  File "/home/wjt/CardDiffBench_official_a2a_main_20260712/harness/downstream/impact_env.py", line 353, in _response_artifact
    raise RuntimeError(f"protocol adapter {version} could not encode the worker result")
RuntimeError: protocol adapter 1.0-primary could not encode the worker result
Request Error (ID: 0d0ea7af-65f6-4715-b2f2-f719b0941167): Code=-32603, Message='protocol adapter 1.0-primary could not encode the worker result'
Agent execution failed
Traceback (most recent call last):
  File "/home/wjt/CardDiffBench_official_a2a_main_20260712/sut/transfer/official_a2a_protocol.py", line 27, in run_async
    asyncio.get_running_loop()
RuntimeError: no running event loop

During handling of the above exception, another exception occurred:

Traceback (most recent call last):
  File "/home/wjt/CardDiffBench_official_a2a_main_20260712/.venv/lib/python3.10/site-packages/a2a/server/request_handlers/default_request_handler.py", line 326, in on_message_send
    ) = await result_aggregator.consume_and_break_on_interrupt(
  File "/home/wjt/CardDiffBench_official_a2a_main_20260712/.venv/lib/python3.10/site-packages/a2a/server/tasks/result_aggregator.py", line 135, in consume_and_break_on_interrupt
    async for event in event_stream:
  File "/home/wjt/CardDiffBench_official_a2a_main_20260712/.venv/lib/python3.10/site-packages/a2a/server/events/event_consumer.py", line 87, in consume_all
    raise self._exception
  File "/home/wjt/CardDiffBench_official_a2a_main_20260712/.venv/lib/python3.10/site-packages/a2a/utils/telemetry.py", line 228, in async_wrapper
    result = await func(*args, **kwargs)
  File "/home/wjt/CardDiffBench_official_a2a_main_20260712/.venv/lib/python3.10/site-packages/a2a/server/request_handlers/default_request_handler.py", line 196, in _run_event_stream
    await self.agent_executor.execute(request, queue)
  File "/home/wjt/CardDiffBench_official_a2a_main_20260712/harness/transfer/official_a2a_peer.py", line 77, in execute
    artifact = self.env._response_artifact(body=body, identity=identity, scopes=scopes,
  File "/home/wjt/CardDiffBench_official_a2a_main_20260712/harness/downstream/impact_env.py", line 353, in _response_artifact
    raise RuntimeError(f"protocol adapter {version} could not encode the worker result")
RuntimeError: protocol adapter 1.0-primary could not encode the worker result
Unhandled exception
Traceback (most recent call last):
  File "/home/wjt/CardDiffBench_official_a2a_main_20260712/sut/transfer/official_a2a_protocol.py", line 27, in run_async
    asyncio.get_running_loop()
RuntimeError: no running event loop

During handling of the above exception, another exception occurred:

Traceback (most recent call last):
  File "/home/wjt/CardDiffBench_official_a2a_main_20260712/.venv/lib/python3.10/site-packages/a2a/server/apps/jsonrpc/jsonrpc_app.py", line 384, in _handle_requests
    return await self._process_non_streaming_request(
  File "/home/wjt/CardDiffBench_official_a2a_main_20260712/.venv/lib/python3.10/site-packages/a2a/server/apps/jsonrpc/jsonrpc_app.py", line 464, in _process_non_streaming_request
    handler_result = await self.handler.on_message_send(
  File "/home/wjt/CardDiffBench_official_a2a_main_20260712/.venv/lib/python3.10/site-packages/a2a/utils/telemetry.py", line 228, in async_wrapper
    result = await func(*args, **kwargs)
  File "/home/wjt/CardDiffBench_official_a2a_main_20260712/.venv/lib/python3.10/site-packages/a2a/server/request_handlers/jsonrpc_handler.py", line 107, in on_message_send
    task_or_message = await self.request_handler.on_message_send(
  File "/home/wjt/CardDiffBench_official_a2a_main_20260712/.venv/lib/python3.10/site-packages/a2a/utils/telemetry.py", line 228, in async_wrapper
    result = await func(*args, **kwargs)
  File "/home/wjt/CardDiffBench_official_a2a_main_20260712/.venv/lib/python3.10/site-packages/a2a/server/request_handlers/default_request_handler.py", line 348, in on_message_send
    await self._cleanup_producer(producer_task, task_id)
  File "/home/wjt/CardDiffBench_official_a2a_main_20260712/.venv/lib/python3.10/site-packages/a2a/utils/telemetry.py", line 228, in async_wrapper
    result = await func(*args, **kwargs)
  File "/home/wjt/CardDiffBench_official_a2a_main_20260712/.venv/lib/python3.10/site-packages/a2a/server/request_handlers/default_request_handler.py", line 445, in _cleanup_producer
    await producer_task
  File "/home/wjt/CardDiffBench_official_a2a_main_20260712/.venv/lib/python3.10/site-packages/a2a/utils/telemetry.py", line 228, in async_wrapper
    result = await func(*args, **kwargs)
  File "/home/wjt/CardDiffBench_official_a2a_main_20260712/.venv/lib/python3.10/site-packages/a2a/server/request_handlers/default_request_handler.py", line 196, in _run_event_stream
    await self.agent_executor.execute(request, queue)
  File "/home/wjt/CardDiffBench_official_a2a_main_20260712/harness/transfer/official_a2a_peer.py", line 77, in execute
    artifact = self.env._response_artifact(body=body, identity=identity, scopes=scopes,
  File "/home/wjt/CardDiffBench_official_a2a_main_20260712/harness/downstream/impact_env.py", line 353, in _response_artifact
    raise RuntimeError(f"protocol adapter {version} could not encode the worker result")
RuntimeError: protocol adapter 1.0-primary could not encode the worker result
Request Error (ID: ab0cc0b9-cbdc-45b0-a076-7e035285996c): Code=-32603, Message='protocol adapter 1.0-primary could not encode the worker result'
Agent execution failed
Traceback (most recent call last):
  File "/home/wjt/CardDiffBench_official_a2a_main_20260712/sut/transfer/official_a2a_protocol.py", line 27, in run_async
    asyncio.get_running_loop()
RuntimeError: no running event loop

During handling of the above exception, another exception occurred:

Traceback (most recent call last):
  File "/home/wjt/CardDiffBench_official_a2a_main_20260712/.venv/lib/python3.10/site-packages/a2a/server/request_handlers/default_request_handler.py", line 326, in on_message_send
    ) = await result_aggregator.consume_and_break_on_interrupt(
  File "/home/wjt/CardDiffBench_official_a2a_main_20260712/.venv/lib/python3.10/site-packages/a2a/server/tasks/result_aggregator.py", line 135, in consume_and_break_on_interrupt
    async for event in event_stream:
  File "/home/wjt/CardDiffBench_official_a2a_main_20260712/.venv/lib/python3.10/site-packages/a2a/server/events/event_consumer.py", line 87, in consume_all
    raise self._exception
  File "/home/wjt/CardDiffBench_official_a2a_main_20260712/.venv/lib/python3.10/site-packages/a2a/utils/telemetry.py", line 228, in async_wrapper
    result = await func(*args, **kwargs)
  File "/home/wjt/CardDiffBench_official_a2a_main_20260712/.venv/lib/python3.10/site-packages/a2a/server/request_handlers/default_request_handler.py", line 196, in _run_event_stream
    await self.agent_executor.execute(request, queue)
  File "/home/wjt/CardDiffBench_official_a2a_main_20260712/harness/transfer/official_a2a_peer.py", line 77, in execute
    artifact = self.env._response_artifact(body=body, identity=identity, scopes=scopes,
  File "/home/wjt/CardDiffBench_official_a2a_main_20260712/harness/downstream/impact_env.py", line 353, in _response_artifact
    raise RuntimeError(f"protocol adapter {version} could not encode the worker result")
RuntimeError: protocol adapter 1.0-primary could not encode the worker result
Unhandled exception
Traceback (most recent call last):
  File "/home/wjt/CardDiffBench_official_a2a_main_20260712/sut/transfer/official_a2a_protocol.py", line 27, in run_async
    asyncio.get_running_loop()
RuntimeError: no running event loop

During handling of the above exception, another exception occurred:

Traceback (most recent call last):
  File "/home/wjt/CardDiffBench_official_a2a_main_20260712/.venv/lib/python3.10/site-packages/a2a/server/apps/jsonrpc/jsonrpc_app.py", line 384, in _handle_requests
    return await self._process_non_streaming_request(
  File "/home/wjt/CardDiffBench_official_a2a_main_20260712/.venv/lib/python3.10/site-packages/a2a/server/apps/jsonrpc/jsonrpc_app.py", line 464, in _process_non_streaming_request
    handler_result = await self.handler.on_message_send(
  File "/home/wjt/CardDiffBench_official_a2a_main_20260712/.venv/lib/python3.10/site-packages/a2a/utils/telemetry.py", line 228, in async_wrapper
    result = await func(*args, **kwargs)
  File "/home/wjt/CardDiffBench_official_a2a_main_20260712/.venv/lib/python3.10/site-packages/a2a/server/request_handlers/jsonrpc_handler.py", line 107, in on_message_send
    task_or_message = await self.request_handler.on_message_send(
  File "/home/wjt/CardDiffBench_official_a2a_main_20260712/.venv/lib/python3.10/site-packages/a2a/utils/telemetry.py", line 228, in async_wrapper
    result = await func(*args, **kwargs)
  File "/home/wjt/CardDiffBench_official_a2a_main_20260712/.venv/lib/python3.10/site-packages/a2a/server/request_handlers/default_request_handler.py", line 348, in on_message_send
    await self._cleanup_producer(producer_task, task_id)
  File "/home/wjt/CardDiffBench_official_a2a_main_20260712/.venv/lib/python3.10/site-packages/a2a/utils/telemetry.py", line 228, in async_wrapper
    result = await func(*args, **kwargs)
  File "/home/wjt/CardDiffBench_official_a2a_main_20260712/.venv/lib/python3.10/site-packages/a2a/server/request_handlers/default_request_handler.py", line 445, in _cleanup_producer
    await producer_task
  File "/home/wjt/CardDiffBench_official_a2a_main_20260712/.venv/lib/python3.10/site-packages/a2a/utils/telemetry.py", line 228, in async_wrapper
    result = await func(*args, **kwargs)
  File "/home/wjt/CardDiffBench_official_a2a_main_20260712/.venv/lib/python3.10/site-packages/a2a/server/request_handlers/default_request_handler.py", line 196, in _run_event_stream
    await self.agent_executor.execute(request, queue)
  File "/home/wjt/CardDiffBench_official_a2a_main_20260712/harness/transfer/official_a2a_peer.py", line 77, in execute
    artifact = self.env._response_artifact(body=body, identity=identity, scopes=scopes,
  File "/home/wjt/CardDiffBench_official_a2a_main_20260712/harness/downstream/impact_env.py", line 353, in _response_artifact
    raise RuntimeError(f"protocol adapter {version} could not encode the worker result")
RuntimeError: protocol adapter 1.0-primary could not encode the worker result
Request Error (ID: f366df62-c64a-4472-b6a2-eb40155d8e17): Code=-32603, Message='protocol adapter 1.0-primary could not encode the worker result'
Agent execution failed
Traceback (most recent call last):
  File "/home/wjt/CardDiffBench_official_a2a_main_20260712/sut/transfer/official_a2a_protocol.py", line 27, in run_async
    asyncio.get_running_loop()
RuntimeError: no running event loop

During handling of the above exception, another exception occurred:

Traceback (most recent call last):
  File "/home/wjt/CardDiffBench_official_a2a_main_20260712/.venv/lib/python3.10/site-packages/a2a/server/request_handlers/default_request_handler.py", line 326, in on_message_send
    ) = await result_aggregator.consume_and_break_on_interrupt(
  File "/home/wjt/CardDiffBench_official_a2a_main_20260712/.venv/lib/python3.10/site-packages/a2a/server/tasks/result_aggregator.py", line 135, in consume_and_break_on_interrupt
    async for event in event_stream:
  File "/home/wjt/CardDiffBench_official_a2a_main_20260712/.venv/lib/python3.10/site-packages/a2a/server/events/event_consumer.py", line 87, in consume_all
    raise self._exception
  File "/home/wjt/CardDiffBench_official_a2a_main_20260712/.venv/lib/python3.10/site-packages/a2a/utils/telemetry.py", line 228, in async_wrapper
    result = await func(*args, **kwargs)
  File "/home/wjt/CardDiffBench_official_a2a_main_20260712/.venv/lib/python3.10/site-packages/a2a/server/request_handlers/default_request_handler.py", line 196, in _run_event_stream
    await self.agent_executor.execute(request, queue)
  File "/home/wjt/CardDiffBench_official_a2a_main_20260712/harness/transfer/official_a2a_peer.py", line 77, in execute
    artifact = self.env._response_artifact(body=body, identity=identity, scopes=scopes,
  File "/home/wjt/CardDiffBench_official_a2a_main_20260712/harness/downstream/impact_env.py", line 353, in _response_artifact
    raise RuntimeError(f"protocol adapter {version} could not encode the worker result")
RuntimeError: protocol adapter 1.0-primary could not encode the worker result
Unhandled exception
Traceback (most recent call last):
  File "/home/wjt/CardDiffBench_official_a2a_main_20260712/sut/transfer/official_a2a_protocol.py", line 27, in run_async
    asyncio.get_running_loop()
RuntimeError: no running event loop

During handling of the above exception, another exception occurred:

Traceback (most recent call last):
  File "/home/wjt/CardDiffBench_official_a2a_main_20260712/.venv/lib/python3.10/site-packages/a2a/server/apps/jsonrpc/jsonrpc_app.py", line 384, in _handle_requests
    return await self._process_non_streaming_request(
  File "/home/wjt/CardDiffBench_official_a2a_main_20260712/.venv/lib/python3.10/site-packages/a2a/server/apps/jsonrpc/jsonrpc_app.py", line 464, in _process_non_streaming_request
    handler_result = await self.handler.on_message_send(
  File "/home/wjt/CardDiffBench_official_a2a_main_20260712/.venv/lib/python3.10/site-packages/a2a/utils/telemetry.py", line 228, in async_wrapper
    result = await func(*args, **kwargs)
  File "/home/wjt/CardDiffBench_official_a2a_main_20260712/.venv/lib/python3.10/site-packages/a2a/server/request_handlers/jsonrpc_handler.py", line 107, in on_message_send
    task_or_message = await self.request_handler.on_message_send(
  File "/home/wjt/CardDiffBench_official_a2a_main_20260712/.venv/lib/python3.10/site-packages/a2a/utils/telemetry.py", line 228, in async_wrapper
    result = await func(*args, **kwargs)
  File "/home/wjt/CardDiffBench_official_a2a_main_20260712/.venv/lib/python3.10/site-packages/a2a/server/request_handlers/default_request_handler.py", line 348, in on_message_send
    await self._cleanup_producer(producer_task, task_id)
  File "/home/wjt/CardDiffBench_official_a2a_main_20260712/.venv/lib/python3.10/site-packages/a2a/utils/telemetry.py", line 228, in async_wrapper
    result = await func(*args, **kwargs)
  File "/home/wjt/CardDiffBench_official_a2a_main_20260712/.venv/lib/python3.10/site-packages/a2a/server/request_handlers/default_request_handler.py", line 445, in _cleanup_producer
    await producer_task
  File "/home/wjt/CardDiffBench_official_a2a_main_20260712/.venv/lib/python3.10/site-packages/a2a/utils/telemetry.py", line 228, in async_wrapper
    result = await func(*args, **kwargs)
  File "/home/wjt/CardDiffBench_official_a2a_main_20260712/.venv/lib/python3.10/site-packages/a2a/server/request_handlers/default_request_handler.py", line 196, in _run_event_stream
    await self.agent_executor.execute(request, queue)
  File "/home/wjt/CardDiffBench_official_a2a_main_20260712/harness/transfer/official_a2a_peer.py", line 77, in execute
    artifact = self.env._response_artifact(body=body, identity=identity, scopes=scopes,
  File "/home/wjt/CardDiffBench_official_a2a_main_20260712/harness/downstream/impact_env.py", line 353, in _response_artifact
    raise RuntimeError(f"protocol adapter {version} could not encode the worker result")
RuntimeError: protocol adapter 1.0-primary could not encode the worker result
Request Error (ID: 1610635c-38f9-4ac6-9192-0a994b4edc13): Code=-32603, Message='protocol adapter 1.0-primary could not encode the worker result'
Agent execution failed
Traceback (most recent call last):
  File "/home/wjt/CardDiffBench_official_a2a_main_20260712/sut/transfer/official_a2a_protocol.py", line 27, in run_async
    asyncio.get_running_loop()
RuntimeError: no running event loop

During handling of the above exception, another exception occurred:

Traceback (most recent call last):
  File "/home/wjt/CardDiffBench_official_a2a_main_20260712/.venv/lib/python3.10/site-packages/a2a/server/request_handlers/default_request_handler.py", line 326, in on_message_send
    ) = await result_aggregator.consume_and_break_on_interrupt(
  File "/home/wjt/CardDiffBench_official_a2a_main_20260712/.venv/lib/python3.10/site-packages/a2a/server/tasks/result_aggregator.py", line 135, in consume_and_break_on_interrupt
    async for event in event_stream:
  File "/home/wjt/CardDiffBench_official_a2a_main_20260712/.venv/lib/python3.10/site-packages/a2a/server/events/event_consumer.py", line 87, in consume_all
    raise self._exception
  File "/home/wjt/CardDiffBench_official_a2a_main_20260712/.venv/lib/python3.10/site-packages/a2a/utils/telemetry.py", line 228, in async_wrapper
    result = await func(*args, **kwargs)
  File "/home/wjt/CardDiffBench_official_a2a_main_20260712/.venv/lib/python3.10/site-packages/a2a/server/request_handlers/default_request_handler.py", line 196, in _run_event_stream
    await self.agent_executor.execute(request, queue)
  File "/home/wjt/CardDiffBench_official_a2a_main_20260712/harness/transfer/official_a2a_peer.py", line 77, in execute
    artifact = self.env._response_artifact(body=body, identity=identity, scopes=scopes,
  File "/home/wjt/CardDiffBench_official_a2a_main_20260712/harness/downstream/impact_env.py", line 353, in _response_artifact
    raise RuntimeError(f"protocol adapter {version} could not encode the worker result")
RuntimeError: protocol adapter 1.0-primary could not encode the worker result
Unhandled exception
Traceback (most recent call last):
  File "/home/wjt/CardDiffBench_official_a2a_main_20260712/sut/transfer/official_a2a_protocol.py", line 27, in run_async
    asyncio.get_running_loop()
RuntimeError: no running event loop

During handling of the above exception, another exception occurred:

Traceback (most recent call last):
  File "/home/wjt/CardDiffBench_official_a2a_main_20260712/.venv/lib/python3.10/site-packages/a2a/server/apps/jsonrpc/jsonrpc_app.py", line 384, in _handle_requests
    return await self._process_non_streaming_request(
  File "/home/wjt/CardDiffBench_official_a2a_main_20260712/.venv/lib/python3.10/site-packages/a2a/server/apps/jsonrpc/jsonrpc_app.py", line 464, in _process_non_streaming_request
    handler_result = await self.handler.on_message_send(
  File "/home/wjt/CardDiffBench_official_a2a_main_20260712/.venv/lib/python3.10/site-packages/a2a/utils/telemetry.py", line 228, in async_wrapper
    result = await func(*args, **kwargs)
  File "/home/wjt/CardDiffBench_official_a2a_main_20260712/.venv/lib/python3.10/site-packages/a2a/server/request_handlers/jsonrpc_handler.py", line 107, in on_message_send
    task_or_message = await self.request_handler.on_message_send(
  File "/home/wjt/CardDiffBench_official_a2a_main_20260712/.venv/lib/python3.10/site-packages/a2a/utils/telemetry.py", line 228, in async_wrapper
    result = await func(*args, **kwargs)
  File "/home/wjt/CardDiffBench_official_a2a_main_20260712/.venv/lib/python3.10/site-packages/a2a/server/request_handlers/default_request_handler.py", line 348, in on_message_send
    await self._cleanup_producer(producer_task, task_id)
  File "/home/wjt/CardDiffBench_official_a2a_main_20260712/.venv/lib/python3.10/site-packages/a2a/utils/telemetry.py", line 228, in async_wrapper
    result = await func(*args, **kwargs)
  File "/home/wjt/CardDiffBench_official_a2a_main_20260712/.venv/lib/python3.10/site-packages/a2a/server/request_handlers/default_request_handler.py", line 445, in _cleanup_producer
    await producer_task
  File "/home/wjt/CardDiffBench_official_a2a_main_20260712/.venv/lib/python3.10/site-packages/a2a/utils/telemetry.py", line 228, in async_wrapper
    result = await func(*args, **kwargs)
  File "/home/wjt/CardDiffBench_official_a2a_main_20260712/.venv/lib/python3.10/site-packages/a2a/server/request_handlers/default_request_handler.py", line 196, in _run_event_stream
    await self.agent_executor.execute(request, queue)
  File "/home/wjt/CardDiffBench_official_a2a_main_20260712/harness/transfer/official_a2a_peer.py", line 77, in execute
    artifact = self.env._response_artifact(body=body, identity=identity, scopes=scopes,
  File "/home/wjt/CardDiffBench_official_a2a_main_20260712/harness/downstream/impact_env.py", line 353, in _response_artifact
    raise RuntimeError(f"protocol adapter {version} could not encode the worker result")
RuntimeError: protocol adapter 1.0-primary could not encode the worker result
Request Error (ID: a43e3d20-c35c-4163-87d7-45732ad2fe9e): Code=-32603, Message='protocol adapter 1.0-primary could not encode the worker result'
Agent execution failed
Traceback (most recent call last):
  File "/home/wjt/CardDiffBench_official_a2a_main_20260712/sut/transfer/official_a2a_protocol.py", line 27, in run_async
    asyncio.get_running_loop()
RuntimeError: no running event loop

During handling of the above exception, another exception occurred:

Traceback (most recent call last):
  File "/home/wjt/CardDiffBench_official_a2a_main_20260712/.venv/lib/python3.10/site-packages/a2a/server/request_handlers/default_request_handler.py", line 326, in on_message_send
    ) = await result_aggregator.consume_and_break_on_interrupt(
  File "/home/wjt/CardDiffBench_official_a2a_main_20260712/.venv/lib/python3.10/site-packages/a2a/server/tasks/result_aggregator.py", line 135, in consume_and_break_on_interrupt
    async for event in event_stream:
  File "/home/wjt/CardDiffBench_official_a2a_main_20260712/.venv/lib/python3.10/site-packages/a2a/server/events/event_consumer.py", line 87, in consume_all
    raise self._exception
  File "/home/wjt/CardDiffBench_official_a2a_main_20260712/.venv/lib/python3.10/site-packages/a2a/utils/telemetry.py", line 228, in async_wrapper
    result = await func(*args, **kwargs)
  File "/home/wjt/CardDiffBench_official_a2a_main_20260712/.venv/lib/python3.10/site-packages/a2a/server/request_handlers/default_request_handler.py", line 196, in _run_event_stream
    await self.agent_executor.execute(request, queue)
  File "/home/wjt/CardDiffBench_official_a2a_main_20260712/harness/transfer/official_a2a_peer.py", line 77, in execute
    artifact = self.env._response_artifact(body=body, identity=identity, scopes=scopes,
  File "/home/wjt/CardDiffBench_official_a2a_main_20260712/harness/downstream/impact_env.py", line 353, in _response_artifact
    raise RuntimeError(f"protocol adapter {version} could not encode the worker result")
RuntimeError: protocol adapter 1.0-primary could not encode the worker result
Unhandled exception
Traceback (most recent call last):
  File "/home/wjt/CardDiffBench_official_a2a_main_20260712/sut/transfer/official_a2a_protocol.py", line 27, in run_async
    asyncio.get_running_loop()
RuntimeError: no running event loop

During handling of the above exception, another exception occurred:

Traceback (most recent call last):
  File "/home/wjt/CardDiffBench_official_a2a_main_20260712/.venv/lib/python3.10/site-packages/a2a/server/apps/jsonrpc/jsonrpc_app.py", line 384, in _handle_requests
    return await self._process_non_streaming_request(
  File "/home/wjt/CardDiffBench_official_a2a_main_20260712/.venv/lib/python3.10/site-packages/a2a/server/apps/jsonrpc/jsonrpc_app.py", line 464, in _process_non_streaming_request
    handler_result = await self.handler.on_message_send(
  File "/home/wjt/CardDiffBench_official_a2a_main_20260712/.venv/lib/python3.10/site-packages/a2a/utils/telemetry.py", line 228, in async_wrapper
    result = await func(*args, **kwargs)
  File "/home/wjt/CardDiffBench_official_a2a_main_20260712/.venv/lib/python3.10/site-packages/a2a/server/request_handlers/jsonrpc_handler.py", line 107, in on_message_send
    task_or_message = await self.request_handler.on_message_send(
  File "/home/wjt/CardDiffBench_official_a2a_main_20260712/.venv/lib/python3.10/site-packages/a2a/utils/telemetry.py", line 228, in async_wrapper
    result = await func(*args, **kwargs)
  File "/home/wjt/CardDiffBench_official_a2a_main_20260712/.venv/lib/python3.10/site-packages/a2a/server/request_handlers/default_request_handler.py", line 348, in on_message_send
    await self._cleanup_producer(producer_task, task_id)
  File "/home/wjt/CardDiffBench_official_a2a_main_20260712/.venv/lib/python3.10/site-packages/a2a/utils/telemetry.py", line 228, in async_wrapper
    result = await func(*args, **kwargs)
  File "/home/wjt/CardDiffBench_official_a2a_main_20260712/.venv/lib/python3.10/site-packages/a2a/server/request_handlers/default_request_handler.py", line 445, in _cleanup_producer
    await producer_task
  File "/home/wjt/CardDiffBench_official_a2a_main_20260712/.venv/lib/python3.10/site-packages/a2a/utils/telemetry.py", line 228, in async_wrapper
    result = await func(*args, **kwargs)
  File "/home/wjt/CardDiffBench_official_a2a_main_20260712/.venv/lib/python3.10/site-packages/a2a/server/request_handlers/default_request_handler.py", line 196, in _run_event_stream
    await self.agent_executor.execute(request, queue)
  File "/home/wjt/CardDiffBench_official_a2a_main_20260712/harness/transfer/official_a2a_peer.py", line 77, in execute
    artifact = self.env._response_artifact(body=body, identity=identity, scopes=scopes,
  File "/home/wjt/CardDiffBench_official_a2a_main_20260712/harness/downstream/impact_env.py", line 353, in _response_artifact
    raise RuntimeError(f"protocol adapter {version} could not encode the worker result")
RuntimeError: protocol adapter 1.0-primary could not encode the worker result
Request Error (ID: 5d69f0ca-7fd2-4884-b90a-1ee0aa382052): Code=-32603, Message='protocol adapter 1.0-primary could not encode the worker result'
Agent execution failed
Traceback (most recent call last):
  File "/home/wjt/CardDiffBench_official_a2a_main_20260712/sut/transfer/official_a2a_protocol.py", line 27, in run_async
    asyncio.get_running_loop()
RuntimeError: no running event loop

During handling of the above exception, another exception occurred:

Traceback (most recent call last):
  File "/home/wjt/CardDiffBench_official_a2a_main_20260712/.venv/lib/python3.10/site-packages/a2a/server/request_handlers/default_request_handler.py", line 326, in on_message_send
    ) = await result_aggregator.consume_and_break_on_interrupt(
  File "/home/wjt/CardDiffBench_official_a2a_main_20260712/.venv/lib/python3.10/site-packages/a2a/server/tasks/result_aggregator.py", line 135, in consume_and_break_on_interrupt
    async for event in event_stream:
  File "/home/wjt/CardDiffBench_official_a2a_main_20260712/.venv/lib/python3.10/site-packages/a2a/server/events/event_consumer.py", line 87, in consume_all
    raise self._exception
  File "/home/wjt/CardDiffBench_official_a2a_main_20260712/.venv/lib/python3.10/site-packages/a2a/utils/telemetry.py", line 228, in async_wrapper
    result = await func(*args, **kwargs)
  File "/home/wjt/CardDiffBench_official_a2a_main_20260712/.venv/lib/python3.10/site-packages/a2a/server/request_handlers/default_request_handler.py", line 196, in _run_event_stream
    await self.agent_executor.execute(request, queue)
  File "/home/wjt/CardDiffBench_official_a2a_main_20260712/harness/transfer/official_a2a_peer.py", line 77, in execute
    artifact = self.env._response_artifact(body=body, identity=identity, scopes=scopes,
  File "/home/wjt/CardDiffBench_official_a2a_main_20260712/harness/downstream/impact_env.py", line 353, in _response_artifact
    raise RuntimeError(f"protocol adapter {version} could not encode the worker result")
RuntimeError: protocol adapter 1.0-primary could not encode the worker result
Unhandled exception
Traceback (most recent call last):
  File "/home/wjt/CardDiffBench_official_a2a_main_20260712/sut/transfer/official_a2a_protocol.py", line 27, in run_async
    asyncio.get_running_loop()
RuntimeError: no running event loop

During handling of the above exception, another exception occurred:

Traceback (most recent call last):
  File "/home/wjt/CardDiffBench_official_a2a_main_20260712/.venv/lib/python3.10/site-packages/a2a/server/apps/jsonrpc/jsonrpc_app.py", line 384, in _handle_requests
    return await self._process_non_streaming_request(
  File "/home/wjt/CardDiffBench_official_a2a_main_20260712/.venv/lib/python3.10/site-packages/a2a/server/apps/jsonrpc/jsonrpc_app.py", line 464, in _process_non_streaming_request
    handler_result = await self.handler.on_message_send(
  File "/home/wjt/CardDiffBench_official_a2a_main_20260712/.venv/lib/python3.10/site-packages/a2a/utils/telemetry.py", line 228, in async_wrapper
    result = await func(*args, **kwargs)
  File "/home/wjt/CardDiffBench_official_a2a_main_20260712/.venv/lib/python3.10/site-packages/a2a/server/request_handlers/jsonrpc_handler.py", line 107, in on_message_send
    task_or_message = await self.request_handler.on_message_send(
  File "/home/wjt/CardDiffBench_official_a2a_main_20260712/.venv/lib/python3.10/site-packages/a2a/utils/telemetry.py", line 228, in async_wrapper
    result = await func(*args, **kwargs)
  File "/home/wjt/CardDiffBench_official_a2a_main_20260712/.venv/lib/python3.10/site-packages/a2a/server/request_handlers/default_request_handler.py", line 348, in on_message_send
    await self._cleanup_producer(producer_task, task_id)
  File "/home/wjt/CardDiffBench_official_a2a_main_20260712/.venv/lib/python3.10/site-packages/a2a/utils/telemetry.py", line 228, in async_wrapper
    result = await func(*args, **kwargs)
  File "/home/wjt/CardDiffBench_official_a2a_main_20260712/.venv/lib/python3.10/site-packages/a2a/server/request_handlers/default_request_handler.py", line 445, in _cleanup_producer
    await producer_task
  File "/home/wjt/CardDiffBench_official_a2a_main_20260712/.venv/lib/python3.10/site-packages/a2a/utils/telemetry.py", line 228, in async_wrapper
    result = await func(*args, **kwargs)
  File "/home/wjt/CardDiffBench_official_a2a_main_20260712/.venv/lib/python3.10/site-packages/a2a/server/request_handlers/default_request_handler.py", line 196, in _run_event_stream
    await self.agent_executor.execute(request, queue)
  File "/home/wjt/CardDiffBench_official_a2a_main_20260712/harness/transfer/official_a2a_peer.py", line 77, in execute
    artifact = self.env._response_artifact(body=body, identity=identity, scopes=scopes,
  File "/home/wjt/CardDiffBench_official_a2a_main_20260712/harness/downstream/impact_env.py", line 353, in _response_artifact
    raise RuntimeError(f"protocol adapter {version} could not encode the worker result")
RuntimeError: protocol adapter 1.0-primary could not encode the worker result
Request Error (ID: a40623a8-fd69-4070-9d92-f04a1f6c8df1): Code=-32603, Message='protocol adapter 1.0-primary could not encode the worker result'
Agent execution failed
Traceback (most recent call last):
  File "/home/wjt/CardDiffBench_official_a2a_main_20260712/sut/transfer/official_a2a_protocol.py", line 27, in run_async
    asyncio.get_running_loop()
RuntimeError: no running event loop

During handling of the above exception, another exception occurred:

Traceback (most recent call last):
  File "/home/wjt/CardDiffBench_official_a2a_main_20260712/.venv/lib/python3.10/site-packages/a2a/server/request_handlers/default_request_handler.py", line 326, in on_message_send
    ) = await result_aggregator.consume_and_break_on_interrupt(
  File "/home/wjt/CardDiffBench_official_a2a_main_20260712/.venv/lib/python3.10/site-packages/a2a/server/tasks/result_aggregator.py", line 135, in consume_and_break_on_interrupt
    async for event in event_stream:
  File "/home/wjt/CardDiffBench_official_a2a_main_20260712/.venv/lib/python3.10/site-packages/a2a/server/events/event_consumer.py", line 87, in consume_all
    raise self._exception
  File "/home/wjt/CardDiffBench_official_a2a_main_20260712/.venv/lib/python3.10/site-packages/a2a/utils/telemetry.py", line 228, in async_wrapper
    result = await func(*args, **kwargs)
  File "/home/wjt/CardDiffBench_official_a2a_main_20260712/.venv/lib/python3.10/site-packages/a2a/server/request_handlers/default_request_handler.py", line 196, in _run_event_stream
    await self.agent_executor.execute(request, queue)
  File "/home/wjt/CardDiffBench_official_a2a_main_20260712/harness/transfer/official_a2a_peer.py", line 77, in execute
    artifact = self.env._response_artifact(body=body, identity=identity, scopes=scopes,
  File "/home/wjt/CardDiffBench_official_a2a_main_20260712/harness/downstream/impact_env.py", line 353, in _response_artifact
    raise RuntimeError(f"protocol adapter {version} could not encode the worker result")
RuntimeError: protocol adapter 1.0-primary could not encode the worker result
Unhandled exception
Traceback (most recent call last):
  File "/home/wjt/CardDiffBench_official_a2a_main_20260712/sut/transfer/official_a2a_protocol.py", line 27, in run_async
    asyncio.get_running_loop()
RuntimeError: no running event loop

During handling of the above exception, another exception occurred:

Traceback (most recent call last):
  File "/home/wjt/CardDiffBench_official_a2a_main_20260712/.venv/lib/python3.10/site-packages/a2a/server/apps/jsonrpc/jsonrpc_app.py", line 384, in _handle_requests
    return await self._process_non_streaming_request(
  File "/home/wjt/CardDiffBench_official_a2a_main_20260712/.venv/lib/python3.10/site-packages/a2a/server/apps/jsonrpc/jsonrpc_app.py", line 464, in _process_non_streaming_request
    handler_result = await self.handler.on_message_send(
  File "/home/wjt/CardDiffBench_official_a2a_main_20260712/.venv/lib/python3.10/site-packages/a2a/utils/telemetry.py", line 228, in async_wrapper
    result = await func(*args, **kwargs)
  File "/home/wjt/CardDiffBench_official_a2a_main_20260712/.venv/lib/python3.10/site-packages/a2a/server/request_handlers/jsonrpc_handler.py", line 107, in on_message_send
    task_or_message = await self.request_handler.on_message_send(
  File "/home/wjt/CardDiffBench_official_a2a_main_20260712/.venv/lib/python3.10/site-packages/a2a/utils/telemetry.py", line 228, in async_wrapper
    result = await func(*args, **kwargs)
  File "/home/wjt/CardDiffBench_official_a2a_main_20260712/.venv/lib/python3.10/site-packages/a2a/server/request_handlers/default_request_handler.py", line 348, in on_message_send
    await self._cleanup_producer(producer_task, task_id)
  File "/home/wjt/CardDiffBench_official_a2a_main_20260712/.venv/lib/python3.10/site-packages/a2a/utils/telemetry.py", line 228, in async_wrapper
    result = await func(*args, **kwargs)
  File "/home/wjt/CardDiffBench_official_a2a_main_20260712/.venv/lib/python3.10/site-packages/a2a/server/request_handlers/default_request_handler.py", line 445, in _cleanup_producer
    await producer_task
  File "/home/wjt/CardDiffBench_official_a2a_main_20260712/.venv/lib/python3.10/site-packages/a2a/utils/telemetry.py", line 228, in async_wrapper
    result = await func(*args, **kwargs)
  File "/home/wjt/CardDiffBench_official_a2a_main_20260712/.venv/lib/python3.10/site-packages/a2a/server/request_handlers/default_request_handler.py", line 196, in _run_event_stream
    await self.agent_executor.execute(request, queue)
  File "/home/wjt/CardDiffBench_official_a2a_main_20260712/harness/transfer/official_a2a_peer.py", line 77, in execute
    artifact = self.env._response_artifact(body=body, identity=identity, scopes=scopes,
  File "/home/wjt/CardDiffBench_official_a2a_main_20260712/harness/downstream/impact_env.py", line 353, in _response_artifact
    raise RuntimeError(f"protocol adapter {version} could not encode the worker result")
RuntimeError: protocol adapter 1.0-primary could not encode the worker result
Request Error (ID: b1a6755a-b548-4b82-b856-bb86bdf57028): Code=-32603, Message='protocol adapter 1.0-primary could not encode the worker result'
Agent execution failed
Traceback (most recent call last):
  File "/home/wjt/CardDiffBench_official_a2a_main_20260712/sut/transfer/official_a2a_protocol.py", line 27, in run_async
    asyncio.get_running_loop()
RuntimeError: no running event loop

During handling of the above exception, another exception occurred:

Traceback (most recent call last):
  File "/home/wjt/CardDiffBench_official_a2a_main_20260712/.venv/lib/python3.10/site-packages/a2a/server/request_handlers/default_request_handler.py", line 326, in on_message_send
    ) = await result_aggregator.consume_and_break_on_interrupt(
  File "/home/wjt/CardDiffBench_official_a2a_main_20260712/.venv/lib/python3.10/site-packages/a2a/server/tasks/result_aggregator.py", line 135, in consume_and_break_on_interrupt
    async for event in event_stream:
  File "/home/wjt/CardDiffBench_official_a2a_main_20260712/.venv/lib/python3.10/site-packages/a2a/server/events/event_consumer.py", line 87, in consume_all
    raise self._exception
  File "/home/wjt/CardDiffBench_official_a2a_main_20260712/.venv/lib/python3.10/site-packages/a2a/utils/telemetry.py", line 228, in async_wrapper
    result = await func(*args, **kwargs)
  File "/home/wjt/CardDiffBench_official_a2a_main_20260712/.venv/lib/python3.10/site-packages/a2a/server/request_handlers/default_request_handler.py", line 196, in _run_event_stream
    await self.agent_executor.execute(request, queue)
  File "/home/wjt/CardDiffBench_official_a2a_main_20260712/harness/transfer/official_a2a_peer.py", line 77, in execute
    artifact = self.env._response_artifact(body=body, identity=identity, scopes=scopes,
  File "/home/wjt/CardDiffBench_official_a2a_main_20260712/harness/downstream/impact_env.py", line 353, in _response_artifact
    raise RuntimeError(f"protocol adapter {version} could not encode the worker result")
RuntimeError: protocol adapter 1.0-primary could not encode the worker result
Unhandled exception
Traceback (most recent call last):
  File "/home/wjt/CardDiffBench_official_a2a_main_20260712/sut/transfer/official_a2a_protocol.py", line 27, in run_async
    asyncio.get_running_loop()
RuntimeError: no running event loop

During handling of the above exception, another exception occurred:

Traceback (most recent call last):
  File "/home/wjt/CardDiffBench_official_a2a_main_20260712/.venv/lib/python3.10/site-packages/a2a/server/apps/jsonrpc/jsonrpc_app.py", line 384, in _handle_requests
    return await self._process_non_streaming_request(
  File "/home/wjt/CardDiffBench_official_a2a_main_20260712/.venv/lib/python3.10/site-packages/a2a/server/apps/jsonrpc/jsonrpc_app.py", line 464, in _process_non_streaming_request
    handler_result = await self.handler.on_message_send(
  File "/home/wjt/CardDiffBench_official_a2a_main_20260712/.venv/lib/python3.10/site-packages/a2a/utils/telemetry.py", line 228, in async_wrapper
    result = await func(*args, **kwargs)
  File "/home/wjt/CardDiffBench_official_a2a_main_20260712/.venv/lib/python3.10/site-packages/a2a/server/request_handlers/jsonrpc_handler.py", line 107, in on_message_send
    task_or_message = await self.request_handler.on_message_send(
  File "/home/wjt/CardDiffBench_official_a2a_main_20260712/.venv/lib/python3.10/site-packages/a2a/utils/telemetry.py", line 228, in async_wrapper
    result = await func(*args, **kwargs)
  File "/home/wjt/CardDiffBench_official_a2a_main_20260712/.venv/lib/python3.10/site-packages/a2a/server/request_handlers/default_request_handler.py", line 348, in on_message_send
    await self._cleanup_producer(producer_task, task_id)
  File "/home/wjt/CardDiffBench_official_a2a_main_20260712/.venv/lib/python3.10/site-packages/a2a/utils/telemetry.py", line 228, in async_wrapper
    result = await func(*args, **kwargs)
  File "/home/wjt/CardDiffBench_official_a2a_main_20260712/.venv/lib/python3.10/site-packages/a2a/server/request_handlers/default_request_handler.py", line 445, in _cleanup_producer
    await producer_task
  File "/home/wjt/CardDiffBench_official_a2a_main_20260712/.venv/lib/python3.10/site-packages/a2a/utils/telemetry.py", line 228, in async_wrapper
    result = await func(*args, **kwargs)
  File "/home/wjt/CardDiffBench_official_a2a_main_20260712/.venv/lib/python3.10/site-packages/a2a/server/request_handlers/default_request_handler.py", line 196, in _run_event_stream
    await self.agent_executor.execute(request, queue)
  File "/home/wjt/CardDiffBench_official_a2a_main_20260712/harness/transfer/official_a2a_peer.py", line 77, in execute
    artifact = self.env._response_artifact(body=body, identity=identity, scopes=scopes,
  File "/home/wjt/CardDiffBench_official_a2a_main_20260712/harness/downstream/impact_env.py", line 353, in _response_artifact
    raise RuntimeError(f"protocol adapter {version} could not encode the worker result")
RuntimeError: protocol adapter 1.0-primary could not encode the worker result
Request Error (ID: 1642c07b-4f71-4045-9713-958697e2fe14): Code=-32603, Message='protocol adapter 1.0-primary could not encode the worker result'
Agent execution failed
Traceback (most recent call last):
  File "/home/wjt/CardDiffBench_official_a2a_main_20260712/sut/transfer/official_a2a_protocol.py", line 27, in run_async
    asyncio.get_running_loop()
RuntimeError: no running event loop

During handling of the above exception, another exception occurred:

Traceback (most recent call last):
  File "/home/wjt/CardDiffBench_official_a2a_main_20260712/.venv/lib/python3.10/site-packages/a2a/server/request_handlers/default_request_handler.py", line 326, in on_message_send
    ) = await result_aggregator.consume_and_break_on_interrupt(
  File "/home/wjt/CardDiffBench_official_a2a_main_20260712/.venv/lib/python3.10/site-packages/a2a/server/tasks/result_aggregator.py", line 135, in consume_and_break_on_interrupt
    async for event in event_stream:
  File "/home/wjt/CardDiffBench_official_a2a_main_20260712/.venv/lib/python3.10/site-packages/a2a/server/events/event_consumer.py", line 87, in consume_all
    raise self._exception
  File "/home/wjt/CardDiffBench_official_a2a_main_20260712/.venv/lib/python3.10/site-packages/a2a/utils/telemetry.py", line 228, in async_wrapper
    result = await func(*args, **kwargs)
  File "/home/wjt/CardDiffBench_official_a2a_main_20260712/.venv/lib/python3.10/site-packages/a2a/server/request_handlers/default_request_handler.py", line 196, in _run_event_stream
    await self.agent_executor.execute(request, queue)
  File "/home/wjt/CardDiffBench_official_a2a_main_20260712/harness/transfer/official_a2a_peer.py", line 77, in execute
    artifact = self.env._response_artifact(body=body, identity=identity, scopes=scopes,
  File "/home/wjt/CardDiffBench_official_a2a_main_20260712/harness/downstream/impact_env.py", line 353, in _response_artifact
    raise RuntimeError(f"protocol adapter {version} could not encode the worker result")
RuntimeError: protocol adapter 1.0-primary could not encode the worker result
Unhandled exception
Traceback (most recent call last):
  File "/home/wjt/CardDiffBench_official_a2a_main_20260712/sut/transfer/official_a2a_protocol.py", line 27, in run_async
    asyncio.get_running_loop()
RuntimeError: no running event loop

During handling of the above exception, another exception occurred:

Traceback (most recent call last):
  File "/home/wjt/CardDiffBench_official_a2a_main_20260712/.venv/lib/python3.10/site-packages/a2a/server/apps/jsonrpc/jsonrpc_app.py", line 384, in _handle_requests
    return await self._process_non_streaming_request(
  File "/home/wjt/CardDiffBench_official_a2a_main_20260712/.venv/lib/python3.10/site-packages/a2a/server/apps/jsonrpc/jsonrpc_app.py", line 464, in _process_non_streaming_request
    handler_result = await self.handler.on_message_send(
  File "/home/wjt/CardDiffBench_official_a2a_main_20260712/.venv/lib/python3.10/site-packages/a2a/utils/telemetry.py", line 228, in async_wrapper
    result = await func(*args, **kwargs)
  File "/home/wjt/CardDiffBench_official_a2a_main_20260712/.venv/lib/python3.10/site-packages/a2a/server/request_handlers/jsonrpc_handler.py", line 107, in on_message_send
    task_or_message = await self.request_handler.on_message_send(
  File "/home/wjt/CardDiffBench_official_a2a_main_20260712/.venv/lib/python3.10/site-packages/a2a/utils/telemetry.py", line 228, in async_wrapper
    result = await func(*args, **kwargs)
  File "/home/wjt/CardDiffBench_official_a2a_main_20260712/.venv/lib/python3.10/site-packages/a2a/server/request_handlers/default_request_handler.py", line 348, in on_message_send
    await self._cleanup_producer(producer_task, task_id)
  File "/home/wjt/CardDiffBench_official_a2a_main_20260712/.venv/lib/python3.10/site-packages/a2a/utils/telemetry.py", line 228, in async_wrapper
    result = await func(*args, **kwargs)
  File "/home/wjt/CardDiffBench_official_a2a_main_20260712/.venv/lib/python3.10/site-packages/a2a/server/request_handlers/default_request_handler.py", line 445, in _cleanup_producer
    await producer_task
  File "/home/wjt/CardDiffBench_official_a2a_main_20260712/.venv/lib/python3.10/site-packages/a2a/utils/telemetry.py", line 228, in async_wrapper
    result = await func(*args, **kwargs)
  File "/home/wjt/CardDiffBench_official_a2a_main_20260712/.venv/lib/python3.10/site-packages/a2a/server/request_handlers/default_request_handler.py", line 196, in _run_event_stream
    await self.agent_executor.execute(request, queue)
  File "/home/wjt/CardDiffBench_official_a2a_main_20260712/harness/transfer/official_a2a_peer.py", line 77, in execute
    artifact = self.env._response_artifact(body=body, identity=identity, scopes=scopes,
  File "/home/wjt/CardDiffBench_official_a2a_main_20260712/harness/downstream/impact_env.py", line 353, in _response_artifact
    raise RuntimeError(f"protocol adapter {version} could not encode the worker result")
RuntimeError: protocol adapter 1.0-primary could not encode the worker result
Request Error (ID: ecf00df1-82b4-42f2-982a-7e305fb7abd5): Code=-32603, Message='protocol adapter 1.0-primary could not encode the worker result'
Agent execution failed
Traceback (most recent call last):
  File "/home/wjt/CardDiffBench_official_a2a_main_20260712/sut/transfer/official_a2a_protocol.py", line 27, in run_async
    asyncio.get_running_loop()
RuntimeError: no running event loop

During handling of the above exception, another exception occurred:

Traceback (most recent call last):
  File "/home/wjt/CardDiffBench_official_a2a_main_20260712/.venv/lib/python3.10/site-packages/a2a/server/request_handlers/default_request_handler.py", line 326, in on_message_send
    ) = await result_aggregator.consume_and_break_on_interrupt(
  File "/home/wjt/CardDiffBench_official_a2a_main_20260712/.venv/lib/python3.10/site-packages/a2a/server/tasks/result_aggregator.py", line 135, in consume_and_break_on_interrupt
    async for event in event_stream:
  File "/home/wjt/CardDiffBench_official_a2a_main_20260712/.venv/lib/python3.10/site-packages/a2a/server/events/event_consumer.py", line 87, in consume_all
    raise self._exception
  File "/home/wjt/CardDiffBench_official_a2a_main_20260712/.venv/lib/python3.10/site-packages/a2a/utils/telemetry.py", line 228, in async_wrapper
    result = await func(*args, **kwargs)
  File "/home/wjt/CardDiffBench_official_a2a_main_20260712/.venv/lib/python3.10/site-packages/a2a/server/request_handlers/default_request_handler.py", line 196, in _run_event_stream
    await self.agent_executor.execute(request, queue)
  File "/home/wjt/CardDiffBench_official_a2a_main_20260712/harness/transfer/official_a2a_peer.py", line 77, in execute
    artifact = self.env._response_artifact(body=body, identity=identity, scopes=scopes,
  File "/home/wjt/CardDiffBench_official_a2a_main_20260712/harness/downstream/impact_env.py", line 353, in _response_artifact
    raise RuntimeError(f"protocol adapter {version} could not encode the worker result")
RuntimeError: protocol adapter 1.0-primary could not encode the worker result
Unhandled exception
Traceback (most recent call last):
  File "/home/wjt/CardDiffBench_official_a2a_main_20260712/sut/transfer/official_a2a_protocol.py", line 27, in run_async
    asyncio.get_running_loop()
RuntimeError: no running event loop

During handling of the above exception, another exception occurred:

Traceback (most recent call last):
  File "/home/wjt/CardDiffBench_official_a2a_main_20260712/.venv/lib/python3.10/site-packages/a2a/server/apps/jsonrpc/jsonrpc_app.py", line 384, in _handle_requests
    return await self._process_non_streaming_request(
  File "/home/wjt/CardDiffBench_official_a2a_main_20260712/.venv/lib/python3.10/site-packages/a2a/server/apps/jsonrpc/jsonrpc_app.py", line 464, in _process_non_streaming_request
    handler_result = await self.handler.on_message_send(
  File "/home/wjt/CardDiffBench_official_a2a_main_20260712/.venv/lib/python3.10/site-packages/a2a/utils/telemetry.py", line 228, in async_wrapper
    result = await func(*args, **kwargs)
  File "/home/wjt/CardDiffBench_official_a2a_main_20260712/.venv/lib/python3.10/site-packages/a2a/server/request_handlers/jsonrpc_handler.py", line 107, in on_message_send
    task_or_message = await self.request_handler.on_message_send(
  File "/home/wjt/CardDiffBench_official_a2a_main_20260712/.venv/lib/python3.10/site-packages/a2a/utils/telemetry.py", line 228, in async_wrapper
    result = await func(*args, **kwargs)
  File "/home/wjt/CardDiffBench_official_a2a_main_20260712/.venv/lib/python3.10/site-packages/a2a/server/request_handlers/default_request_handler.py", line 348, in on_message_send
    await self._cleanup_producer(producer_task, task_id)
  File "/home/wjt/CardDiffBench_official_a2a_main_20260712/.venv/lib/python3.10/site-packages/a2a/utils/telemetry.py", line 228, in async_wrapper
    result = await func(*args, **kwargs)
  File "/home/wjt/CardDiffBench_official_a2a_main_20260712/.venv/lib/python3.10/site-packages/a2a/server/request_handlers/default_request_handler.py", line 445, in _cleanup_producer
    await producer_task
  File "/home/wjt/CardDiffBench_official_a2a_main_20260712/.venv/lib/python3.10/site-packages/a2a/utils/telemetry.py", line 228, in async_wrapper
    result = await func(*args, **kwargs)
  File "/home/wjt/CardDiffBench_official_a2a_main_20260712/.venv/lib/python3.10/site-packages/a2a/server/request_handlers/default_request_handler.py", line 196, in _run_event_stream
    await self.agent_executor.execute(request, queue)
  File "/home/wjt/CardDiffBench_official_a2a_main_20260712/harness/transfer/official_a2a_peer.py", line 77, in execute
    artifact = self.env._response_artifact(body=body, identity=identity, scopes=scopes,
  File "/home/wjt/CardDiffBench_official_a2a_main_20260712/harness/downstream/impact_env.py", line 353, in _response_artifact
    raise RuntimeError(f"protocol adapter {version} could not encode the worker result")
RuntimeError: protocol adapter 1.0-primary could not encode the worker result
Request Error (ID: 49d39d5e-21af-45a1-bcb4-6179f8d3d4e8): Code=-32603, Message='protocol adapter 1.0-primary could not encode the worker result'
Agent execution failed
Traceback (most recent call last):
  File "/home/wjt/CardDiffBench_official_a2a_main_20260712/sut/transfer/official_a2a_protocol.py", line 27, in run_async
    asyncio.get_running_loop()
RuntimeError: no running event loop

During handling of the above exception, another exception occurred:

Traceback (most recent call last):
  File "/home/wjt/CardDiffBench_official_a2a_main_20260712/.venv/lib/python3.10/site-packages/a2a/server/request_handlers/default_request_handler.py", line 326, in on_message_send
    ) = await result_aggregator.consume_and_break_on_interrupt(
  File "/home/wjt/CardDiffBench_official_a2a_main_20260712/.venv/lib/python3.10/site-packages/a2a/server/tasks/result_aggregator.py", line 135, in consume_and_break_on_interrupt
    async for event in event_stream:
  File "/home/wjt/CardDiffBench_official_a2a_main_20260712/.venv/lib/python3.10/site-packages/a2a/server/events/event_consumer.py", line 87, in consume_all
    raise self._exception
  File "/home/wjt/CardDiffBench_official_a2a_main_20260712/.venv/lib/python3.10/site-packages/a2a/utils/telemetry.py", line 228, in async_wrapper
    result = await func(*args, **kwargs)
  File "/home/wjt/CardDiffBench_official_a2a_main_20260712/.venv/lib/python3.10/site-packages/a2a/server/request_handlers/default_request_handler.py", line 196, in _run_event_stream
    await self.agent_executor.execute(request, queue)
  File "/home/wjt/CardDiffBench_official_a2a_main_20260712/harness/transfer/official_a2a_peer.py", line 77, in execute
    artifact = self.env._response_artifact(body=body, identity=identity, scopes=scopes,
  File "/home/wjt/CardDiffBench_official_a2a_main_20260712/harness/downstream/impact_env.py", line 353, in _response_artifact
    raise RuntimeError(f"protocol adapter {version} could not encode the worker result")
RuntimeError: protocol adapter 1.0-primary could not encode the worker result
Unhandled exception
Traceback (most recent call last):
  File "/home/wjt/CardDiffBench_official_a2a_main_20260712/sut/transfer/official_a2a_protocol.py", line 27, in run_async
    asyncio.get_running_loop()
RuntimeError: no running event loop

During handling of the above exception, another exception occurred:

Traceback (most recent call last):
  File "/home/wjt/CardDiffBench_official_a2a_main_20260712/.venv/lib/python3.10/site-packages/a2a/server/apps/jsonrpc/jsonrpc_app.py", line 384, in _handle_requests
    return await self._process_non_streaming_request(
  File "/home/wjt/CardDiffBench_official_a2a_main_20260712/.venv/lib/python3.10/site-packages/a2a/server/apps/jsonrpc/jsonrpc_app.py", line 464, in _process_non_streaming_request
    handler_result = await self.handler.on_message_send(
  File "/home/wjt/CardDiffBench_official_a2a_main_20260712/.venv/lib/python3.10/site-packages/a2a/utils/telemetry.py", line 228, in async_wrapper
    result = await func(*args, **kwargs)
  File "/home/wjt/CardDiffBench_official_a2a_main_20260712/.venv/lib/python3.10/site-packages/a2a/server/request_handlers/jsonrpc_handler.py", line 107, in on_message_send
    task_or_message = await self.request_handler.on_message_send(
  File "/home/wjt/CardDiffBench_official_a2a_main_20260712/.venv/lib/python3.10/site-packages/a2a/utils/telemetry.py", line 228, in async_wrapper
    result = await func(*args, **kwargs)
  File "/home/wjt/CardDiffBench_official_a2a_main_20260712/.venv/lib/python3.10/site-packages/a2a/server/request_handlers/default_request_handler.py", line 348, in on_message_send
    await self._cleanup_producer(producer_task, task_id)
  File "/home/wjt/CardDiffBench_official_a2a_main_20260712/.venv/lib/python3.10/site-packages/a2a/utils/telemetry.py", line 228, in async_wrapper
    result = await func(*args, **kwargs)
  File "/home/wjt/CardDiffBench_official_a2a_main_20260712/.venv/lib/python3.10/site-packages/a2a/server/request_handlers/default_request_handler.py", line 445, in _cleanup_producer
    await producer_task
  File "/home/wjt/CardDiffBench_official_a2a_main_20260712/.venv/lib/python3.10/site-packages/a2a/utils/telemetry.py", line 228, in async_wrapper
    result = await func(*args, **kwargs)
  File "/home/wjt/CardDiffBench_official_a2a_main_20260712/.venv/lib/python3.10/site-packages/a2a/server/request_handlers/default_request_handler.py", line 196, in _run_event_stream
    await self.agent_executor.execute(request, queue)
  File "/home/wjt/CardDiffBench_official_a2a_main_20260712/harness/transfer/official_a2a_peer.py", line 77, in execute
    artifact = self.env._response_artifact(body=body, identity=identity, scopes=scopes,
  File "/home/wjt/CardDiffBench_official_a2a_main_20260712/harness/downstream/impact_env.py", line 353, in _response_artifact
    raise RuntimeError(f"protocol adapter {version} could not encode the worker result")
RuntimeError: protocol adapter 1.0-primary could not encode the worker result
Request Error (ID: ebf7a531-d177-4864-84fb-91f1521c541b): Code=-32603, Message='protocol adapter 1.0-primary could not encode the worker result'
Agent execution failed
Traceback (most recent call last):
  File "/home/wjt/CardDiffBench_official_a2a_main_20260712/sut/transfer/official_a2a_protocol.py", line 27, in run_async
    asyncio.get_running_loop()
RuntimeError: no running event loop

During handling of the above exception, another exception occurred:

Traceback (most recent call last):
  File "/home/wjt/CardDiffBench_official_a2a_main_20260712/.venv/lib/python3.10/site-packages/a2a/server/request_handlers/default_request_handler.py", line 326, in on_message_send
    ) = await result_aggregator.consume_and_break_on_interrupt(
  File "/home/wjt/CardDiffBench_official_a2a_main_20260712/.venv/lib/python3.10/site-packages/a2a/server/tasks/result_aggregator.py", line 135, in consume_and_break_on_interrupt
    async for event in event_stream:
  File "/home/wjt/CardDiffBench_official_a2a_main_20260712/.venv/lib/python3.10/site-packages/a2a/server/events/event_consumer.py", line 87, in consume_all
    raise self._exception
  File "/home/wjt/CardDiffBench_official_a2a_main_20260712/.venv/lib/python3.10/site-packages/a2a/utils/telemetry.py", line 228, in async_wrapper
    result = await func(*args, **kwargs)
  File "/home/wjt/CardDiffBench_official_a2a_main_20260712/.venv/lib/python3.10/site-packages/a2a/server/request_handlers/default_request_handler.py", line 196, in _run_event_stream
    await self.agent_executor.execute(request, queue)
  File "/home/wjt/CardDiffBench_official_a2a_main_20260712/harness/transfer/official_a2a_peer.py", line 77, in execute
    artifact = self.env._response_artifact(body=body, identity=identity, scopes=scopes,
  File "/home/wjt/CardDiffBench_official_a2a_main_20260712/harness/downstream/impact_env.py", line 353, in _response_artifact
    raise RuntimeError(f"protocol adapter {version} could not encode the worker result")
RuntimeError: protocol adapter 1.0-primary could not encode the worker result
Unhandled exception
Traceback (most recent call last):
  File "/home/wjt/CardDiffBench_official_a2a_main_20260712/sut/transfer/official_a2a_protocol.py", line 27, in run_async
    asyncio.get_running_loop()
RuntimeError: no running event loop

During handling of the above exception, another exception occurred:

Traceback (most recent call last):
  File "/home/wjt/CardDiffBench_official_a2a_main_20260712/.venv/lib/python3.10/site-packages/a2a/server/apps/jsonrpc/jsonrpc_app.py", line 384, in _handle_requests
    return await self._process_non_streaming_request(
  File "/home/wjt/CardDiffBench_official_a2a_main_20260712/.venv/lib/python3.10/site-packages/a2a/server/apps/jsonrpc/jsonrpc_app.py", line 464, in _process_non_streaming_request
    handler_result = await self.handler.on_message_send(
  File "/home/wjt/CardDiffBench_official_a2a_main_20260712/.venv/lib/python3.10/site-packages/a2a/utils/telemetry.py", line 228, in async_wrapper
    result = await func(*args, **kwargs)
  File "/home/wjt/CardDiffBench_official_a2a_main_20260712/.venv/lib/python3.10/site-packages/a2a/server/request_handlers/jsonrpc_handler.py", line 107, in on_message_send
    task_or_message = await self.request_handler.on_message_send(
  File "/home/wjt/CardDiffBench_official_a2a_main_20260712/.venv/lib/python3.10/site-packages/a2a/utils/telemetry.py", line 228, in async_wrapper
    result = await func(*args, **kwargs)
  File "/home/wjt/CardDiffBench_official_a2a_main_20260712/.venv/lib/python3.10/site-packages/a2a/server/request_handlers/default_request_handler.py", line 348, in on_message_send
    await self._cleanup_producer(producer_task, task_id)
  File "/home/wjt/CardDiffBench_official_a2a_main_20260712/.venv/lib/python3.10/site-packages/a2a/utils/telemetry.py", line 228, in async_wrapper
    result = await func(*args, **kwargs)
  File "/home/wjt/CardDiffBench_official_a2a_main_20260712/.venv/lib/python3.10/site-packages/a2a/server/request_handlers/default_request_handler.py", line 445, in _cleanup_producer
    await producer_task
  File "/home/wjt/CardDiffBench_official_a2a_main_20260712/.venv/lib/python3.10/site-packages/a2a/utils/telemetry.py", line 228, in async_wrapper
    result = await func(*args, **kwargs)
  File "/home/wjt/CardDiffBench_official_a2a_main_20260712/.venv/lib/python3.10/site-packages/a2a/server/request_handlers/default_request_handler.py", line 196, in _run_event_stream
    await self.agent_executor.execute(request, queue)
  File "/home/wjt/CardDiffBench_official_a2a_main_20260712/harness/transfer/official_a2a_peer.py", line 77, in execute
    artifact = self.env._response_artifact(body=body, identity=identity, scopes=scopes,
  File "/home/wjt/CardDiffBench_official_a2a_main_20260712/harness/downstream/impact_env.py", line 353, in _response_artifact
    raise RuntimeError(f"protocol adapter {version} could not encode the worker result")
RuntimeError: protocol adapter 1.0-primary could not encode the worker result
Request Error (ID: c00202cf-0efe-476f-bb25-e0bd19fac71d): Code=-32603, Message='protocol adapter 1.0-primary could not encode the worker result'
Agent execution failed
Traceback (most recent call last):
  File "/home/wjt/CardDiffBench_official_a2a_main_20260712/sut/transfer/official_a2a_protocol.py", line 27, in run_async
    asyncio.get_running_loop()
RuntimeError: no running event loop

During handling of the above exception, another exception occurred:

Traceback (most recent call last):
  File "/home/wjt/CardDiffBench_official_a2a_main_20260712/.venv/lib/python3.10/site-packages/a2a/server/request_handlers/default_request_handler.py", line 326, in on_message_send
    ) = await result_aggregator.consume_and_break_on_interrupt(
  File "/home/wjt/CardDiffBench_official_a2a_main_20260712/.venv/lib/python3.10/site-packages/a2a/server/tasks/result_aggregator.py", line 135, in consume_and_break_on_interrupt
    async for event in event_stream:
  File "/home/wjt/CardDiffBench_official_a2a_main_20260712/.venv/lib/python3.10/site-packages/a2a/server/events/event_consumer.py", line 87, in consume_all
    raise self._exception
  File "/home/wjt/CardDiffBench_official_a2a_main_20260712/.venv/lib/python3.10/site-packages/a2a/utils/telemetry.py", line 228, in async_wrapper
    result = await func(*args, **kwargs)
  File "/home/wjt/CardDiffBench_official_a2a_main_20260712/.venv/lib/python3.10/site-packages/a2a/server/request_handlers/default_request_handler.py", line 196, in _run_event_stream
    await self.agent_executor.execute(request, queue)
  File "/home/wjt/CardDiffBench_official_a2a_main_20260712/harness/transfer/official_a2a_peer.py", line 77, in execute
    artifact = self.env._response_artifact(body=body, identity=identity, scopes=scopes,
  File "/home/wjt/CardDiffBench_official_a2a_main_20260712/harness/downstream/impact_env.py", line 353, in _response_artifact
    raise RuntimeError(f"protocol adapter {version} could not encode the worker result")
RuntimeError: protocol adapter 1.0-primary could not encode the worker result
Unhandled exception
Traceback (most recent call last):
  File "/home/wjt/CardDiffBench_official_a2a_main_20260712/sut/transfer/official_a2a_protocol.py", line 27, in run_async
    asyncio.get_running_loop()
RuntimeError: no running event loop

During handling of the above exception, another exception occurred:

Traceback (most recent call last):
  File "/home/wjt/CardDiffBench_official_a2a_main_20260712/.venv/lib/python3.10/site-packages/a2a/server/apps/jsonrpc/jsonrpc_app.py", line 384, in _handle_requests
    return await self._process_non_streaming_request(
  File "/home/wjt/CardDiffBench_official_a2a_main_20260712/.venv/lib/python3.10/site-packages/a2a/server/apps/jsonrpc/jsonrpc_app.py", line 464, in _process_non_streaming_request
    handler_result = await self.handler.on_message_send(
  File "/home/wjt/CardDiffBench_official_a2a_main_20260712/.venv/lib/python3.10/site-packages/a2a/utils/telemetry.py", line 228, in async_wrapper
    result = await func(*args, **kwargs)
  File "/home/wjt/CardDiffBench_official_a2a_main_20260712/.venv/lib/python3.10/site-packages/a2a/server/request_handlers/jsonrpc_handler.py", line 107, in on_message_send
    task_or_message = await self.request_handler.on_message_send(
  File "/home/wjt/CardDiffBench_official_a2a_main_20260712/.venv/lib/python3.10/site-packages/a2a/utils/telemetry.py", line 228, in async_wrapper
    result = await func(*args, **kwargs)
  File "/home/wjt/CardDiffBench_official_a2a_main_20260712/.venv/lib/python3.10/site-packages/a2a/server/request_handlers/default_request_handler.py", line 348, in on_message_send
    await self._cleanup_producer(producer_task, task_id)
  File "/home/wjt/CardDiffBench_official_a2a_main_20260712/.venv/lib/python3.10/site-packages/a2a/utils/telemetry.py", line 228, in async_wrapper
    result = await func(*args, **kwargs)
  File "/home/wjt/CardDiffBench_official_a2a_main_20260712/.venv/lib/python3.10/site-packages/a2a/server/request_handlers/default_request_handler.py", line 445, in _cleanup_producer
    await producer_task
  File "/home/wjt/CardDiffBench_official_a2a_main_20260712/.venv/lib/python3.10/site-packages/a2a/utils/telemetry.py", line 228, in async_wrapper
    result = await func(*args, **kwargs)
  File "/home/wjt/CardDiffBench_official_a2a_main_20260712/.venv/lib/python3.10/site-packages/a2a/server/request_handlers/default_request_handler.py", line 196, in _run_event_stream
    await self.agent_executor.execute(request, queue)
  File "/home/wjt/CardDiffBench_official_a2a_main_20260712/harness/transfer/official_a2a_peer.py", line 77, in execute
    artifact = self.env._response_artifact(body=body, identity=identity, scopes=scopes,
  File "/home/wjt/CardDiffBench_official_a2a_main_20260712/harness/downstream/impact_env.py", line 353, in _response_artifact
    raise RuntimeError(f"protocol adapter {version} could not encode the worker result")
RuntimeError: protocol adapter 1.0-primary could not encode the worker result
Request Error (ID: 434ac68d-a299-4262-b791-0dec809dc30b): Code=-32603, Message='protocol adapter 1.0-primary could not encode the worker result'
Agent execution failed
Traceback (most recent call last):
  File "/home/wjt/CardDiffBench_official_a2a_main_20260712/sut/transfer/official_a2a_protocol.py", line 27, in run_async
    asyncio.get_running_loop()
RuntimeError: no running event loop

During handling of the above exception, another exception occurred:

Traceback (most recent call last):
  File "/home/wjt/CardDiffBench_official_a2a_main_20260712/.venv/lib/python3.10/site-packages/a2a/server/request_handlers/default_request_handler.py", line 326, in on_message_send
    ) = await result_aggregator.consume_and_break_on_interrupt(
  File "/home/wjt/CardDiffBench_official_a2a_main_20260712/.venv/lib/python3.10/site-packages/a2a/server/tasks/result_aggregator.py", line 135, in consume_and_break_on_interrupt
    async for event in event_stream:
  File "/home/wjt/CardDiffBench_official_a2a_main_20260712/.venv/lib/python3.10/site-packages/a2a/server/events/event_consumer.py", line 87, in consume_all
    raise self._exception
  File "/home/wjt/CardDiffBench_official_a2a_main_20260712/.venv/lib/python3.10/site-packages/a2a/utils/telemetry.py", line 228, in async_wrapper
    result = await func(*args, **kwargs)
  File "/home/wjt/CardDiffBench_official_a2a_main_20260712/.venv/lib/python3.10/site-packages/a2a/server/request_handlers/default_request_handler.py", line 196, in _run_event_stream
    await self.agent_executor.execute(request, queue)
  File "/home/wjt/CardDiffBench_official_a2a_main_20260712/harness/transfer/official_a2a_peer.py", line 77, in execute
    artifact = self.env._response_artifact(body=body, identity=identity, scopes=scopes,
  File "/home/wjt/CardDiffBench_official_a2a_main_20260712/harness/downstream/impact_env.py", line 353, in _response_artifact
    raise RuntimeError(f"protocol adapter {version} could not encode the worker result")
RuntimeError: protocol adapter 1.0-primary could not encode the worker result
Unhandled exception
Traceback (most recent call last):
  File "/home/wjt/CardDiffBench_official_a2a_main_20260712/sut/transfer/official_a2a_protocol.py", line 27, in run_async
    asyncio.get_running_loop()
RuntimeError: no running event loop

During handling of the above exception, another exception occurred:

Traceback (most recent call last):
  File "/home/wjt/CardDiffBench_official_a2a_main_20260712/.venv/lib/python3.10/site-packages/a2a/server/apps/jsonrpc/jsonrpc_app.py", line 384, in _handle_requests
    return await self._process_non_streaming_request(
  File "/home/wjt/CardDiffBench_official_a2a_main_20260712/.venv/lib/python3.10/site-packages/a2a/server/apps/jsonrpc/jsonrpc_app.py", line 464, in _process_non_streaming_request
    handler_result = await self.handler.on_message_send(
  File "/home/wjt/CardDiffBench_official_a2a_main_20260712/.venv/lib/python3.10/site-packages/a2a/utils/telemetry.py", line 228, in async_wrapper
    result = await func(*args, **kwargs)
  File "/home/wjt/CardDiffBench_official_a2a_main_20260712/.venv/lib/python3.10/site-packages/a2a/server/request_handlers/jsonrpc_handler.py", line 107, in on_message_send
    task_or_message = await self.request_handler.on_message_send(
  File "/home/wjt/CardDiffBench_official_a2a_main_20260712/.venv/lib/python3.10/site-packages/a2a/utils/telemetry.py", line 228, in async_wrapper
    result = await func(*args, **kwargs)
  File "/home/wjt/CardDiffBench_official_a2a_main_20260712/.venv/lib/python3.10/site-packages/a2a/server/request_handlers/default_request_handler.py", line 348, in on_message_send
    await self._cleanup_producer(producer_task, task_id)
  File "/home/wjt/CardDiffBench_official_a2a_main_20260712/.venv/lib/python3.10/site-packages/a2a/utils/telemetry.py", line 228, in async_wrapper
    result = await func(*args, **kwargs)
  File "/home/wjt/CardDiffBench_official_a2a_main_20260712/.venv/lib/python3.10/site-packages/a2a/server/request_handlers/default_request_handler.py", line 445, in _cleanup_producer
    await producer_task
  File "/home/wjt/CardDiffBench_official_a2a_main_20260712/.venv/lib/python3.10/site-packages/a2a/utils/telemetry.py", line 228, in async_wrapper
    result = await func(*args, **kwargs)
  File "/home/wjt/CardDiffBench_official_a2a_main_20260712/.venv/lib/python3.10/site-packages/a2a/server/request_handlers/default_request_handler.py", line 196, in _run_event_stream
    await self.agent_executor.execute(request, queue)
  File "/home/wjt/CardDiffBench_official_a2a_main_20260712/harness/transfer/official_a2a_peer.py", line 77, in execute
    artifact = self.env._response_artifact(body=body, identity=identity, scopes=scopes,
  File "/home/wjt/CardDiffBench_official_a2a_main_20260712/harness/downstream/impact_env.py", line 353, in _response_artifact
    raise RuntimeError(f"protocol adapter {version} could not encode the worker result")
RuntimeError: protocol adapter 1.0-primary could not encode the worker result
Request Error (ID: 55f24427-8515-4827-b08f-bee830895ca0): Code=-32603, Message='protocol adapter 1.0-primary could not encode the worker result'
Agent execution failed
Traceback (most recent call last):
  File "/home/wjt/CardDiffBench_official_a2a_main_20260712/sut/transfer/official_a2a_protocol.py", line 27, in run_async
    asyncio.get_running_loop()
RuntimeError: no running event loop

During handling of the above exception, another exception occurred:

Traceback (most recent call last):
  File "/home/wjt/CardDiffBench_official_a2a_main_20260712/.venv/lib/python3.10/site-packages/a2a/server/request_handlers/default_request_handler.py", line 326, in on_message_send
    ) = await result_aggregator.consume_and_break_on_interrupt(
  File "/home/wjt/CardDiffBench_official_a2a_main_20260712/.venv/lib/python3.10/site-packages/a2a/server/tasks/result_aggregator.py", line 135, in consume_and_break_on_interrupt
    async for event in event_stream:
  File "/home/wjt/CardDiffBench_official_a2a_main_20260712/.venv/lib/python3.10/site-packages/a2a/server/events/event_consumer.py", line 87, in consume_all
    raise self._exception
  File "/home/wjt/CardDiffBench_official_a2a_main_20260712/.venv/lib/python3.10/site-packages/a2a/utils/telemetry.py", line 228, in async_wrapper
    result = await func(*args, **kwargs)
  File "/home/wjt/CardDiffBench_official_a2a_main_20260712/.venv/lib/python3.10/site-packages/a2a/server/request_handlers/default_request_handler.py", line 196, in _run_event_stream
    await self.agent_executor.execute(request, queue)
  File "/home/wjt/CardDiffBench_official_a2a_main_20260712/harness/transfer/official_a2a_peer.py", line 77, in execute
    artifact = self.env._response_artifact(body=body, identity=identity, scopes=scopes,
  File "/home/wjt/CardDiffBench_official_a2a_main_20260712/harness/downstream/impact_env.py", line 353, in _response_artifact
    raise RuntimeError(f"protocol adapter {version} could not encode the worker result")
RuntimeError: protocol adapter 1.0-primary could not encode the worker result
Unhandled exception
Traceback (most recent call last):
  File "/home/wjt/CardDiffBench_official_a2a_main_20260712/sut/transfer/official_a2a_protocol.py", line 27, in run_async
    asyncio.get_running_loop()
RuntimeError: no running event loop

During handling of the above exception, another exception occurred:

Traceback (most recent call last):
  File "/home/wjt/CardDiffBench_official_a2a_main_20260712/.venv/lib/python3.10/site-packages/a2a/server/apps/jsonrpc/jsonrpc_app.py", line 384, in _handle_requests
    return await self._process_non_streaming_request(
  File "/home/wjt/CardDiffBench_official_a2a_main_20260712/.venv/lib/python3.10/site-packages/a2a/server/apps/jsonrpc/jsonrpc_app.py", line 464, in _process_non_streaming_request
    handler_result = await self.handler.on_message_send(
  File "/home/wjt/CardDiffBench_official_a2a_main_20260712/.venv/lib/python3.10/site-packages/a2a/utils/telemetry.py", line 228, in async_wrapper
    result = await func(*args, **kwargs)
  File "/home/wjt/CardDiffBench_official_a2a_main_20260712/.venv/lib/python3.10/site-packages/a2a/server/request_handlers/jsonrpc_handler.py", line 107, in on_message_send
    task_or_message = await self.request_handler.on_message_send(
  File "/home/wjt/CardDiffBench_official_a2a_main_20260712/.venv/lib/python3.10/site-packages/a2a/utils/telemetry.py", line 228, in async_wrapper
    result = await func(*args, **kwargs)
  File "/home/wjt/CardDiffBench_official_a2a_main_20260712/.venv/lib/python3.10/site-packages/a2a/server/request_handlers/default_request_handler.py", line 348, in on_message_send
    await self._cleanup_producer(producer_task, task_id)
  File "/home/wjt/CardDiffBench_official_a2a_main_20260712/.venv/lib/python3.10/site-packages/a2a/utils/telemetry.py", line 228, in async_wrapper
    result = await func(*args, **kwargs)
  File "/home/wjt/CardDiffBench_official_a2a_main_20260712/.venv/lib/python3.10/site-packages/a2a/server/request_handlers/default_request_handler.py", line 445, in _cleanup_producer
    await producer_task
  File "/home/wjt/CardDiffBench_official_a2a_main_20260712/.venv/lib/python3.10/site-packages/a2a/utils/telemetry.py", line 228, in async_wrapper
    result = await func(*args, **kwargs)
  File "/home/wjt/CardDiffBench_official_a2a_main_20260712/.venv/lib/python3.10/site-packages/a2a/server/request_handlers/default_request_handler.py", line 196, in _run_event_stream
    await self.agent_executor.execute(request, queue)
  File "/home/wjt/CardDiffBench_official_a2a_main_20260712/harness/transfer/official_a2a_peer.py", line 77, in execute
    artifact = self.env._response_artifact(body=body, identity=identity, scopes=scopes,
  File "/home/wjt/CardDiffBench_official_a2a_main_20260712/harness/downstream/impact_env.py", line 353, in _response_artifact
    raise RuntimeError(f"protocol adapter {version} could not encode the worker result")
RuntimeError: protocol adapter 1.0-primary could not encode the worker result
Request Error (ID: 07da5888-5cf0-41c5-b214-f9727df1231d): Code=-32603, Message='protocol adapter 1.0-primary could not encode the worker result'
Agent execution failed
Traceback (most recent call last):
  File "/home/wjt/CardDiffBench_official_a2a_main_20260712/sut/transfer/official_a2a_protocol.py", line 27, in run_async
    asyncio.get_running_loop()
RuntimeError: no running event loop

During handling of the above exception, another exception occurred:

Traceback (most recent call last):
  File "/home/wjt/CardDiffBench_official_a2a_main_20260712/.venv/lib/python3.10/site-packages/a2a/server/request_handlers/default_request_handler.py", line 326, in on_message_send
    ) = await result_aggregator.consume_and_break_on_interrupt(
  File "/home/wjt/CardDiffBench_official_a2a_main_20260712/.venv/lib/python3.10/site-packages/a2a/server/tasks/result_aggregator.py", line 135, in consume_and_break_on_interrupt
    async for event in event_stream:
  File "/home/wjt/CardDiffBench_official_a2a_main_20260712/.venv/lib/python3.10/site-packages/a2a/server/events/event_consumer.py", line 87, in consume_all
    raise self._exception
  File "/home/wjt/CardDiffBench_official_a2a_main_20260712/.venv/lib/python3.10/site-packages/a2a/utils/telemetry.py", line 228, in async_wrapper
    result = await func(*args, **kwargs)
  File "/home/wjt/CardDiffBench_official_a2a_main_20260712/.venv/lib/python3.10/site-packages/a2a/server/request_handlers/default_request_handler.py", line 196, in _run_event_stream
    await self.agent_executor.execute(request, queue)
  File "/home/wjt/CardDiffBench_official_a2a_main_20260712/harness/transfer/official_a2a_peer.py", line 77, in execute
    artifact = self.env._response_artifact(body=body, identity=identity, scopes=scopes,
  File "/home/wjt/CardDiffBench_official_a2a_main_20260712/harness/downstream/impact_env.py", line 353, in _response_artifact
    raise RuntimeError(f"protocol adapter {version} could not encode the worker result")
RuntimeError: protocol adapter 1.0-primary could not encode the worker result
Unhandled exception
Traceback (most recent call last):
  File "/home/wjt/CardDiffBench_official_a2a_main_20260712/sut/transfer/official_a2a_protocol.py", line 27, in run_async
    asyncio.get_running_loop()
RuntimeError: no running event loop

During handling of the above exception, another exception occurred:

Traceback (most recent call last):
  File "/home/wjt/CardDiffBench_official_a2a_main_20260712/.venv/lib/python3.10/site-packages/a2a/server/apps/jsonrpc/jsonrpc_app.py", line 384, in _handle_requests
    return await self._process_non_streaming_request(
  File "/home/wjt/CardDiffBench_official_a2a_main_20260712/.venv/lib/python3.10/site-packages/a2a/server/apps/jsonrpc/jsonrpc_app.py", line 464, in _process_non_streaming_request
    handler_result = await self.handler.on_message_send(
  File "/home/wjt/CardDiffBench_official_a2a_main_20260712/.venv/lib/python3.10/site-packages/a2a/utils/telemetry.py", line 228, in async_wrapper
    result = await func(*args, **kwargs)
  File "/home/wjt/CardDiffBench_official_a2a_main_20260712/.venv/lib/python3.10/site-packages/a2a/server/request_handlers/jsonrpc_handler.py", line 107, in on_message_send
    task_or_message = await self.request_handler.on_message_send(
  File "/home/wjt/CardDiffBench_official_a2a_main_20260712/.venv/lib/python3.10/site-packages/a2a/utils/telemetry.py", line 228, in async_wrapper
    result = await func(*args, **kwargs)
  File "/home/wjt/CardDiffBench_official_a2a_main_20260712/.venv/lib/python3.10/site-packages/a2a/server/request_handlers/default_request_handler.py", line 348, in on_message_send
    await self._cleanup_producer(producer_task, task_id)
  File "/home/wjt/CardDiffBench_official_a2a_main_20260712/.venv/lib/python3.10/site-packages/a2a/utils/telemetry.py", line 228, in async_wrapper
    result = await func(*args, **kwargs)
  File "/home/wjt/CardDiffBench_official_a2a_main_20260712/.venv/lib/python3.10/site-packages/a2a/server/request_handlers/default_request_handler.py", line 445, in _cleanup_producer
    await producer_task
  File "/home/wjt/CardDiffBench_official_a2a_main_20260712/.venv/lib/python3.10/site-packages/a2a/utils/telemetry.py", line 228, in async_wrapper
    result = await func(*args, **kwargs)
  File "/home/wjt/CardDiffBench_official_a2a_main_20260712/.venv/lib/python3.10/site-packages/a2a/server/request_handlers/default_request_handler.py", line 196, in _run_event_stream
    await self.agent_executor.execute(request, queue)
  File "/home/wjt/CardDiffBench_official_a2a_main_20260712/harness/transfer/official_a2a_peer.py", line 77, in execute
    artifact = self.env._response_artifact(body=body, identity=identity, scopes=scopes,
  File "/home/wjt/CardDiffBench_official_a2a_main_20260712/harness/downstream/impact_env.py", line 353, in _response_artifact
    raise RuntimeError(f"protocol adapter {version} could not encode the worker result")
RuntimeError: protocol adapter 1.0-primary could not encode the worker result
Request Error (ID: 9141f8dc-b028-41b2-91f1-e78a060fe01a): Code=-32603, Message='protocol adapter 1.0-primary could not encode the worker result'
Agent execution failed
Traceback (most recent call last):
  File "/home/wjt/CardDiffBench_official_a2a_main_20260712/sut/transfer/official_a2a_protocol.py", line 27, in run_async
    asyncio.get_running_loop()
RuntimeError: no running event loop

During handling of the above exception, another exception occurred:

Traceback (most recent call last):
  File "/home/wjt/CardDiffBench_official_a2a_main_20260712/.venv/lib/python3.10/site-packages/a2a/server/request_handlers/default_request_handler.py", line 326, in on_message_send
    ) = await result_aggregator.consume_and_break_on_interrupt(
  File "/home/wjt/CardDiffBench_official_a2a_main_20260712/.venv/lib/python3.10/site-packages/a2a/server/tasks/result_aggregator.py", line 135, in consume_and_break_on_interrupt
    async for event in event_stream:
  File "/home/wjt/CardDiffBench_official_a2a_main_20260712/.venv/lib/python3.10/site-packages/a2a/server/events/event_consumer.py", line 87, in consume_all
    raise self._exception
  File "/home/wjt/CardDiffBench_official_a2a_main_20260712/.venv/lib/python3.10/site-packages/a2a/utils/telemetry.py", line 228, in async_wrapper
    result = await func(*args, **kwargs)
  File "/home/wjt/CardDiffBench_official_a2a_main_20260712/.venv/lib/python3.10/site-packages/a2a/server/request_handlers/default_request_handler.py", line 196, in _run_event_stream
    await self.agent_executor.execute(request, queue)
  File "/home/wjt/CardDiffBench_official_a2a_main_20260712/harness/transfer/official_a2a_peer.py", line 77, in execute
    artifact = self.env._response_artifact(body=body, identity=identity, scopes=scopes,
  File "/home/wjt/CardDiffBench_official_a2a_main_20260712/harness/downstream/impact_env.py", line 353, in _response_artifact
    raise RuntimeError(f"protocol adapter {version} could not encode the worker result")
RuntimeError: protocol adapter 1.0-primary could not encode the worker result
Unhandled exception
Traceback (most recent call last):
  File "/home/wjt/CardDiffBench_official_a2a_main_20260712/sut/transfer/official_a2a_protocol.py", line 27, in run_async
    asyncio.get_running_loop()
RuntimeError: no running event loop

During handling of the above exception, another exception occurred:

Traceback (most recent call last):
  File "/home/wjt/CardDiffBench_official_a2a_main_20260712/.venv/lib/python3.10/site-packages/a2a/server/apps/jsonrpc/jsonrpc_app.py", line 384, in _handle_requests
    return await self._process_non_streaming_request(
  File "/home/wjt/CardDiffBench_official_a2a_main_20260712/.venv/lib/python3.10/site-packages/a2a/server/apps/jsonrpc/jsonrpc_app.py", line 464, in _process_non_streaming_request
    handler_result = await self.handler.on_message_send(
  File "/home/wjt/CardDiffBench_official_a2a_main_20260712/.venv/lib/python3.10/site-packages/a2a/utils/telemetry.py", line 228, in async_wrapper
    result = await func(*args, **kwargs)
  File "/home/wjt/CardDiffBench_official_a2a_main_20260712/.venv/lib/python3.10/site-packages/a2a/server/request_handlers/jsonrpc_handler.py", line 107, in on_message_send
    task_or_message = await self.request_handler.on_message_send(
  File "/home/wjt/CardDiffBench_official_a2a_main_20260712/.venv/lib/python3.10/site-packages/a2a/utils/telemetry.py", line 228, in async_wrapper
    result = await func(*args, **kwargs)
  File "/home/wjt/CardDiffBench_official_a2a_main_20260712/.venv/lib/python3.10/site-packages/a2a/server/request_handlers/default_request_handler.py", line 348, in on_message_send
    await self._cleanup_producer(producer_task, task_id)
  File "/home/wjt/CardDiffBench_official_a2a_main_20260712/.venv/lib/python3.10/site-packages/a2a/utils/telemetry.py", line 228, in async_wrapper
    result = await func(*args, **kwargs)
  File "/home/wjt/CardDiffBench_official_a2a_main_20260712/.venv/lib/python3.10/site-packages/a2a/server/request_handlers/default_request_handler.py", line 445, in _cleanup_producer
    await producer_task
  File "/home/wjt/CardDiffBench_official_a2a_main_20260712/.venv/lib/python3.10/site-packages/a2a/utils/telemetry.py", line 228, in async_wrapper
    result = await func(*args, **kwargs)
  File "/home/wjt/CardDiffBench_official_a2a_main_20260712/.venv/lib/python3.10/site-packages/a2a/server/request_handlers/default_request_handler.py", line 196, in _run_event_stream
    await self.agent_executor.execute(request, queue)
  File "/home/wjt/CardDiffBench_official_a2a_main_20260712/harness/transfer/official_a2a_peer.py", line 77, in execute
    artifact = self.env._response_artifact(body=body, identity=identity, scopes=scopes,
  File "/home/wjt/CardDiffBench_official_a2a_main_20260712/harness/downstream/impact_env.py", line 353, in _response_artifact
    raise RuntimeError(f"protocol adapter {version} could not encode the worker result")
RuntimeError: protocol adapter 1.0-primary could not encode the worker result
Request Error (ID: 704a3f2c-2d2c-426a-ad39-8cd071a845e4): Code=-32603, Message='protocol adapter 1.0-primary could not encode the worker result'
Agent execution failed
Traceback (most recent call last):
  File "/home/wjt/CardDiffBench_official_a2a_main_20260712/sut/transfer/official_a2a_protocol.py", line 27, in run_async
    asyncio.get_running_loop()
RuntimeError: no running event loop

During handling of the above exception, another exception occurred:

Traceback (most recent call last):
  File "/home/wjt/CardDiffBench_official_a2a_main_20260712/.venv/lib/python3.10/site-packages/a2a/server/request_handlers/default_request_handler.py", line 326, in on_message_send
    ) = await result_aggregator.consume_and_break_on_interrupt(
  File "/home/wjt/CardDiffBench_official_a2a_main_20260712/.venv/lib/python3.10/site-packages/a2a/server/tasks/result_aggregator.py", line 135, in consume_and_break_on_interrupt
    async for event in event_stream:
  File "/home/wjt/CardDiffBench_official_a2a_main_20260712/.venv/lib/python3.10/site-packages/a2a/server/events/event_consumer.py", line 87, in consume_all
    raise self._exception
  File "/home/wjt/CardDiffBench_official_a2a_main_20260712/.venv/lib/python3.10/site-packages/a2a/utils/telemetry.py", line 228, in async_wrapper
    result = await func(*args, **kwargs)
  File "/home/wjt/CardDiffBench_official_a2a_main_20260712/.venv/lib/python3.10/site-packages/a2a/server/request_handlers/default_request_handler.py", line 196, in _run_event_stream
    await self.agent_executor.execute(request, queue)
  File "/home/wjt/CardDiffBench_official_a2a_main_20260712/harness/transfer/official_a2a_peer.py", line 77, in execute
    artifact = self.env._response_artifact(body=body, identity=identity, scopes=scopes,
  File "/home/wjt/CardDiffBench_official_a2a_main_20260712/harness/downstream/impact_env.py", line 353, in _response_artifact
    raise RuntimeError(f"protocol adapter {version} could not encode the worker result")
RuntimeError: protocol adapter 1.0-primary could not encode the worker result
Unhandled exception
Traceback (most recent call last):
  File "/home/wjt/CardDiffBench_official_a2a_main_20260712/sut/transfer/official_a2a_protocol.py", line 27, in run_async
    asyncio.get_running_loop()
RuntimeError: no running event loop

During handling of the above exception, another exception occurred:

Traceback (most recent call last):
  File "/home/wjt/CardDiffBench_official_a2a_main_20260712/.venv/lib/python3.10/site-packages/a2a/server/apps/jsonrpc/jsonrpc_app.py", line 384, in _handle_requests
    return await self._process_non_streaming_request(
  File "/home/wjt/CardDiffBench_official_a2a_main_20260712/.venv/lib/python3.10/site-packages/a2a/server/apps/jsonrpc/jsonrpc_app.py", line 464, in _process_non_streaming_request
    handler_result = await self.handler.on_message_send(
  File "/home/wjt/CardDiffBench_official_a2a_main_20260712/.venv/lib/python3.10/site-packages/a2a/utils/telemetry.py", line 228, in async_wrapper
    result = await func(*args, **kwargs)
  File "/home/wjt/CardDiffBench_official_a2a_main_20260712/.venv/lib/python3.10/site-packages/a2a/server/request_handlers/jsonrpc_handler.py", line 107, in on_message_send
    task_or_message = await self.request_handler.on_message_send(
  File "/home/wjt/CardDiffBench_official_a2a_main_20260712/.venv/lib/python3.10/site-packages/a2a/utils/telemetry.py", line 228, in async_wrapper
    result = await func(*args, **kwargs)
  File "/home/wjt/CardDiffBench_official_a2a_main_20260712/.venv/lib/python3.10/site-packages/a2a/server/request_handlers/default_request_handler.py", line 348, in on_message_send
    await self._cleanup_producer(producer_task, task_id)
  File "/home/wjt/CardDiffBench_official_a2a_main_20260712/.venv/lib/python3.10/site-packages/a2a/utils/telemetry.py", line 228, in async_wrapper
    result = await func(*args, **kwargs)
  File "/home/wjt/CardDiffBench_official_a2a_main_20260712/.venv/lib/python3.10/site-packages/a2a/server/request_handlers/default_request_handler.py", line 445, in _cleanup_producer
    await producer_task
  File "/home/wjt/CardDiffBench_official_a2a_main_20260712/.venv/lib/python3.10/site-packages/a2a/utils/telemetry.py", line 228, in async_wrapper
    result = await func(*args, **kwargs)
  File "/home/wjt/CardDiffBench_official_a2a_main_20260712/.venv/lib/python3.10/site-packages/a2a/server/request_handlers/default_request_handler.py", line 196, in _run_event_stream
    await self.agent_executor.execute(request, queue)
  File "/home/wjt/CardDiffBench_official_a2a_main_20260712/harness/transfer/official_a2a_peer.py", line 77, in execute
    artifact = self.env._response_artifact(body=body, identity=identity, scopes=scopes,
  File "/home/wjt/CardDiffBench_official_a2a_main_20260712/harness/downstream/impact_env.py", line 353, in _response_artifact
    raise RuntimeError(f"protocol adapter {version} could not encode the worker result")
RuntimeError: protocol adapter 1.0-primary could not encode the worker result
Request Error (ID: 47006afe-60af-4c3e-b2fc-2a98c9149ccd): Code=-32603, Message='protocol adapter 1.0-primary could not encode the worker result'
Agent execution failed
Traceback (most recent call last):
  File "/home/wjt/CardDiffBench_official_a2a_main_20260712/sut/transfer/official_a2a_protocol.py", line 27, in run_async
    asyncio.get_running_loop()
RuntimeError: no running event loop

During handling of the above exception, another exception occurred:

Traceback (most recent call last):
  File "/home/wjt/CardDiffBench_official_a2a_main_20260712/.venv/lib/python3.10/site-packages/a2a/server/request_handlers/default_request_handler.py", line 326, in on_message_send
    ) = await result_aggregator.consume_and_break_on_interrupt(
  File "/home/wjt/CardDiffBench_official_a2a_main_20260712/.venv/lib/python3.10/site-packages/a2a/server/tasks/result_aggregator.py", line 135, in consume_and_break_on_interrupt
    async for event in event_stream:
  File "/home/wjt/CardDiffBench_official_a2a_main_20260712/.venv/lib/python3.10/site-packages/a2a/server/events/event_consumer.py", line 87, in consume_all
    raise self._exception
  File "/home/wjt/CardDiffBench_official_a2a_main_20260712/.venv/lib/python3.10/site-packages/a2a/utils/telemetry.py", line 228, in async_wrapper
    result = await func(*args, **kwargs)
  File "/home/wjt/CardDiffBench_official_a2a_main_20260712/.venv/lib/python3.10/site-packages/a2a/server/request_handlers/default_request_handler.py", line 196, in _run_event_stream
    await self.agent_executor.execute(request, queue)
  File "/home/wjt/CardDiffBench_official_a2a_main_20260712/harness/transfer/official_a2a_peer.py", line 77, in execute
    artifact = self.env._response_artifact(body=body, identity=identity, scopes=scopes,
  File "/home/wjt/CardDiffBench_official_a2a_main_20260712/harness/downstream/impact_env.py", line 353, in _response_artifact
    raise RuntimeError(f"protocol adapter {version} could not encode the worker result")
RuntimeError: protocol adapter 1.0-primary could not encode the worker result
Unhandled exception
Traceback (most recent call last):
  File "/home/wjt/CardDiffBench_official_a2a_main_20260712/sut/transfer/official_a2a_protocol.py", line 27, in run_async
    asyncio.get_running_loop()
RuntimeError: no running event loop

During handling of the above exception, another exception occurred:

Traceback (most recent call last):
  File "/home/wjt/CardDiffBench_official_a2a_main_20260712/.venv/lib/python3.10/site-packages/a2a/server/apps/jsonrpc/jsonrpc_app.py", line 384, in _handle_requests
    return await self._process_non_streaming_request(
  File "/home/wjt/CardDiffBench_official_a2a_main_20260712/.venv/lib/python3.10/site-packages/a2a/server/apps/jsonrpc/jsonrpc_app.py", line 464, in _process_non_streaming_request
    handler_result = await self.handler.on_message_send(
  File "/home/wjt/CardDiffBench_official_a2a_main_20260712/.venv/lib/python3.10/site-packages/a2a/utils/telemetry.py", line 228, in async_wrapper
    result = await func(*args, **kwargs)
  File "/home/wjt/CardDiffBench_official_a2a_main_20260712/.venv/lib/python3.10/site-packages/a2a/server/request_handlers/jsonrpc_handler.py", line 107, in on_message_send
    task_or_message = await self.request_handler.on_message_send(
  File "/home/wjt/CardDiffBench_official_a2a_main_20260712/.venv/lib/python3.10/site-packages/a2a/utils/telemetry.py", line 228, in async_wrapper
    result = await func(*args, **kwargs)
  File "/home/wjt/CardDiffBench_official_a2a_main_20260712/.venv/lib/python3.10/site-packages/a2a/server/request_handlers/default_request_handler.py", line 348, in on_message_send
    await self._cleanup_producer(producer_task, task_id)
  File "/home/wjt/CardDiffBench_official_a2a_main_20260712/.venv/lib/python3.10/site-packages/a2a/utils/telemetry.py", line 228, in async_wrapper
    result = await func(*args, **kwargs)
  File "/home/wjt/CardDiffBench_official_a2a_main_20260712/.venv/lib/python3.10/site-packages/a2a/server/request_handlers/default_request_handler.py", line 445, in _cleanup_producer
    await producer_task
  File "/home/wjt/CardDiffBench_official_a2a_main_20260712/.venv/lib/python3.10/site-packages/a2a/utils/telemetry.py", line 228, in async_wrapper
    result = await func(*args, **kwargs)
  File "/home/wjt/CardDiffBench_official_a2a_main_20260712/.venv/lib/python3.10/site-packages/a2a/server/request_handlers/default_request_handler.py", line 196, in _run_event_stream
    await self.agent_executor.execute(request, queue)
  File "/home/wjt/CardDiffBench_official_a2a_main_20260712/harness/transfer/official_a2a_peer.py", line 77, in execute
    artifact = self.env._response_artifact(body=body, identity=identity, scopes=scopes,
  File "/home/wjt/CardDiffBench_official_a2a_main_20260712/harness/downstream/impact_env.py", line 353, in _response_artifact
    raise RuntimeError(f"protocol adapter {version} could not encode the worker result")
RuntimeError: protocol adapter 1.0-primary could not encode the worker result
Request Error (ID: fc08e47d-3312-4d80-965c-d38d7b0f1e03): Code=-32603, Message='protocol adapter 1.0-primary could not encode the worker result'
Agent execution failed
Traceback (most recent call last):
  File "/home/wjt/CardDiffBench_official_a2a_main_20260712/sut/transfer/official_a2a_protocol.py", line 27, in run_async
    asyncio.get_running_loop()
RuntimeError: no running event loop

During handling of the above exception, another exception occurred:

Traceback (most recent call last):
  File "/home/wjt/CardDiffBench_official_a2a_main_20260712/.venv/lib/python3.10/site-packages/a2a/server/request_handlers/default_request_handler.py", line 326, in on_message_send
    ) = await result_aggregator.consume_and_break_on_interrupt(
  File "/home/wjt/CardDiffBench_official_a2a_main_20260712/.venv/lib/python3.10/site-packages/a2a/server/tasks/result_aggregator.py", line 135, in consume_and_break_on_interrupt
    async for event in event_stream:
  File "/home/wjt/CardDiffBench_official_a2a_main_20260712/.venv/lib/python3.10/site-packages/a2a/server/events/event_consumer.py", line 87, in consume_all
    raise self._exception
  File "/home/wjt/CardDiffBench_official_a2a_main_20260712/.venv/lib/python3.10/site-packages/a2a/utils/telemetry.py", line 228, in async_wrapper
    result = await func(*args, **kwargs)
  File "/home/wjt/CardDiffBench_official_a2a_main_20260712/.venv/lib/python3.10/site-packages/a2a/server/request_handlers/default_request_handler.py", line 196, in _run_event_stream
    await self.agent_executor.execute(request, queue)
  File "/home/wjt/CardDiffBench_official_a2a_main_20260712/harness/transfer/official_a2a_peer.py", line 77, in execute
    artifact = self.env._response_artifact(body=body, identity=identity, scopes=scopes,
  File "/home/wjt/CardDiffBench_official_a2a_main_20260712/harness/downstream/impact_env.py", line 353, in _response_artifact
    raise RuntimeError(f"protocol adapter {version} could not encode the worker result")
RuntimeError: protocol adapter 1.0-primary could not encode the worker result
Unhandled exception
Traceback (most recent call last):
  File "/home/wjt/CardDiffBench_official_a2a_main_20260712/sut/transfer/official_a2a_protocol.py", line 27, in run_async
    asyncio.get_running_loop()
RuntimeError: no running event loop

During handling of the above exception, another exception occurred:

Traceback (most recent call last):
  File "/home/wjt/CardDiffBench_official_a2a_main_20260712/.venv/lib/python3.10/site-packages/a2a/server/apps/jsonrpc/jsonrpc_app.py", line 384, in _handle_requests
    return await self._process_non_streaming_request(
  File "/home/wjt/CardDiffBench_official_a2a_main_20260712/.venv/lib/python3.10/site-packages/a2a/server/apps/jsonrpc/jsonrpc_app.py", line 464, in _process_non_streaming_request
    handler_result = await self.handler.on_message_send(
  File "/home/wjt/CardDiffBench_official_a2a_main_20260712/.venv/lib/python3.10/site-packages/a2a/utils/telemetry.py", line 228, in async_wrapper
    result = await func(*args, **kwargs)
  File "/home/wjt/CardDiffBench_official_a2a_main_20260712/.venv/lib/python3.10/site-packages/a2a/server/request_handlers/jsonrpc_handler.py", line 107, in on_message_send
    task_or_message = await self.request_handler.on_message_send(
  File "/home/wjt/CardDiffBench_official_a2a_main_20260712/.venv/lib/python3.10/site-packages/a2a/utils/telemetry.py", line 228, in async_wrapper
    result = await func(*args, **kwargs)
  File "/home/wjt/CardDiffBench_official_a2a_main_20260712/.venv/lib/python3.10/site-packages/a2a/server/request_handlers/default_request_handler.py", line 348, in on_message_send
    await self._cleanup_producer(producer_task, task_id)
  File "/home/wjt/CardDiffBench_official_a2a_main_20260712/.venv/lib/python3.10/site-packages/a2a/utils/telemetry.py", line 228, in async_wrapper
    result = await func(*args, **kwargs)
  File "/home/wjt/CardDiffBench_official_a2a_main_20260712/.venv/lib/python3.10/site-packages/a2a/server/request_handlers/default_request_handler.py", line 445, in _cleanup_producer
    await producer_task
  File "/home/wjt/CardDiffBench_official_a2a_main_20260712/.venv/lib/python3.10/site-packages/a2a/utils/telemetry.py", line 228, in async_wrapper
    result = await func(*args, **kwargs)
  File "/home/wjt/CardDiffBench_official_a2a_main_20260712/.venv/lib/python3.10/site-packages/a2a/server/request_handlers/default_request_handler.py", line 196, in _run_event_stream
    await self.agent_executor.execute(request, queue)
  File "/home/wjt/CardDiffBench_official_a2a_main_20260712/harness/transfer/official_a2a_peer.py", line 77, in execute
    artifact = self.env._response_artifact(body=body, identity=identity, scopes=scopes,
  File "/home/wjt/CardDiffBench_official_a2a_main_20260712/harness/downstream/impact_env.py", line 353, in _response_artifact
    raise RuntimeError(f"protocol adapter {version} could not encode the worker result")
RuntimeError: protocol adapter 1.0-primary could not encode the worker result
Request Error (ID: 813192a3-cc01-45be-b21c-28276f3b8360): Code=-32603, Message='protocol adapter 1.0-primary could not encode the worker result'
Agent execution failed
Traceback (most recent call last):
  File "/home/wjt/CardDiffBench_official_a2a_main_20260712/sut/transfer/official_a2a_protocol.py", line 27, in run_async
    asyncio.get_running_loop()
RuntimeError: no running event loop

During handling of the above exception, another exception occurred:

Traceback (most recent call last):
  File "/home/wjt/CardDiffBench_official_a2a_main_20260712/.venv/lib/python3.10/site-packages/a2a/server/request_handlers/default_request_handler.py", line 326, in on_message_send
    ) = await result_aggregator.consume_and_break_on_interrupt(
  File "/home/wjt/CardDiffBench_official_a2a_main_20260712/.venv/lib/python3.10/site-packages/a2a/server/tasks/result_aggregator.py", line 135, in consume_and_break_on_interrupt
    async for event in event_stream:
  File "/home/wjt/CardDiffBench_official_a2a_main_20260712/.venv/lib/python3.10/site-packages/a2a/server/events/event_consumer.py", line 87, in consume_all
    raise self._exception
  File "/home/wjt/CardDiffBench_official_a2a_main_20260712/.venv/lib/python3.10/site-packages/a2a/utils/telemetry.py", line 228, in async_wrapper
    result = await func(*args, **kwargs)
  File "/home/wjt/CardDiffBench_official_a2a_main_20260712/.venv/lib/python3.10/site-packages/a2a/server/request_handlers/default_request_handler.py", line 196, in _run_event_stream
    await self.agent_executor.execute(request, queue)
  File "/home/wjt/CardDiffBench_official_a2a_main_20260712/harness/transfer/official_a2a_peer.py", line 77, in execute
    artifact = self.env._response_artifact(body=body, identity=identity, scopes=scopes,
  File "/home/wjt/CardDiffBench_official_a2a_main_20260712/harness/downstream/impact_env.py", line 353, in _response_artifact
    raise RuntimeError(f"protocol adapter {version} could not encode the worker result")
RuntimeError: protocol adapter 1.0-primary could not encode the worker result
Unhandled exception
Traceback (most recent call last):
  File "/home/wjt/CardDiffBench_official_a2a_main_20260712/sut/transfer/official_a2a_protocol.py", line 27, in run_async
    asyncio.get_running_loop()
RuntimeError: no running event loop

During handling of the above exception, another exception occurred:

Traceback (most recent call last):
  File "/home/wjt/CardDiffBench_official_a2a_main_20260712/.venv/lib/python3.10/site-packages/a2a/server/apps/jsonrpc/jsonrpc_app.py", line 384, in _handle_requests
    return await self._process_non_streaming_request(
  File "/home/wjt/CardDiffBench_official_a2a_main_20260712/.venv/lib/python3.10/site-packages/a2a/server/apps/jsonrpc/jsonrpc_app.py", line 464, in _process_non_streaming_request
    handler_result = await self.handler.on_message_send(
  File "/home/wjt/CardDiffBench_official_a2a_main_20260712/.venv/lib/python3.10/site-packages/a2a/utils/telemetry.py", line 228, in async_wrapper
    result = await func(*args, **kwargs)
  File "/home/wjt/CardDiffBench_official_a2a_main_20260712/.venv/lib/python3.10/site-packages/a2a/server/request_handlers/jsonrpc_handler.py", line 107, in on_message_send
    task_or_message = await self.request_handler.on_message_send(
  File "/home/wjt/CardDiffBench_official_a2a_main_20260712/.venv/lib/python3.10/site-packages/a2a/utils/telemetry.py", line 228, in async_wrapper
    result = await func(*args, **kwargs)
  File "/home/wjt/CardDiffBench_official_a2a_main_20260712/.venv/lib/python3.10/site-packages/a2a/server/request_handlers/default_request_handler.py", line 348, in on_message_send
    await self._cleanup_producer(producer_task, task_id)
  File "/home/wjt/CardDiffBench_official_a2a_main_20260712/.venv/lib/python3.10/site-packages/a2a/utils/telemetry.py", line 228, in async_wrapper
    result = await func(*args, **kwargs)
  File "/home/wjt/CardDiffBench_official_a2a_main_20260712/.venv/lib/python3.10/site-packages/a2a/server/request_handlers/default_request_handler.py", line 445, in _cleanup_producer
    await producer_task
  File "/home/wjt/CardDiffBench_official_a2a_main_20260712/.venv/lib/python3.10/site-packages/a2a/utils/telemetry.py", line 228, in async_wrapper
    result = await func(*args, **kwargs)
  File "/home/wjt/CardDiffBench_official_a2a_main_20260712/.venv/lib/python3.10/site-packages/a2a/server/request_handlers/default_request_handler.py", line 196, in _run_event_stream
    await self.agent_executor.execute(request, queue)
  File "/home/wjt/CardDiffBench_official_a2a_main_20260712/harness/transfer/official_a2a_peer.py", line 77, in execute
    artifact = self.env._response_artifact(body=body, identity=identity, scopes=scopes,
  File "/home/wjt/CardDiffBench_official_a2a_main_20260712/harness/downstream/impact_env.py", line 353, in _response_artifact
    raise RuntimeError(f"protocol adapter {version} could not encode the worker result")
RuntimeError: protocol adapter 1.0-primary could not encode the worker result
Request Error (ID: d7a35c21-c3b5-4c92-b727-cc26bddcd8a9): Code=-32603, Message='protocol adapter 1.0-primary could not encode the worker result'
Agent execution failed
Traceback (most recent call last):
  File "/home/wjt/CardDiffBench_official_a2a_main_20260712/sut/transfer/official_a2a_protocol.py", line 27, in run_async
    asyncio.get_running_loop()
RuntimeError: no running event loop

During handling of the above exception, another exception occurred:

Traceback (most recent call last):
  File "/home/wjt/CardDiffBench_official_a2a_main_20260712/.venv/lib/python3.10/site-packages/a2a/server/request_handlers/default_request_handler.py", line 326, in on_message_send
    ) = await result_aggregator.consume_and_break_on_interrupt(
  File "/home/wjt/CardDiffBench_official_a2a_main_20260712/.venv/lib/python3.10/site-packages/a2a/server/tasks/result_aggregator.py", line 135, in consume_and_break_on_interrupt
    async for event in event_stream:
  File "/home/wjt/CardDiffBench_official_a2a_main_20260712/.venv/lib/python3.10/site-packages/a2a/server/events/event_consumer.py", line 87, in consume_all
    raise self._exception
  File "/home/wjt/CardDiffBench_official_a2a_main_20260712/.venv/lib/python3.10/site-packages/a2a/utils/telemetry.py", line 228, in async_wrapper
    result = await func(*args, **kwargs)
  File "/home/wjt/CardDiffBench_official_a2a_main_20260712/.venv/lib/python3.10/site-packages/a2a/server/request_handlers/default_request_handler.py", line 196, in _run_event_stream
    await self.agent_executor.execute(request, queue)
  File "/home/wjt/CardDiffBench_official_a2a_main_20260712/harness/transfer/official_a2a_peer.py", line 77, in execute
    artifact = self.env._response_artifact(body=body, identity=identity, scopes=scopes,
  File "/home/wjt/CardDiffBench_official_a2a_main_20260712/harness/downstream/impact_env.py", line 353, in _response_artifact
    raise RuntimeError(f"protocol adapter {version} could not encode the worker result")
RuntimeError: protocol adapter 1.0-primary could not encode the worker result
Unhandled exception
Traceback (most recent call last):
  File "/home/wjt/CardDiffBench_official_a2a_main_20260712/sut/transfer/official_a2a_protocol.py", line 27, in run_async
    asyncio.get_running_loop()
RuntimeError: no running event loop

During handling of the above exception, another exception occurred:

Traceback (most recent call last):
  File "/home/wjt/CardDiffBench_official_a2a_main_20260712/.venv/lib/python3.10/site-packages/a2a/server/apps/jsonrpc/jsonrpc_app.py", line 384, in _handle_requests
    return await self._process_non_streaming_request(
  File "/home/wjt/CardDiffBench_official_a2a_main_20260712/.venv/lib/python3.10/site-packages/a2a/server/apps/jsonrpc/jsonrpc_app.py", line 464, in _process_non_streaming_request
    handler_result = await self.handler.on_message_send(
  File "/home/wjt/CardDiffBench_official_a2a_main_20260712/.venv/lib/python3.10/site-packages/a2a/utils/telemetry.py", line 228, in async_wrapper
    result = await func(*args, **kwargs)
  File "/home/wjt/CardDiffBench_official_a2a_main_20260712/.venv/lib/python3.10/site-packages/a2a/server/request_handlers/jsonrpc_handler.py", line 107, in on_message_send
    task_or_message = await self.request_handler.on_message_send(
  File "/home/wjt/CardDiffBench_official_a2a_main_20260712/.venv/lib/python3.10/site-packages/a2a/utils/telemetry.py", line 228, in async_wrapper
    result = await func(*args, **kwargs)
  File "/home/wjt/CardDiffBench_official_a2a_main_20260712/.venv/lib/python3.10/site-packages/a2a/server/request_handlers/default_request_handler.py", line 348, in on_message_send
    await self._cleanup_producer(producer_task, task_id)
  File "/home/wjt/CardDiffBench_official_a2a_main_20260712/.venv/lib/python3.10/site-packages/a2a/utils/telemetry.py", line 228, in async_wrapper
    result = await func(*args, **kwargs)
  File "/home/wjt/CardDiffBench_official_a2a_main_20260712/.venv/lib/python3.10/site-packages/a2a/server/request_handlers/default_request_handler.py", line 445, in _cleanup_producer
    await producer_task
  File "/home/wjt/CardDiffBench_official_a2a_main_20260712/.venv/lib/python3.10/site-packages/a2a/utils/telemetry.py", line 228, in async_wrapper
    result = await func(*args, **kwargs)
  File "/home/wjt/CardDiffBench_official_a2a_main_20260712/.venv/lib/python3.10/site-packages/a2a/server/request_handlers/default_request_handler.py", line 196, in _run_event_stream
    await self.agent_executor.execute(request, queue)
  File "/home/wjt/CardDiffBench_official_a2a_main_20260712/harness/transfer/official_a2a_peer.py", line 77, in execute
    artifact = self.env._response_artifact(body=body, identity=identity, scopes=scopes,
  File "/home/wjt/CardDiffBench_official_a2a_main_20260712/harness/downstream/impact_env.py", line 353, in _response_artifact
    raise RuntimeError(f"protocol adapter {version} could not encode the worker result")
RuntimeError: protocol adapter 1.0-primary could not encode the worker result
Request Error (ID: 9d0dfa7e-53a5-4334-a1f6-b09d5da56b1e): Code=-32603, Message='protocol adapter 1.0-primary could not encode the worker result'
Agent execution failed
Traceback (most recent call last):
  File "/home/wjt/CardDiffBench_official_a2a_main_20260712/sut/transfer/official_a2a_protocol.py", line 27, in run_async
    asyncio.get_running_loop()
RuntimeError: no running event loop

During handling of the above exception, another exception occurred:

Traceback (most recent call last):
  File "/home/wjt/CardDiffBench_official_a2a_main_20260712/.venv/lib/python3.10/site-packages/a2a/server/request_handlers/default_request_handler.py", line 326, in on_message_send
    ) = await result_aggregator.consume_and_break_on_interrupt(
  File "/home/wjt/CardDiffBench_official_a2a_main_20260712/.venv/lib/python3.10/site-packages/a2a/server/tasks/result_aggregator.py", line 135, in consume_and_break_on_interrupt
    async for event in event_stream:
  File "/home/wjt/CardDiffBench_official_a2a_main_20260712/.venv/lib/python3.10/site-packages/a2a/server/events/event_consumer.py", line 87, in consume_all
    raise self._exception
  File "/home/wjt/CardDiffBench_official_a2a_main_20260712/.venv/lib/python3.10/site-packages/a2a/utils/telemetry.py", line 228, in async_wrapper
    result = await func(*args, **kwargs)
  File "/home/wjt/CardDiffBench_official_a2a_main_20260712/.venv/lib/python3.10/site-packages/a2a/server/request_handlers/default_request_handler.py", line 196, in _run_event_stream
    await self.agent_executor.execute(request, queue)
  File "/home/wjt/CardDiffBench_official_a2a_main_20260712/harness/transfer/official_a2a_peer.py", line 77, in execute
    artifact = self.env._response_artifact(body=body, identity=identity, scopes=scopes,
  File "/home/wjt/CardDiffBench_official_a2a_main_20260712/harness/downstream/impact_env.py", line 353, in _response_artifact
    raise RuntimeError(f"protocol adapter {version} could not encode the worker result")
RuntimeError: protocol adapter 1.0-primary could not encode the worker result
Unhandled exception
Traceback (most recent call last):
  File "/home/wjt/CardDiffBench_official_a2a_main_20260712/sut/transfer/official_a2a_protocol.py", line 27, in run_async
    asyncio.get_running_loop()
RuntimeError: no running event loop

During handling of the above exception, another exception occurred:

Traceback (most recent call last):
  File "/home/wjt/CardDiffBench_official_a2a_main_20260712/.venv/lib/python3.10/site-packages/a2a/server/apps/jsonrpc/jsonrpc_app.py", line 384, in _handle_requests
    return await self._process_non_streaming_request(
  File "/home/wjt/CardDiffBench_official_a2a_main_20260712/.venv/lib/python3.10/site-packages/a2a/server/apps/jsonrpc/jsonrpc_app.py", line 464, in _process_non_streaming_request
    handler_result = await self.handler.on_message_send(
  File "/home/wjt/CardDiffBench_official_a2a_main_20260712/.venv/lib/python3.10/site-packages/a2a/utils/telemetry.py", line 228, in async_wrapper
    result = await func(*args, **kwargs)
  File "/home/wjt/CardDiffBench_official_a2a_main_20260712/.venv/lib/python3.10/site-packages/a2a/server/request_handlers/jsonrpc_handler.py", line 107, in on_message_send
    task_or_message = await self.request_handler.on_message_send(
  File "/home/wjt/CardDiffBench_official_a2a_main_20260712/.venv/lib/python3.10/site-packages/a2a/utils/telemetry.py", line 228, in async_wrapper
    result = await func(*args, **kwargs)
  File "/home/wjt/CardDiffBench_official_a2a_main_20260712/.venv/lib/python3.10/site-packages/a2a/server/request_handlers/default_request_handler.py", line 348, in on_message_send
    await self._cleanup_producer(producer_task, task_id)
  File "/home/wjt/CardDiffBench_official_a2a_main_20260712/.venv/lib/python3.10/site-packages/a2a/utils/telemetry.py", line 228, in async_wrapper
    result = await func(*args, **kwargs)
  File "/home/wjt/CardDiffBench_official_a2a_main_20260712/.venv/lib/python3.10/site-packages/a2a/server/request_handlers/default_request_handler.py", line 445, in _cleanup_producer
    await producer_task
  File "/home/wjt/CardDiffBench_official_a2a_main_20260712/.venv/lib/python3.10/site-packages/a2a/utils/telemetry.py", line 228, in async_wrapper
    result = await func(*args, **kwargs)
  File "/home/wjt/CardDiffBench_official_a2a_main_20260712/.venv/lib/python3.10/site-packages/a2a/server/request_handlers/default_request_handler.py", line 196, in _run_event_stream
    await self.agent_executor.execute(request, queue)
  File "/home/wjt/CardDiffBench_official_a2a_main_20260712/harness/transfer/official_a2a_peer.py", line 77, in execute
    artifact = self.env._response_artifact(body=body, identity=identity, scopes=scopes,
  File "/home/wjt/CardDiffBench_official_a2a_main_20260712/harness/downstream/impact_env.py", line 353, in _response_artifact
    raise RuntimeError(f"protocol adapter {version} could not encode the worker result")
RuntimeError: protocol adapter 1.0-primary could not encode the worker result
Request Error (ID: 1efc1f1a-926b-449f-9da4-7f3e48e995b2): Code=-32603, Message='protocol adapter 1.0-primary could not encode the worker result'
Agent execution failed
Traceback (most recent call last):
  File "/home/wjt/CardDiffBench_official_a2a_main_20260712/sut/transfer/official_a2a_protocol.py", line 27, in run_async
    asyncio.get_running_loop()
RuntimeError: no running event loop

During handling of the above exception, another exception occurred:

Traceback (most recent call last):
  File "/home/wjt/CardDiffBench_official_a2a_main_20260712/.venv/lib/python3.10/site-packages/a2a/server/request_handlers/default_request_handler.py", line 326, in on_message_send
    ) = await result_aggregator.consume_and_break_on_interrupt(
  File "/home/wjt/CardDiffBench_official_a2a_main_20260712/.venv/lib/python3.10/site-packages/a2a/server/tasks/result_aggregator.py", line 135, in consume_and_break_on_interrupt
    async for event in event_stream:
  File "/home/wjt/CardDiffBench_official_a2a_main_20260712/.venv/lib/python3.10/site-packages/a2a/server/events/event_consumer.py", line 87, in consume_all
    raise self._exception
  File "/home/wjt/CardDiffBench_official_a2a_main_20260712/.venv/lib/python3.10/site-packages/a2a/utils/telemetry.py", line 228, in async_wrapper
    result = await func(*args, **kwargs)
  File "/home/wjt/CardDiffBench_official_a2a_main_20260712/.venv/lib/python3.10/site-packages/a2a/server/request_handlers/default_request_handler.py", line 196, in _run_event_stream
    await self.agent_executor.execute(request, queue)
  File "/home/wjt/CardDiffBench_official_a2a_main_20260712/harness/transfer/official_a2a_peer.py", line 77, in execute
    artifact = self.env._response_artifact(body=body, identity=identity, scopes=scopes,
  File "/home/wjt/CardDiffBench_official_a2a_main_20260712/harness/downstream/impact_env.py", line 353, in _response_artifact
    raise RuntimeError(f"protocol adapter {version} could not encode the worker result")
RuntimeError: protocol adapter 1.0-primary could not encode the worker result
Unhandled exception
Traceback (most recent call last):
  File "/home/wjt/CardDiffBench_official_a2a_main_20260712/sut/transfer/official_a2a_protocol.py", line 27, in run_async
    asyncio.get_running_loop()
RuntimeError: no running event loop

During handling of the above exception, another exception occurred:

Traceback (most recent call last):
  File "/home/wjt/CardDiffBench_official_a2a_main_20260712/.venv/lib/python3.10/site-packages/a2a/server/apps/jsonrpc/jsonrpc_app.py", line 384, in _handle_requests
    return await self._process_non_streaming_request(
  File "/home/wjt/CardDiffBench_official_a2a_main_20260712/.venv/lib/python3.10/site-packages/a2a/server/apps/jsonrpc/jsonrpc_app.py", line 464, in _process_non_streaming_request
    handler_result = await self.handler.on_message_send(
  File "/home/wjt/CardDiffBench_official_a2a_main_20260712/.venv/lib/python3.10/site-packages/a2a/utils/telemetry.py", line 228, in async_wrapper
    result = await func(*args, **kwargs)
  File "/home/wjt/CardDiffBench_official_a2a_main_20260712/.venv/lib/python3.10/site-packages/a2a/server/request_handlers/jsonrpc_handler.py", line 107, in on_message_send
    task_or_message = await self.request_handler.on_message_send(
  File "/home/wjt/CardDiffBench_official_a2a_main_20260712/.venv/lib/python3.10/site-packages/a2a/utils/telemetry.py", line 228, in async_wrapper
    result = await func(*args, **kwargs)
  File "/home/wjt/CardDiffBench_official_a2a_main_20260712/.venv/lib/python3.10/site-packages/a2a/server/request_handlers/default_request_handler.py", line 348, in on_message_send
    await self._cleanup_producer(producer_task, task_id)
  File "/home/wjt/CardDiffBench_official_a2a_main_20260712/.venv/lib/python3.10/site-packages/a2a/utils/telemetry.py", line 228, in async_wrapper
    result = await func(*args, **kwargs)
  File "/home/wjt/CardDiffBench_official_a2a_main_20260712/.venv/lib/python3.10/site-packages/a2a/server/request_handlers/default_request_handler.py", line 445, in _cleanup_producer
    await producer_task
  File "/home/wjt/CardDiffBench_official_a2a_main_20260712/.venv/lib/python3.10/site-packages/a2a/utils/telemetry.py", line 228, in async_wrapper
    result = await func(*args, **kwargs)
  File "/home/wjt/CardDiffBench_official_a2a_main_20260712/.venv/lib/python3.10/site-packages/a2a/server/request_handlers/default_request_handler.py", line 196, in _run_event_stream
    await self.agent_executor.execute(request, queue)
  File "/home/wjt/CardDiffBench_official_a2a_main_20260712/harness/transfer/official_a2a_peer.py", line 77, in execute
    artifact = self.env._response_artifact(body=body, identity=identity, scopes=scopes,
  File "/home/wjt/CardDiffBench_official_a2a_main_20260712/harness/downstream/impact_env.py", line 353, in _response_artifact
    raise RuntimeError(f"protocol adapter {version} could not encode the worker result")
RuntimeError: protocol adapter 1.0-primary could not encode the worker result
Request Error (ID: 186e66bb-3040-4805-b4b9-675243db5a85): Code=-32603, Message='protocol adapter 1.0-primary could not encode the worker result'
Agent execution failed
Traceback (most recent call last):
  File "/home/wjt/CardDiffBench_official_a2a_main_20260712/sut/transfer/official_a2a_protocol.py", line 27, in run_async
    asyncio.get_running_loop()
RuntimeError: no running event loop

During handling of the above exception, another exception occurred:

Traceback (most recent call last):
  File "/home/wjt/CardDiffBench_official_a2a_main_20260712/.venv/lib/python3.10/site-packages/a2a/server/request_handlers/default_request_handler.py", line 326, in on_message_send
    ) = await result_aggregator.consume_and_break_on_interrupt(
  File "/home/wjt/CardDiffBench_official_a2a_main_20260712/.venv/lib/python3.10/site-packages/a2a/server/tasks/result_aggregator.py", line 135, in consume_and_break_on_interrupt
    async for event in event_stream:
  File "/home/wjt/CardDiffBench_official_a2a_main_20260712/.venv/lib/python3.10/site-packages/a2a/server/events/event_consumer.py", line 87, in consume_all
    raise self._exception
  File "/home/wjt/CardDiffBench_official_a2a_main_20260712/.venv/lib/python3.10/site-packages/a2a/utils/telemetry.py", line 228, in async_wrapper
    result = await func(*args, **kwargs)
  File "/home/wjt/CardDiffBench_official_a2a_main_20260712/.venv/lib/python3.10/site-packages/a2a/server/request_handlers/default_request_handler.py", line 196, in _run_event_stream
    await self.agent_executor.execute(request, queue)
  File "/home/wjt/CardDiffBench_official_a2a_main_20260712/harness/transfer/official_a2a_peer.py", line 77, in execute
    artifact = self.env._response_artifact(body=body, identity=identity, scopes=scopes,
  File "/home/wjt/CardDiffBench_official_a2a_main_20260712/harness/downstream/impact_env.py", line 353, in _response_artifact
    raise RuntimeError(f"protocol adapter {version} could not encode the worker result")
RuntimeError: protocol adapter 1.0-primary could not encode the worker result
Unhandled exception
Traceback (most recent call last):
  File "/home/wjt/CardDiffBench_official_a2a_main_20260712/sut/transfer/official_a2a_protocol.py", line 27, in run_async
    asyncio.get_running_loop()
RuntimeError: no running event loop

During handling of the above exception, another exception occurred:

Traceback (most recent call last):
  File "/home/wjt/CardDiffBench_official_a2a_main_20260712/.venv/lib/python3.10/site-packages/a2a/server/apps/jsonrpc/jsonrpc_app.py", line 384, in _handle_requests
    return await self._process_non_streaming_request(
  File "/home/wjt/CardDiffBench_official_a2a_main_20260712/.venv/lib/python3.10/site-packages/a2a/server/apps/jsonrpc/jsonrpc_app.py", line 464, in _process_non_streaming_request
    handler_result = await self.handler.on_message_send(
  File "/home/wjt/CardDiffBench_official_a2a_main_20260712/.venv/lib/python3.10/site-packages/a2a/utils/telemetry.py", line 228, in async_wrapper
    result = await func(*args, **kwargs)
  File "/home/wjt/CardDiffBench_official_a2a_main_20260712/.venv/lib/python3.10/site-packages/a2a/server/request_handlers/jsonrpc_handler.py", line 107, in on_message_send
    task_or_message = await self.request_handler.on_message_send(
  File "/home/wjt/CardDiffBench_official_a2a_main_20260712/.venv/lib/python3.10/site-packages/a2a/utils/telemetry.py", line 228, in async_wrapper
    result = await func(*args, **kwargs)
  File "/home/wjt/CardDiffBench_official_a2a_main_20260712/.venv/lib/python3.10/site-packages/a2a/server/request_handlers/default_request_handler.py", line 348, in on_message_send
    await self._cleanup_producer(producer_task, task_id)
  File "/home/wjt/CardDiffBench_official_a2a_main_20260712/.venv/lib/python3.10/site-packages/a2a/utils/telemetry.py", line 228, in async_wrapper
    result = await func(*args, **kwargs)
  File "/home/wjt/CardDiffBench_official_a2a_main_20260712/.venv/lib/python3.10/site-packages/a2a/server/request_handlers/default_request_handler.py", line 445, in _cleanup_producer
    await producer_task
  File "/home/wjt/CardDiffBench_official_a2a_main_20260712/.venv/lib/python3.10/site-packages/a2a/utils/telemetry.py", line 228, in async_wrapper
    result = await func(*args, **kwargs)
  File "/home/wjt/CardDiffBench_official_a2a_main_20260712/.venv/lib/python3.10/site-packages/a2a/server/request_handlers/default_request_handler.py", line 196, in _run_event_stream
    await self.agent_executor.execute(request, queue)
  File "/home/wjt/CardDiffBench_official_a2a_main_20260712/harness/transfer/official_a2a_peer.py", line 77, in execute
    artifact = self.env._response_artifact(body=body, identity=identity, scopes=scopes,
  File "/home/wjt/CardDiffBench_official_a2a_main_20260712/harness/downstream/impact_env.py", line 353, in _response_artifact
    raise RuntimeError(f"protocol adapter {version} could not encode the worker result")
RuntimeError: protocol adapter 1.0-primary could not encode the worker result
Request Error (ID: c7a125dd-88d4-4633-b55d-6dab6433df65): Code=-32603, Message='protocol adapter 1.0-primary could not encode the worker result'
Agent execution failed
Traceback (most recent call last):
  File "/home/wjt/CardDiffBench_official_a2a_main_20260712/sut/transfer/official_a2a_protocol.py", line 27, in run_async
    asyncio.get_running_loop()
RuntimeError: no running event loop

During handling of the above exception, another exception occurred:

Traceback (most recent call last):
  File "/home/wjt/CardDiffBench_official_a2a_main_20260712/.venv/lib/python3.10/site-packages/a2a/server/request_handlers/default_request_handler.py", line 326, in on_message_send
    ) = await result_aggregator.consume_and_break_on_interrupt(
  File "/home/wjt/CardDiffBench_official_a2a_main_20260712/.venv/lib/python3.10/site-packages/a2a/server/tasks/result_aggregator.py", line 135, in consume_and_break_on_interrupt
    async for event in event_stream:
  File "/home/wjt/CardDiffBench_official_a2a_main_20260712/.venv/lib/python3.10/site-packages/a2a/server/events/event_consumer.py", line 87, in consume_all
    raise self._exception
  File "/home/wjt/CardDiffBench_official_a2a_main_20260712/.venv/lib/python3.10/site-packages/a2a/utils/telemetry.py", line 228, in async_wrapper
    result = await func(*args, **kwargs)
  File "/home/wjt/CardDiffBench_official_a2a_main_20260712/.venv/lib/python3.10/site-packages/a2a/server/request_handlers/default_request_handler.py", line 196, in _run_event_stream
    await self.agent_executor.execute(request, queue)
  File "/home/wjt/CardDiffBench_official_a2a_main_20260712/harness/transfer/official_a2a_peer.py", line 77, in execute
    artifact = self.env._response_artifact(body=body, identity=identity, scopes=scopes,
  File "/home/wjt/CardDiffBench_official_a2a_main_20260712/harness/downstream/impact_env.py", line 353, in _response_artifact
    raise RuntimeError(f"protocol adapter {version} could not encode the worker result")
RuntimeError: protocol adapter 1.0-primary could not encode the worker result
Unhandled exception
Traceback (most recent call last):
  File "/home/wjt/CardDiffBench_official_a2a_main_20260712/sut/transfer/official_a2a_protocol.py", line 27, in run_async
    asyncio.get_running_loop()
RuntimeError: no running event loop

During handling of the above exception, another exception occurred:

Traceback (most recent call last):
  File "/home/wjt/CardDiffBench_official_a2a_main_20260712/.venv/lib/python3.10/site-packages/a2a/server/apps/jsonrpc/jsonrpc_app.py", line 384, in _handle_requests
    return await self._process_non_streaming_request(
  File "/home/wjt/CardDiffBench_official_a2a_main_20260712/.venv/lib/python3.10/site-packages/a2a/server/apps/jsonrpc/jsonrpc_app.py", line 464, in _process_non_streaming_request
    handler_result = await self.handler.on_message_send(
  File "/home/wjt/CardDiffBench_official_a2a_main_20260712/.venv/lib/python3.10/site-packages/a2a/utils/telemetry.py", line 228, in async_wrapper
    result = await func(*args, **kwargs)
  File "/home/wjt/CardDiffBench_official_a2a_main_20260712/.venv/lib/python3.10/site-packages/a2a/server/request_handlers/jsonrpc_handler.py", line 107, in on_message_send
    task_or_message = await self.request_handler.on_message_send(
  File "/home/wjt/CardDiffBench_official_a2a_main_20260712/.venv/lib/python3.10/site-packages/a2a/utils/telemetry.py", line 228, in async_wrapper
    result = await func(*args, **kwargs)
  File "/home/wjt/CardDiffBench_official_a2a_main_20260712/.venv/lib/python3.10/site-packages/a2a/server/request_handlers/default_request_handler.py", line 348, in on_message_send
    await self._cleanup_producer(producer_task, task_id)
  File "/home/wjt/CardDiffBench_official_a2a_main_20260712/.venv/lib/python3.10/site-packages/a2a/utils/telemetry.py", line 228, in async_wrapper
    result = await func(*args, **kwargs)
  File "/home/wjt/CardDiffBench_official_a2a_main_20260712/.venv/lib/python3.10/site-packages/a2a/server/request_handlers/default_request_handler.py", line 445, in _cleanup_producer
    await producer_task
  File "/home/wjt/CardDiffBench_official_a2a_main_20260712/.venv/lib/python3.10/site-packages/a2a/utils/telemetry.py", line 228, in async_wrapper
    result = await func(*args, **kwargs)
  File "/home/wjt/CardDiffBench_official_a2a_main_20260712/.venv/lib/python3.10/site-packages/a2a/server/request_handlers/default_request_handler.py", line 196, in _run_event_stream
    await self.agent_executor.execute(request, queue)
  File "/home/wjt/CardDiffBench_official_a2a_main_20260712/harness/transfer/official_a2a_peer.py", line 77, in execute
    artifact = self.env._response_artifact(body=body, identity=identity, scopes=scopes,
  File "/home/wjt/CardDiffBench_official_a2a_main_20260712/harness/downstream/impact_env.py", line 353, in _response_artifact
    raise RuntimeError(f"protocol adapter {version} could not encode the worker result")
RuntimeError: protocol adapter 1.0-primary could not encode the worker result
Request Error (ID: f769f27b-413c-4767-9de0-b21c1cd862cb): Code=-32603, Message='protocol adapter 1.0-primary could not encode the worker result'
Agent execution failed
Traceback (most recent call last):
  File "/home/wjt/CardDiffBench_official_a2a_main_20260712/sut/transfer/official_a2a_protocol.py", line 27, in run_async
    asyncio.get_running_loop()
RuntimeError: no running event loop

During handling of the above exception, another exception occurred:

Traceback (most recent call last):
  File "/home/wjt/CardDiffBench_official_a2a_main_20260712/.venv/lib/python3.10/site-packages/a2a/server/request_handlers/default_request_handler.py", line 326, in on_message_send
    ) = await result_aggregator.consume_and_break_on_interrupt(
  File "/home/wjt/CardDiffBench_official_a2a_main_20260712/.venv/lib/python3.10/site-packages/a2a/server/tasks/result_aggregator.py", line 135, in consume_and_break_on_interrupt
    async for event in event_stream:
  File "/home/wjt/CardDiffBench_official_a2a_main_20260712/.venv/lib/python3.10/site-packages/a2a/server/events/event_consumer.py", line 87, in consume_all
    raise self._exception
  File "/home/wjt/CardDiffBench_official_a2a_main_20260712/.venv/lib/python3.10/site-packages/a2a/utils/telemetry.py", line 228, in async_wrapper
    result = await func(*args, **kwargs)
  File "/home/wjt/CardDiffBench_official_a2a_main_20260712/.venv/lib/python3.10/site-packages/a2a/server/request_handlers/default_request_handler.py", line 196, in _run_event_stream
    await self.agent_executor.execute(request, queue)
  File "/home/wjt/CardDiffBench_official_a2a_main_20260712/harness/transfer/official_a2a_peer.py", line 77, in execute
    artifact = self.env._response_artifact(body=body, identity=identity, scopes=scopes,
  File "/home/wjt/CardDiffBench_official_a2a_main_20260712/harness/downstream/impact_env.py", line 353, in _response_artifact
    raise RuntimeError(f"protocol adapter {version} could not encode the worker result")
RuntimeError: protocol adapter 1.0-primary could not encode the worker result
Unhandled exception
Traceback (most recent call last):
  File "/home/wjt/CardDiffBench_official_a2a_main_20260712/sut/transfer/official_a2a_protocol.py", line 27, in run_async
    asyncio.get_running_loop()
RuntimeError: no running event loop

During handling of the above exception, another exception occurred:

Traceback (most recent call last):
  File "/home/wjt/CardDiffBench_official_a2a_main_20260712/.venv/lib/python3.10/site-packages/a2a/server/apps/jsonrpc/jsonrpc_app.py", line 384, in _handle_requests
    return await self._process_non_streaming_request(
  File "/home/wjt/CardDiffBench_official_a2a_main_20260712/.venv/lib/python3.10/site-packages/a2a/server/apps/jsonrpc/jsonrpc_app.py", line 464, in _process_non_streaming_request
    handler_result = await self.handler.on_message_send(
  File "/home/wjt/CardDiffBench_official_a2a_main_20260712/.venv/lib/python3.10/site-packages/a2a/utils/telemetry.py", line 228, in async_wrapper
    result = await func(*args, **kwargs)
  File "/home/wjt/CardDiffBench_official_a2a_main_20260712/.venv/lib/python3.10/site-packages/a2a/server/request_handlers/jsonrpc_handler.py", line 107, in on_message_send
    task_or_message = await self.request_handler.on_message_send(
  File "/home/wjt/CardDiffBench_official_a2a_main_20260712/.venv/lib/python3.10/site-packages/a2a/utils/telemetry.py", line 228, in async_wrapper
    result = await func(*args, **kwargs)
  File "/home/wjt/CardDiffBench_official_a2a_main_20260712/.venv/lib/python3.10/site-packages/a2a/server/request_handlers/default_request_handler.py", line 348, in on_message_send
    await self._cleanup_producer(producer_task, task_id)
  File "/home/wjt/CardDiffBench_official_a2a_main_20260712/.venv/lib/python3.10/site-packages/a2a/utils/telemetry.py", line 228, in async_wrapper
    result = await func(*args, **kwargs)
  File "/home/wjt/CardDiffBench_official_a2a_main_20260712/.venv/lib/python3.10/site-packages/a2a/server/request_handlers/default_request_handler.py", line 445, in _cleanup_producer
    await producer_task
  File "/home/wjt/CardDiffBench_official_a2a_main_20260712/.venv/lib/python3.10/site-packages/a2a/utils/telemetry.py", line 228, in async_wrapper
    result = await func(*args, **kwargs)
  File "/home/wjt/CardDiffBench_official_a2a_main_20260712/.venv/lib/python3.10/site-packages/a2a/server/request_handlers/default_request_handler.py", line 196, in _run_event_stream
    await self.agent_executor.execute(request, queue)
  File "/home/wjt/CardDiffBench_official_a2a_main_20260712/harness/transfer/official_a2a_peer.py", line 77, in execute
    artifact = self.env._response_artifact(body=body, identity=identity, scopes=scopes,
  File "/home/wjt/CardDiffBench_official_a2a_main_20260712/harness/downstream/impact_env.py", line 353, in _response_artifact
    raise RuntimeError(f"protocol adapter {version} could not encode the worker result")
RuntimeError: protocol adapter 1.0-primary could not encode the worker result
Request Error (ID: 46f3e5f0-3dd7-4aff-a4c5-821057378767): Code=-32603, Message='protocol adapter 1.0-primary could not encode the worker result'
Agent execution failed
Traceback (most recent call last):
  File "/home/wjt/CardDiffBench_official_a2a_main_20260712/sut/transfer/official_a2a_protocol.py", line 27, in run_async
    asyncio.get_running_loop()
RuntimeError: no running event loop

During handling of the above exception, another exception occurred:

Traceback (most recent call last):
  File "/home/wjt/CardDiffBench_official_a2a_main_20260712/.venv/lib/python3.10/site-packages/a2a/server/request_handlers/default_request_handler.py", line 326, in on_message_send
    ) = await result_aggregator.consume_and_break_on_interrupt(
  File "/home/wjt/CardDiffBench_official_a2a_main_20260712/.venv/lib/python3.10/site-packages/a2a/server/tasks/result_aggregator.py", line 135, in consume_and_break_on_interrupt
    async for event in event_stream:
  File "/home/wjt/CardDiffBench_official_a2a_main_20260712/.venv/lib/python3.10/site-packages/a2a/server/events/event_consumer.py", line 87, in consume_all
    raise self._exception
  File "/home/wjt/CardDiffBench_official_a2a_main_20260712/.venv/lib/python3.10/site-packages/a2a/utils/telemetry.py", line 228, in async_wrapper
    result = await func(*args, **kwargs)
  File "/home/wjt/CardDiffBench_official_a2a_main_20260712/.venv/lib/python3.10/site-packages/a2a/server/request_handlers/default_request_handler.py", line 196, in _run_event_stream
    await self.agent_executor.execute(request, queue)
  File "/home/wjt/CardDiffBench_official_a2a_main_20260712/harness/transfer/official_a2a_peer.py", line 77, in execute
    artifact = self.env._response_artifact(body=body, identity=identity, scopes=scopes,
  File "/home/wjt/CardDiffBench_official_a2a_main_20260712/harness/downstream/impact_env.py", line 353, in _response_artifact
    raise RuntimeError(f"protocol adapter {version} could not encode the worker result")
RuntimeError: protocol adapter 1.0-primary could not encode the worker result
Unhandled exception
Traceback (most recent call last):
  File "/home/wjt/CardDiffBench_official_a2a_main_20260712/sut/transfer/official_a2a_protocol.py", line 27, in run_async
    asyncio.get_running_loop()
RuntimeError: no running event loop

During handling of the above exception, another exception occurred:

Traceback (most recent call last):
  File "/home/wjt/CardDiffBench_official_a2a_main_20260712/.venv/lib/python3.10/site-packages/a2a/server/apps/jsonrpc/jsonrpc_app.py", line 384, in _handle_requests
    return await self._process_non_streaming_request(
  File "/home/wjt/CardDiffBench_official_a2a_main_20260712/.venv/lib/python3.10/site-packages/a2a/server/apps/jsonrpc/jsonrpc_app.py", line 464, in _process_non_streaming_request
    handler_result = await self.handler.on_message_send(
  File "/home/wjt/CardDiffBench_official_a2a_main_20260712/.venv/lib/python3.10/site-packages/a2a/utils/telemetry.py", line 228, in async_wrapper
    result = await func(*args, **kwargs)
  File "/home/wjt/CardDiffBench_official_a2a_main_20260712/.venv/lib/python3.10/site-packages/a2a/server/request_handlers/jsonrpc_handler.py", line 107, in on_message_send
    task_or_message = await self.request_handler.on_message_send(
  File "/home/wjt/CardDiffBench_official_a2a_main_20260712/.venv/lib/python3.10/site-packages/a2a/utils/telemetry.py", line 228, in async_wrapper
    result = await func(*args, **kwargs)
  File "/home/wjt/CardDiffBench_official_a2a_main_20260712/.venv/lib/python3.10/site-packages/a2a/server/request_handlers/default_request_handler.py", line 348, in on_message_send
    await self._cleanup_producer(producer_task, task_id)
  File "/home/wjt/CardDiffBench_official_a2a_main_20260712/.venv/lib/python3.10/site-packages/a2a/utils/telemetry.py", line 228, in async_wrapper
    result = await func(*args, **kwargs)
  File "/home/wjt/CardDiffBench_official_a2a_main_20260712/.venv/lib/python3.10/site-packages/a2a/server/request_handlers/default_request_handler.py", line 445, in _cleanup_producer
    await producer_task
  File "/home/wjt/CardDiffBench_official_a2a_main_20260712/.venv/lib/python3.10/site-packages/a2a/utils/telemetry.py", line 228, in async_wrapper
    result = await func(*args, **kwargs)
  File "/home/wjt/CardDiffBench_official_a2a_main_20260712/.venv/lib/python3.10/site-packages/a2a/server/request_handlers/default_request_handler.py", line 196, in _run_event_stream
    await self.agent_executor.execute(request, queue)
  File "/home/wjt/CardDiffBench_official_a2a_main_20260712/harness/transfer/official_a2a_peer.py", line 77, in execute
    artifact = self.env._response_artifact(body=body, identity=identity, scopes=scopes,
  File "/home/wjt/CardDiffBench_official_a2a_main_20260712/harness/downstream/impact_env.py", line 353, in _response_artifact
    raise RuntimeError(f"protocol adapter {version} could not encode the worker result")
RuntimeError: protocol adapter 1.0-primary could not encode the worker result
Request Error (ID: a9159370-2d8d-41f3-81b6-b9ea51f9e6c1): Code=-32603, Message='protocol adapter 1.0-primary could not encode the worker result'
Agent execution failed
Traceback (most recent call last):
  File "/home/wjt/CardDiffBench_official_a2a_main_20260712/sut/transfer/official_a2a_protocol.py", line 27, in run_async
    asyncio.get_running_loop()
RuntimeError: no running event loop

During handling of the above exception, another exception occurred:

Traceback (most recent call last):
  File "/home/wjt/CardDiffBench_official_a2a_main_20260712/.venv/lib/python3.10/site-packages/a2a/server/request_handlers/default_request_handler.py", line 326, in on_message_send
    ) = await result_aggregator.consume_and_break_on_interrupt(
  File "/home/wjt/CardDiffBench_official_a2a_main_20260712/.venv/lib/python3.10/site-packages/a2a/server/tasks/result_aggregator.py", line 135, in consume_and_break_on_interrupt
    async for event in event_stream:
  File "/home/wjt/CardDiffBench_official_a2a_main_20260712/.venv/lib/python3.10/site-packages/a2a/server/events/event_consumer.py", line 87, in consume_all
    raise self._exception
  File "/home/wjt/CardDiffBench_official_a2a_main_20260712/.venv/lib/python3.10/site-packages/a2a/utils/telemetry.py", line 228, in async_wrapper
    result = await func(*args, **kwargs)
  File "/home/wjt/CardDiffBench_official_a2a_main_20260712/.venv/lib/python3.10/site-packages/a2a/server/request_handlers/default_request_handler.py", line 196, in _run_event_stream
    await self.agent_executor.execute(request, queue)
  File "/home/wjt/CardDiffBench_official_a2a_main_20260712/harness/transfer/official_a2a_peer.py", line 77, in execute
    artifact = self.env._response_artifact(body=body, identity=identity, scopes=scopes,
  File "/home/wjt/CardDiffBench_official_a2a_main_20260712/harness/downstream/impact_env.py", line 353, in _response_artifact
    raise RuntimeError(f"protocol adapter {version} could not encode the worker result")
RuntimeError: protocol adapter 1.0-primary could not encode the worker result
Unhandled exception
Traceback (most recent call last):
  File "/home/wjt/CardDiffBench_official_a2a_main_20260712/sut/transfer/official_a2a_protocol.py", line 27, in run_async
    asyncio.get_running_loop()
RuntimeError: no running event loop

During handling of the above exception, another exception occurred:

Traceback (most recent call last):
  File "/home/wjt/CardDiffBench_official_a2a_main_20260712/.venv/lib/python3.10/site-packages/a2a/server/apps/jsonrpc/jsonrpc_app.py", line 384, in _handle_requests
    return await self._process_non_streaming_request(
  File "/home/wjt/CardDiffBench_official_a2a_main_20260712/.venv/lib/python3.10/site-packages/a2a/server/apps/jsonrpc/jsonrpc_app.py", line 464, in _process_non_streaming_request
    handler_result = await self.handler.on_message_send(
  File "/home/wjt/CardDiffBench_official_a2a_main_20260712/.venv/lib/python3.10/site-packages/a2a/utils/telemetry.py", line 228, in async_wrapper
    result = await func(*args, **kwargs)
  File "/home/wjt/CardDiffBench_official_a2a_main_20260712/.venv/lib/python3.10/site-packages/a2a/server/request_handlers/jsonrpc_handler.py", line 107, in on_message_send
    task_or_message = await self.request_handler.on_message_send(
  File "/home/wjt/CardDiffBench_official_a2a_main_20260712/.venv/lib/python3.10/site-packages/a2a/utils/telemetry.py", line 228, in async_wrapper
    result = await func(*args, **kwargs)
  File "/home/wjt/CardDiffBench_official_a2a_main_20260712/.venv/lib/python3.10/site-packages/a2a/server/request_handlers/default_request_handler.py", line 348, in on_message_send
    await self._cleanup_producer(producer_task, task_id)
  File "/home/wjt/CardDiffBench_official_a2a_main_20260712/.venv/lib/python3.10/site-packages/a2a/utils/telemetry.py", line 228, in async_wrapper
    result = await func(*args, **kwargs)
  File "/home/wjt/CardDiffBench_official_a2a_main_20260712/.venv/lib/python3.10/site-packages/a2a/server/request_handlers/default_request_handler.py", line 445, in _cleanup_producer
    await producer_task
  File "/home/wjt/CardDiffBench_official_a2a_main_20260712/.venv/lib/python3.10/site-packages/a2a/utils/telemetry.py", line 228, in async_wrapper
    result = await func(*args, **kwargs)
  File "/home/wjt/CardDiffBench_official_a2a_main_20260712/.venv/lib/python3.10/site-packages/a2a/server/request_handlers/default_request_handler.py", line 196, in _run_event_stream
    await self.agent_executor.execute(request, queue)
  File "/home/wjt/CardDiffBench_official_a2a_main_20260712/harness/transfer/official_a2a_peer.py", line 77, in execute
    artifact = self.env._response_artifact(body=body, identity=identity, scopes=scopes,
  File "/home/wjt/CardDiffBench_official_a2a_main_20260712/harness/downstream/impact_env.py", line 353, in _response_artifact
    raise RuntimeError(f"protocol adapter {version} could not encode the worker result")
RuntimeError: protocol adapter 1.0-primary could not encode the worker result
Request Error (ID: 30465463-9f24-4f48-a4c6-ee868bf0f692): Code=-32603, Message='protocol adapter 1.0-primary could not encode the worker result'
Agent execution failed
Traceback (most recent call last):
  File "/home/wjt/CardDiffBench_official_a2a_main_20260712/sut/transfer/official_a2a_protocol.py", line 27, in run_async
    asyncio.get_running_loop()
RuntimeError: no running event loop

During handling of the above exception, another exception occurred:

Traceback (most recent call last):
  File "/home/wjt/CardDiffBench_official_a2a_main_20260712/.venv/lib/python3.10/site-packages/a2a/server/request_handlers/default_request_handler.py", line 326, in on_message_send
    ) = await result_aggregator.consume_and_break_on_interrupt(
  File "/home/wjt/CardDiffBench_official_a2a_main_20260712/.venv/lib/python3.10/site-packages/a2a/server/tasks/result_aggregator.py", line 135, in consume_and_break_on_interrupt
    async for event in event_stream:
  File "/home/wjt/CardDiffBench_official_a2a_main_20260712/.venv/lib/python3.10/site-packages/a2a/server/events/event_consumer.py", line 87, in consume_all
    raise self._exception
  File "/home/wjt/CardDiffBench_official_a2a_main_20260712/.venv/lib/python3.10/site-packages/a2a/utils/telemetry.py", line 228, in async_wrapper
    result = await func(*args, **kwargs)
  File "/home/wjt/CardDiffBench_official_a2a_main_20260712/.venv/lib/python3.10/site-packages/a2a/server/request_handlers/default_request_handler.py", line 196, in _run_event_stream
    await self.agent_executor.execute(request, queue)
  File "/home/wjt/CardDiffBench_official_a2a_main_20260712/harness/transfer/official_a2a_peer.py", line 77, in execute
    artifact = self.env._response_artifact(body=body, identity=identity, scopes=scopes,
  File "/home/wjt/CardDiffBench_official_a2a_main_20260712/harness/downstream/impact_env.py", line 353, in _response_artifact
    raise RuntimeError(f"protocol adapter {version} could not encode the worker result")
RuntimeError: protocol adapter 1.0-primary could not encode the worker result
Unhandled exception
Traceback (most recent call last):
  File "/home/wjt/CardDiffBench_official_a2a_main_20260712/sut/transfer/official_a2a_protocol.py", line 27, in run_async
    asyncio.get_running_loop()
RuntimeError: no running event loop

During handling of the above exception, another exception occurred:

Traceback (most recent call last):
  File "/home/wjt/CardDiffBench_official_a2a_main_20260712/.venv/lib/python3.10/site-packages/a2a/server/apps/jsonrpc/jsonrpc_app.py", line 384, in _handle_requests
    return await self._process_non_streaming_request(
  File "/home/wjt/CardDiffBench_official_a2a_main_20260712/.venv/lib/python3.10/site-packages/a2a/server/apps/jsonrpc/jsonrpc_app.py", line 464, in _process_non_streaming_request
    handler_result = await self.handler.on_message_send(
  File "/home/wjt/CardDiffBench_official_a2a_main_20260712/.venv/lib/python3.10/site-packages/a2a/utils/telemetry.py", line 228, in async_wrapper
    result = await func(*args, **kwargs)
  File "/home/wjt/CardDiffBench_official_a2a_main_20260712/.venv/lib/python3.10/site-packages/a2a/server/request_handlers/jsonrpc_handler.py", line 107, in on_message_send
    task_or_message = await self.request_handler.on_message_send(
  File "/home/wjt/CardDiffBench_official_a2a_main_20260712/.venv/lib/python3.10/site-packages/a2a/utils/telemetry.py", line 228, in async_wrapper
    result = await func(*args, **kwargs)
  File "/home/wjt/CardDiffBench_official_a2a_main_20260712/.venv/lib/python3.10/site-packages/a2a/server/request_handlers/default_request_handler.py", line 348, in on_message_send
    await self._cleanup_producer(producer_task, task_id)
  File "/home/wjt/CardDiffBench_official_a2a_main_20260712/.venv/lib/python3.10/site-packages/a2a/utils/telemetry.py", line 228, in async_wrapper
    result = await func(*args, **kwargs)
  File "/home/wjt/CardDiffBench_official_a2a_main_20260712/.venv/lib/python3.10/site-packages/a2a/server/request_handlers/default_request_handler.py", line 445, in _cleanup_producer
    await producer_task
  File "/home/wjt/CardDiffBench_official_a2a_main_20260712/.venv/lib/python3.10/site-packages/a2a/utils/telemetry.py", line 228, in async_wrapper
    result = await func(*args, **kwargs)
  File "/home/wjt/CardDiffBench_official_a2a_main_20260712/.venv/lib/python3.10/site-packages/a2a/server/request_handlers/default_request_handler.py", line 196, in _run_event_stream
    await self.agent_executor.execute(request, queue)
  File "/home/wjt/CardDiffBench_official_a2a_main_20260712/harness/transfer/official_a2a_peer.py", line 77, in execute
    artifact = self.env._response_artifact(body=body, identity=identity, scopes=scopes,
  File "/home/wjt/CardDiffBench_official_a2a_main_20260712/harness/downstream/impact_env.py", line 353, in _response_artifact
    raise RuntimeError(f"protocol adapter {version} could not encode the worker result")
RuntimeError: protocol adapter 1.0-primary could not encode the worker result
Request Error (ID: f2024ba5-da17-44da-95cf-482cc9c6a4db): Code=-32603, Message='protocol adapter 1.0-primary could not encode the worker result'
Agent execution failed
Traceback (most recent call last):
  File "/home/wjt/CardDiffBench_official_a2a_main_20260712/sut/transfer/official_a2a_protocol.py", line 27, in run_async
    asyncio.get_running_loop()
RuntimeError: no running event loop

During handling of the above exception, another exception occurred:

Traceback (most recent call last):
  File "/home/wjt/CardDiffBench_official_a2a_main_20260712/.venv/lib/python3.10/site-packages/a2a/server/request_handlers/default_request_handler.py", line 326, in on_message_send
    ) = await result_aggregator.consume_and_break_on_interrupt(
  File "/home/wjt/CardDiffBench_official_a2a_main_20260712/.venv/lib/python3.10/site-packages/a2a/server/tasks/result_aggregator.py", line 135, in consume_and_break_on_interrupt
    async for event in event_stream:
  File "/home/wjt/CardDiffBench_official_a2a_main_20260712/.venv/lib/python3.10/site-packages/a2a/server/events/event_consumer.py", line 87, in consume_all
    raise self._exception
  File "/home/wjt/CardDiffBench_official_a2a_main_20260712/.venv/lib/python3.10/site-packages/a2a/utils/telemetry.py", line 228, in async_wrapper
    result = await func(*args, **kwargs)
  File "/home/wjt/CardDiffBench_official_a2a_main_20260712/.venv/lib/python3.10/site-packages/a2a/server/request_handlers/default_request_handler.py", line 196, in _run_event_stream
    await self.agent_executor.execute(request, queue)
  File "/home/wjt/CardDiffBench_official_a2a_main_20260712/harness/transfer/official_a2a_peer.py", line 77, in execute
    artifact = self.env._response_artifact(body=body, identity=identity, scopes=scopes,
  File "/home/wjt/CardDiffBench_official_a2a_main_20260712/harness/downstream/impact_env.py", line 353, in _response_artifact
    raise RuntimeError(f"protocol adapter {version} could not encode the worker result")
RuntimeError: protocol adapter 1.0-primary could not encode the worker result
Unhandled exception
Traceback (most recent call last):
  File "/home/wjt/CardDiffBench_official_a2a_main_20260712/sut/transfer/official_a2a_protocol.py", line 27, in run_async
    asyncio.get_running_loop()
RuntimeError: no running event loop

During handling of the above exception, another exception occurred:

Traceback (most recent call last):
  File "/home/wjt/CardDiffBench_official_a2a_main_20260712/.venv/lib/python3.10/site-packages/a2a/server/apps/jsonrpc/jsonrpc_app.py", line 384, in _handle_requests
    return await self._process_non_streaming_request(
  File "/home/wjt/CardDiffBench_official_a2a_main_20260712/.venv/lib/python3.10/site-packages/a2a/server/apps/jsonrpc/jsonrpc_app.py", line 464, in _process_non_streaming_request
    handler_result = await self.handler.on_message_send(
  File "/home/wjt/CardDiffBench_official_a2a_main_20260712/.venv/lib/python3.10/site-packages/a2a/utils/telemetry.py", line 228, in async_wrapper
    result = await func(*args, **kwargs)
  File "/home/wjt/CardDiffBench_official_a2a_main_20260712/.venv/lib/python3.10/site-packages/a2a/server/request_handlers/jsonrpc_handler.py", line 107, in on_message_send
    task_or_message = await self.request_handler.on_message_send(
  File "/home/wjt/CardDiffBench_official_a2a_main_20260712/.venv/lib/python3.10/site-packages/a2a/utils/telemetry.py", line 228, in async_wrapper
    result = await func(*args, **kwargs)
  File "/home/wjt/CardDiffBench_official_a2a_main_20260712/.venv/lib/python3.10/site-packages/a2a/server/request_handlers/default_request_handler.py", line 348, in on_message_send
    await self._cleanup_producer(producer_task, task_id)
  File "/home/wjt/CardDiffBench_official_a2a_main_20260712/.venv/lib/python3.10/site-packages/a2a/utils/telemetry.py", line 228, in async_wrapper
    result = await func(*args, **kwargs)
  File "/home/wjt/CardDiffBench_official_a2a_main_20260712/.venv/lib/python3.10/site-packages/a2a/server/request_handlers/default_request_handler.py", line 445, in _cleanup_producer
    await producer_task
  File "/home/wjt/CardDiffBench_official_a2a_main_20260712/.venv/lib/python3.10/site-packages/a2a/utils/telemetry.py", line 228, in async_wrapper
    result = await func(*args, **kwargs)
  File "/home/wjt/CardDiffBench_official_a2a_main_20260712/.venv/lib/python3.10/site-packages/a2a/server/request_handlers/default_request_handler.py", line 196, in _run_event_stream
    await self.agent_executor.execute(request, queue)
  File "/home/wjt/CardDiffBench_official_a2a_main_20260712/harness/transfer/official_a2a_peer.py", line 77, in execute
    artifact = self.env._response_artifact(body=body, identity=identity, scopes=scopes,
  File "/home/wjt/CardDiffBench_official_a2a_main_20260712/harness/downstream/impact_env.py", line 353, in _response_artifact
    raise RuntimeError(f"protocol adapter {version} could not encode the worker result")
RuntimeError: protocol adapter 1.0-primary could not encode the worker result
Request Error (ID: c2904fb2-54a3-4420-aa3e-d2a552b94146): Code=-32603, Message='protocol adapter 1.0-primary could not encode the worker result'
Agent execution failed
Traceback (most recent call last):
  File "/home/wjt/CardDiffBench_official_a2a_main_20260712/sut/transfer/official_a2a_protocol.py", line 27, in run_async
    asyncio.get_running_loop()
RuntimeError: no running event loop

During handling of the above exception, another exception occurred:

Traceback (most recent call last):
  File "/home/wjt/CardDiffBench_official_a2a_main_20260712/.venv/lib/python3.10/site-packages/a2a/server/request_handlers/default_request_handler.py", line 326, in on_message_send
    ) = await result_aggregator.consume_and_break_on_interrupt(
  File "/home/wjt/CardDiffBench_official_a2a_main_20260712/.venv/lib/python3.10/site-packages/a2a/server/tasks/result_aggregator.py", line 135, in consume_and_break_on_interrupt
    async for event in event_stream:
  File "/home/wjt/CardDiffBench_official_a2a_main_20260712/.venv/lib/python3.10/site-packages/a2a/server/events/event_consumer.py", line 87, in consume_all
    raise self._exception
  File "/home/wjt/CardDiffBench_official_a2a_main_20260712/.venv/lib/python3.10/site-packages/a2a/utils/telemetry.py", line 228, in async_wrapper
    result = await func(*args, **kwargs)
  File "/home/wjt/CardDiffBench_official_a2a_main_20260712/.venv/lib/python3.10/site-packages/a2a/server/request_handlers/default_request_handler.py", line 196, in _run_event_stream
    await self.agent_executor.execute(request, queue)
  File "/home/wjt/CardDiffBench_official_a2a_main_20260712/harness/transfer/official_a2a_peer.py", line 77, in execute
    artifact = self.env._response_artifact(body=body, identity=identity, scopes=scopes,
  File "/home/wjt/CardDiffBench_official_a2a_main_20260712/harness/downstream/impact_env.py", line 353, in _response_artifact
    raise RuntimeError(f"protocol adapter {version} could not encode the worker result")
RuntimeError: protocol adapter 1.0-primary could not encode the worker result
Unhandled exception
Traceback (most recent call last):
  File "/home/wjt/CardDiffBench_official_a2a_main_20260712/sut/transfer/official_a2a_protocol.py", line 27, in run_async
    asyncio.get_running_loop()
RuntimeError: no running event loop

During handling of the above exception, another exception occurred:

Traceback (most recent call last):
  File "/home/wjt/CardDiffBench_official_a2a_main_20260712/.venv/lib/python3.10/site-packages/a2a/server/apps/jsonrpc/jsonrpc_app.py", line 384, in _handle_requests
    return await self._process_non_streaming_request(
  File "/home/wjt/CardDiffBench_official_a2a_main_20260712/.venv/lib/python3.10/site-packages/a2a/server/apps/jsonrpc/jsonrpc_app.py", line 464, in _process_non_streaming_request
    handler_result = await self.handler.on_message_send(
  File "/home/wjt/CardDiffBench_official_a2a_main_20260712/.venv/lib/python3.10/site-packages/a2a/utils/telemetry.py", line 228, in async_wrapper
    result = await func(*args, **kwargs)
  File "/home/wjt/CardDiffBench_official_a2a_main_20260712/.venv/lib/python3.10/site-packages/a2a/server/request_handlers/jsonrpc_handler.py", line 107, in on_message_send
    task_or_message = await self.request_handler.on_message_send(
  File "/home/wjt/CardDiffBench_official_a2a_main_20260712/.venv/lib/python3.10/site-packages/a2a/utils/telemetry.py", line 228, in async_wrapper
    result = await func(*args, **kwargs)
  File "/home/wjt/CardDiffBench_official_a2a_main_20260712/.venv/lib/python3.10/site-packages/a2a/server/request_handlers/default_request_handler.py", line 348, in on_message_send
    await self._cleanup_producer(producer_task, task_id)
  File "/home/wjt/CardDiffBench_official_a2a_main_20260712/.venv/lib/python3.10/site-packages/a2a/utils/telemetry.py", line 228, in async_wrapper
    result = await func(*args, **kwargs)
  File "/home/wjt/CardDiffBench_official_a2a_main_20260712/.venv/lib/python3.10/site-packages/a2a/server/request_handlers/default_request_handler.py", line 445, in _cleanup_producer
    await producer_task
  File "/home/wjt/CardDiffBench_official_a2a_main_20260712/.venv/lib/python3.10/site-packages/a2a/utils/telemetry.py", line 228, in async_wrapper
    result = await func(*args, **kwargs)
  File "/home/wjt/CardDiffBench_official_a2a_main_20260712/.venv/lib/python3.10/site-packages/a2a/server/request_handlers/default_request_handler.py", line 196, in _run_event_stream
    await self.agent_executor.execute(request, queue)
  File "/home/wjt/CardDiffBench_official_a2a_main_20260712/harness/transfer/official_a2a_peer.py", line 77, in execute
    artifact = self.env._response_artifact(body=body, identity=identity, scopes=scopes,
  File "/home/wjt/CardDiffBench_official_a2a_main_20260712/harness/downstream/impact_env.py", line 353, in _response_artifact
    raise RuntimeError(f"protocol adapter {version} could not encode the worker result")
RuntimeError: protocol adapter 1.0-primary could not encode the worker result
Request Error (ID: c6d14a13-0552-4a97-96ed-a6151c24bf6e): Code=-32603, Message='protocol adapter 1.0-primary could not encode the worker result'
Agent execution failed
Traceback (most recent call last):
  File "/home/wjt/CardDiffBench_official_a2a_main_20260712/sut/transfer/official_a2a_protocol.py", line 27, in run_async
    asyncio.get_running_loop()
RuntimeError: no running event loop

During handling of the above exception, another exception occurred:

Traceback (most recent call last):
  File "/home/wjt/CardDiffBench_official_a2a_main_20260712/.venv/lib/python3.10/site-packages/a2a/server/request_handlers/default_request_handler.py", line 326, in on_message_send
    ) = await result_aggregator.consume_and_break_on_interrupt(
  File "/home/wjt/CardDiffBench_official_a2a_main_20260712/.venv/lib/python3.10/site-packages/a2a/server/tasks/result_aggregator.py", line 135, in consume_and_break_on_interrupt
    async for event in event_stream:
  File "/home/wjt/CardDiffBench_official_a2a_main_20260712/.venv/lib/python3.10/site-packages/a2a/server/events/event_consumer.py", line 87, in consume_all
    raise self._exception
  File "/home/wjt/CardDiffBench_official_a2a_main_20260712/.venv/lib/python3.10/site-packages/a2a/utils/telemetry.py", line 228, in async_wrapper
    result = await func(*args, **kwargs)
  File "/home/wjt/CardDiffBench_official_a2a_main_20260712/.venv/lib/python3.10/site-packages/a2a/server/request_handlers/default_request_handler.py", line 196, in _run_event_stream
    await self.agent_executor.execute(request, queue)
  File "/home/wjt/CardDiffBench_official_a2a_main_20260712/harness/transfer/official_a2a_peer.py", line 77, in execute
    artifact = self.env._response_artifact(body=body, identity=identity, scopes=scopes,
  File "/home/wjt/CardDiffBench_official_a2a_main_20260712/harness/downstream/impact_env.py", line 353, in _response_artifact
    raise RuntimeError(f"protocol adapter {version} could not encode the worker result")
RuntimeError: protocol adapter 1.0-primary could not encode the worker result
Unhandled exception
Traceback (most recent call last):
  File "/home/wjt/CardDiffBench_official_a2a_main_20260712/sut/transfer/official_a2a_protocol.py", line 27, in run_async
    asyncio.get_running_loop()
RuntimeError: no running event loop

During handling of the above exception, another exception occurred:

Traceback (most recent call last):
  File "/home/wjt/CardDiffBench_official_a2a_main_20260712/.venv/lib/python3.10/site-packages/a2a/server/apps/jsonrpc/jsonrpc_app.py", line 384, in _handle_requests
    return await self._process_non_streaming_request(
  File "/home/wjt/CardDiffBench_official_a2a_main_20260712/.venv/lib/python3.10/site-packages/a2a/server/apps/jsonrpc/jsonrpc_app.py", line 464, in _process_non_streaming_request
    handler_result = await self.handler.on_message_send(
  File "/home/wjt/CardDiffBench_official_a2a_main_20260712/.venv/lib/python3.10/site-packages/a2a/utils/telemetry.py", line 228, in async_wrapper
    result = await func(*args, **kwargs)
  File "/home/wjt/CardDiffBench_official_a2a_main_20260712/.venv/lib/python3.10/site-packages/a2a/server/request_handlers/jsonrpc_handler.py", line 107, in on_message_send
    task_or_message = await self.request_handler.on_message_send(
  File "/home/wjt/CardDiffBench_official_a2a_main_20260712/.venv/lib/python3.10/site-packages/a2a/utils/telemetry.py", line 228, in async_wrapper
    result = await func(*args, **kwargs)
  File "/home/wjt/CardDiffBench_official_a2a_main_20260712/.venv/lib/python3.10/site-packages/a2a/server/request_handlers/default_request_handler.py", line 348, in on_message_send
    await self._cleanup_producer(producer_task, task_id)
  File "/home/wjt/CardDiffBench_official_a2a_main_20260712/.venv/lib/python3.10/site-packages/a2a/utils/telemetry.py", line 228, in async_wrapper
    result = await func(*args, **kwargs)
  File "/home/wjt/CardDiffBench_official_a2a_main_20260712/.venv/lib/python3.10/site-packages/a2a/server/request_handlers/default_request_handler.py", line 445, in _cleanup_producer
    await producer_task
  File "/home/wjt/CardDiffBench_official_a2a_main_20260712/.venv/lib/python3.10/site-packages/a2a/utils/telemetry.py", line 228, in async_wrapper
    result = await func(*args, **kwargs)
  File "/home/wjt/CardDiffBench_official_a2a_main_20260712/.venv/lib/python3.10/site-packages/a2a/server/request_handlers/default_request_handler.py", line 196, in _run_event_stream
    await self.agent_executor.execute(request, queue)
  File "/home/wjt/CardDiffBench_official_a2a_main_20260712/harness/transfer/official_a2a_peer.py", line 77, in execute
    artifact = self.env._response_artifact(body=body, identity=identity, scopes=scopes,
  File "/home/wjt/CardDiffBench_official_a2a_main_20260712/harness/downstream/impact_env.py", line 353, in _response_artifact
    raise RuntimeError(f"protocol adapter {version} could not encode the worker result")
RuntimeError: protocol adapter 1.0-primary could not encode the worker result
Request Error (ID: f3ec14e7-42f7-47c2-a4a9-b64cdedcadfb): Code=-32603, Message='protocol adapter 1.0-primary could not encode the worker result'
Agent execution failed
Traceback (most recent call last):
  File "/home/wjt/CardDiffBench_official_a2a_main_20260712/sut/transfer/official_a2a_protocol.py", line 27, in run_async
    asyncio.get_running_loop()
RuntimeError: no running event loop

During handling of the above exception, another exception occurred:

Traceback (most recent call last):
  File "/home/wjt/CardDiffBench_official_a2a_main_20260712/.venv/lib/python3.10/site-packages/a2a/server/request_handlers/default_request_handler.py", line 326, in on_message_send
    ) = await result_aggregator.consume_and_break_on_interrupt(
  File "/home/wjt/CardDiffBench_official_a2a_main_20260712/.venv/lib/python3.10/site-packages/a2a/server/tasks/result_aggregator.py", line 135, in consume_and_break_on_interrupt
    async for event in event_stream:
  File "/home/wjt/CardDiffBench_official_a2a_main_20260712/.venv/lib/python3.10/site-packages/a2a/server/events/event_consumer.py", line 87, in consume_all
    raise self._exception
  File "/home/wjt/CardDiffBench_official_a2a_main_20260712/.venv/lib/python3.10/site-packages/a2a/utils/telemetry.py", line 228, in async_wrapper
    result = await func(*args, **kwargs)
  File "/home/wjt/CardDiffBench_official_a2a_main_20260712/.venv/lib/python3.10/site-packages/a2a/server/request_handlers/default_request_handler.py", line 196, in _run_event_stream
    await self.agent_executor.execute(request, queue)
  File "/home/wjt/CardDiffBench_official_a2a_main_20260712/harness/transfer/official_a2a_peer.py", line 77, in execute
    artifact = self.env._response_artifact(body=body, identity=identity, scopes=scopes,
  File "/home/wjt/CardDiffBench_official_a2a_main_20260712/harness/downstream/impact_env.py", line 353, in _response_artifact
    raise RuntimeError(f"protocol adapter {version} could not encode the worker result")
RuntimeError: protocol adapter 1.0-primary could not encode the worker result
Unhandled exception
Traceback (most recent call last):
  File "/home/wjt/CardDiffBench_official_a2a_main_20260712/sut/transfer/official_a2a_protocol.py", line 27, in run_async
    asyncio.get_running_loop()
RuntimeError: no running event loop

During handling of the above exception, another exception occurred:

Traceback (most recent call last):
  File "/home/wjt/CardDiffBench_official_a2a_main_20260712/.venv/lib/python3.10/site-packages/a2a/server/apps/jsonrpc/jsonrpc_app.py", line 384, in _handle_requests
    return await self._process_non_streaming_request(
  File "/home/wjt/CardDiffBench_official_a2a_main_20260712/.venv/lib/python3.10/site-packages/a2a/server/apps/jsonrpc/jsonrpc_app.py", line 464, in _process_non_streaming_request
    handler_result = await self.handler.on_message_send(
  File "/home/wjt/CardDiffBench_official_a2a_main_20260712/.venv/lib/python3.10/site-packages/a2a/utils/telemetry.py", line 228, in async_wrapper
    result = await func(*args, **kwargs)
  File "/home/wjt/CardDiffBench_official_a2a_main_20260712/.venv/lib/python3.10/site-packages/a2a/server/request_handlers/jsonrpc_handler.py", line 107, in on_message_send
    task_or_message = await self.request_handler.on_message_send(
  File "/home/wjt/CardDiffBench_official_a2a_main_20260712/.venv/lib/python3.10/site-packages/a2a/utils/telemetry.py", line 228, in async_wrapper
    result = await func(*args, **kwargs)
  File "/home/wjt/CardDiffBench_official_a2a_main_20260712/.venv/lib/python3.10/site-packages/a2a/server/request_handlers/default_request_handler.py", line 348, in on_message_send
    await self._cleanup_producer(producer_task, task_id)
  File "/home/wjt/CardDiffBench_official_a2a_main_20260712/.venv/lib/python3.10/site-packages/a2a/utils/telemetry.py", line 228, in async_wrapper
    result = await func(*args, **kwargs)
  File "/home/wjt/CardDiffBench_official_a2a_main_20260712/.venv/lib/python3.10/site-packages/a2a/server/request_handlers/default_request_handler.py", line 445, in _cleanup_producer
    await producer_task
  File "/home/wjt/CardDiffBench_official_a2a_main_20260712/.venv/lib/python3.10/site-packages/a2a/utils/telemetry.py", line 228, in async_wrapper
    result = await func(*args, **kwargs)
  File "/home/wjt/CardDiffBench_official_a2a_main_20260712/.venv/lib/python3.10/site-packages/a2a/server/request_handlers/default_request_handler.py", line 196, in _run_event_stream
    await self.agent_executor.execute(request, queue)
  File "/home/wjt/CardDiffBench_official_a2a_main_20260712/harness/transfer/official_a2a_peer.py", line 77, in execute
    artifact = self.env._response_artifact(body=body, identity=identity, scopes=scopes,
  File "/home/wjt/CardDiffBench_official_a2a_main_20260712/harness/downstream/impact_env.py", line 353, in _response_artifact
    raise RuntimeError(f"protocol adapter {version} could not encode the worker result")
RuntimeError: protocol adapter 1.0-primary could not encode the worker result
Request Error (ID: 318743ca-39f5-4083-805e-657ef275732f): Code=-32603, Message='protocol adapter 1.0-primary could not encode the worker result'
Agent execution failed
Traceback (most recent call last):
  File "/home/wjt/CardDiffBench_official_a2a_main_20260712/sut/transfer/official_a2a_protocol.py", line 27, in run_async
    asyncio.get_running_loop()
RuntimeError: no running event loop

During handling of the above exception, another exception occurred:

Traceback (most recent call last):
  File "/home/wjt/CardDiffBench_official_a2a_main_20260712/.venv/lib/python3.10/site-packages/a2a/server/request_handlers/default_request_handler.py", line 326, in on_message_send
    ) = await result_aggregator.consume_and_break_on_interrupt(
  File "/home/wjt/CardDiffBench_official_a2a_main_20260712/.venv/lib/python3.10/site-packages/a2a/server/tasks/result_aggregator.py", line 135, in consume_and_break_on_interrupt
    async for event in event_stream:
  File "/home/wjt/CardDiffBench_official_a2a_main_20260712/.venv/lib/python3.10/site-packages/a2a/server/events/event_consumer.py", line 87, in consume_all
    raise self._exception
  File "/home/wjt/CardDiffBench_official_a2a_main_20260712/.venv/lib/python3.10/site-packages/a2a/utils/telemetry.py", line 228, in async_wrapper
    result = await func(*args, **kwargs)
  File "/home/wjt/CardDiffBench_official_a2a_main_20260712/.venv/lib/python3.10/site-packages/a2a/server/request_handlers/default_request_handler.py", line 196, in _run_event_stream
    await self.agent_executor.execute(request, queue)
  File "/home/wjt/CardDiffBench_official_a2a_main_20260712/harness/transfer/official_a2a_peer.py", line 77, in execute
    artifact = self.env._response_artifact(body=body, identity=identity, scopes=scopes,
  File "/home/wjt/CardDiffBench_official_a2a_main_20260712/harness/downstream/impact_env.py", line 353, in _response_artifact
    raise RuntimeError(f"protocol adapter {version} could not encode the worker result")
RuntimeError: protocol adapter 1.0-primary could not encode the worker result
Unhandled exception
Traceback (most recent call last):
  File "/home/wjt/CardDiffBench_official_a2a_main_20260712/sut/transfer/official_a2a_protocol.py", line 27, in run_async
    asyncio.get_running_loop()
RuntimeError: no running event loop

During handling of the above exception, another exception occurred:

Traceback (most recent call last):
  File "/home/wjt/CardDiffBench_official_a2a_main_20260712/.venv/lib/python3.10/site-packages/a2a/server/apps/jsonrpc/jsonrpc_app.py", line 384, in _handle_requests
    return await self._process_non_streaming_request(
  File "/home/wjt/CardDiffBench_official_a2a_main_20260712/.venv/lib/python3.10/site-packages/a2a/server/apps/jsonrpc/jsonrpc_app.py", line 464, in _process_non_streaming_request
    handler_result = await self.handler.on_message_send(
  File "/home/wjt/CardDiffBench_official_a2a_main_20260712/.venv/lib/python3.10/site-packages/a2a/utils/telemetry.py", line 228, in async_wrapper
    result = await func(*args, **kwargs)
  File "/home/wjt/CardDiffBench_official_a2a_main_20260712/.venv/lib/python3.10/site-packages/a2a/server/request_handlers/jsonrpc_handler.py", line 107, in on_message_send
    task_or_message = await self.request_handler.on_message_send(
  File "/home/wjt/CardDiffBench_official_a2a_main_20260712/.venv/lib/python3.10/site-packages/a2a/utils/telemetry.py", line 228, in async_wrapper
    result = await func(*args, **kwargs)
  File "/home/wjt/CardDiffBench_official_a2a_main_20260712/.venv/lib/python3.10/site-packages/a2a/server/request_handlers/default_request_handler.py", line 348, in on_message_send
    await self._cleanup_producer(producer_task, task_id)
  File "/home/wjt/CardDiffBench_official_a2a_main_20260712/.venv/lib/python3.10/site-packages/a2a/utils/telemetry.py", line 228, in async_wrapper
    result = await func(*args, **kwargs)
  File "/home/wjt/CardDiffBench_official_a2a_main_20260712/.venv/lib/python3.10/site-packages/a2a/server/request_handlers/default_request_handler.py", line 445, in _cleanup_producer
    await producer_task
  File "/home/wjt/CardDiffBench_official_a2a_main_20260712/.venv/lib/python3.10/site-packages/a2a/utils/telemetry.py", line 228, in async_wrapper
    result = await func(*args, **kwargs)
  File "/home/wjt/CardDiffBench_official_a2a_main_20260712/.venv/lib/python3.10/site-packages/a2a/server/request_handlers/default_request_handler.py", line 196, in _run_event_stream
    await self.agent_executor.execute(request, queue)
  File "/home/wjt/CardDiffBench_official_a2a_main_20260712/harness/transfer/official_a2a_peer.py", line 77, in execute
    artifact = self.env._response_artifact(body=body, identity=identity, scopes=scopes,
  File "/home/wjt/CardDiffBench_official_a2a_main_20260712/harness/downstream/impact_env.py", line 353, in _response_artifact
    raise RuntimeError(f"protocol adapter {version} could not encode the worker result")
RuntimeError: protocol adapter 1.0-primary could not encode the worker result
Request Error (ID: 16138bac-571b-4612-b147-327335c092ee): Code=-32603, Message='protocol adapter 1.0-primary could not encode the worker result'
Agent execution failed
Traceback (most recent call last):
  File "/home/wjt/CardDiffBench_official_a2a_main_20260712/sut/transfer/official_a2a_protocol.py", line 27, in run_async
    asyncio.get_running_loop()
RuntimeError: no running event loop

During handling of the above exception, another exception occurred:

Traceback (most recent call last):
  File "/home/wjt/CardDiffBench_official_a2a_main_20260712/.venv/lib/python3.10/site-packages/a2a/server/request_handlers/default_request_handler.py", line 326, in on_message_send
    ) = await result_aggregator.consume_and_break_on_interrupt(
  File "/home/wjt/CardDiffBench_official_a2a_main_20260712/.venv/lib/python3.10/site-packages/a2a/server/tasks/result_aggregator.py", line 135, in consume_and_break_on_interrupt
    async for event in event_stream:
  File "/home/wjt/CardDiffBench_official_a2a_main_20260712/.venv/lib/python3.10/site-packages/a2a/server/events/event_consumer.py", line 87, in consume_all
    raise self._exception
  File "/home/wjt/CardDiffBench_official_a2a_main_20260712/.venv/lib/python3.10/site-packages/a2a/utils/telemetry.py", line 228, in async_wrapper
    result = await func(*args, **kwargs)
  File "/home/wjt/CardDiffBench_official_a2a_main_20260712/.venv/lib/python3.10/site-packages/a2a/server/request_handlers/default_request_handler.py", line 196, in _run_event_stream
    await self.agent_executor.execute(request, queue)
  File "/home/wjt/CardDiffBench_official_a2a_main_20260712/harness/transfer/official_a2a_peer.py", line 77, in execute
    artifact = self.env._response_artifact(body=body, identity=identity, scopes=scopes,
  File "/home/wjt/CardDiffBench_official_a2a_main_20260712/harness/downstream/impact_env.py", line 353, in _response_artifact
    raise RuntimeError(f"protocol adapter {version} could not encode the worker result")
RuntimeError: protocol adapter 1.0-primary could not encode the worker result
Unhandled exception
Traceback (most recent call last):
  File "/home/wjt/CardDiffBench_official_a2a_main_20260712/sut/transfer/official_a2a_protocol.py", line 27, in run_async
    asyncio.get_running_loop()
RuntimeError: no running event loop

During handling of the above exception, another exception occurred:

Traceback (most recent call last):
  File "/home/wjt/CardDiffBench_official_a2a_main_20260712/.venv/lib/python3.10/site-packages/a2a/server/apps/jsonrpc/jsonrpc_app.py", line 384, in _handle_requests
    return await self._process_non_streaming_request(
  File "/home/wjt/CardDiffBench_official_a2a_main_20260712/.venv/lib/python3.10/site-packages/a2a/server/apps/jsonrpc/jsonrpc_app.py", line 464, in _process_non_streaming_request
    handler_result = await self.handler.on_message_send(
  File "/home/wjt/CardDiffBench_official_a2a_main_20260712/.venv/lib/python3.10/site-packages/a2a/utils/telemetry.py", line 228, in async_wrapper
    result = await func(*args, **kwargs)
  File "/home/wjt/CardDiffBench_official_a2a_main_20260712/.venv/lib/python3.10/site-packages/a2a/server/request_handlers/jsonrpc_handler.py", line 107, in on_message_send
    task_or_message = await self.request_handler.on_message_send(
  File "/home/wjt/CardDiffBench_official_a2a_main_20260712/.venv/lib/python3.10/site-packages/a2a/utils/telemetry.py", line 228, in async_wrapper
    result = await func(*args, **kwargs)
  File "/home/wjt/CardDiffBench_official_a2a_main_20260712/.venv/lib/python3.10/site-packages/a2a/server/request_handlers/default_request_handler.py", line 348, in on_message_send
    await self._cleanup_producer(producer_task, task_id)
  File "/home/wjt/CardDiffBench_official_a2a_main_20260712/.venv/lib/python3.10/site-packages/a2a/utils/telemetry.py", line 228, in async_wrapper
    result = await func(*args, **kwargs)
  File "/home/wjt/CardDiffBench_official_a2a_main_20260712/.venv/lib/python3.10/site-packages/a2a/server/request_handlers/default_request_handler.py", line 445, in _cleanup_producer
    await producer_task
  File "/home/wjt/CardDiffBench_official_a2a_main_20260712/.venv/lib/python3.10/site-packages/a2a/utils/telemetry.py", line 228, in async_wrapper
    result = await func(*args, **kwargs)
  File "/home/wjt/CardDiffBench_official_a2a_main_20260712/.venv/lib/python3.10/site-packages/a2a/server/request_handlers/default_request_handler.py", line 196, in _run_event_stream
    await self.agent_executor.execute(request, queue)
  File "/home/wjt/CardDiffBench_official_a2a_main_20260712/harness/transfer/official_a2a_peer.py", line 77, in execute
    artifact = self.env._response_artifact(body=body, identity=identity, scopes=scopes,
  File "/home/wjt/CardDiffBench_official_a2a_main_20260712/harness/downstream/impact_env.py", line 353, in _response_artifact
    raise RuntimeError(f"protocol adapter {version} could not encode the worker result")
RuntimeError: protocol adapter 1.0-primary could not encode the worker result
Request Error (ID: 8552991e-6604-407a-bdad-910d9fe73d33): Code=-32603, Message='protocol adapter 1.0-primary could not encode the worker result'
Agent execution failed
Traceback (most recent call last):
  File "/home/wjt/CardDiffBench_official_a2a_main_20260712/sut/transfer/official_a2a_protocol.py", line 27, in run_async
    asyncio.get_running_loop()
RuntimeError: no running event loop

During handling of the above exception, another exception occurred:

Traceback (most recent call last):
  File "/home/wjt/CardDiffBench_official_a2a_main_20260712/.venv/lib/python3.10/site-packages/a2a/server/request_handlers/default_request_handler.py", line 326, in on_message_send
    ) = await result_aggregator.consume_and_break_on_interrupt(
  File "/home/wjt/CardDiffBench_official_a2a_main_20260712/.venv/lib/python3.10/site-packages/a2a/server/tasks/result_aggregator.py", line 135, in consume_and_break_on_interrupt
    async for event in event_stream:
  File "/home/wjt/CardDiffBench_official_a2a_main_20260712/.venv/lib/python3.10/site-packages/a2a/server/events/event_consumer.py", line 87, in consume_all
    raise self._exception
  File "/home/wjt/CardDiffBench_official_a2a_main_20260712/.venv/lib/python3.10/site-packages/a2a/utils/telemetry.py", line 228, in async_wrapper
    result = await func(*args, **kwargs)
  File "/home/wjt/CardDiffBench_official_a2a_main_20260712/.venv/lib/python3.10/site-packages/a2a/server/request_handlers/default_request_handler.py", line 196, in _run_event_stream
    await self.agent_executor.execute(request, queue)
  File "/home/wjt/CardDiffBench_official_a2a_main_20260712/harness/transfer/official_a2a_peer.py", line 77, in execute
    artifact = self.env._response_artifact(body=body, identity=identity, scopes=scopes,
  File "/home/wjt/CardDiffBench_official_a2a_main_20260712/harness/downstream/impact_env.py", line 353, in _response_artifact
    raise RuntimeError(f"protocol adapter {version} could not encode the worker result")
RuntimeError: protocol adapter 1.0-primary could not encode the worker result
Unhandled exception
Traceback (most recent call last):
  File "/home/wjt/CardDiffBench_official_a2a_main_20260712/sut/transfer/official_a2a_protocol.py", line 27, in run_async
    asyncio.get_running_loop()
RuntimeError: no running event loop

During handling of the above exception, another exception occurred:

Traceback (most recent call last):
  File "/home/wjt/CardDiffBench_official_a2a_main_20260712/.venv/lib/python3.10/site-packages/a2a/server/apps/jsonrpc/jsonrpc_app.py", line 384, in _handle_requests
    return await self._process_non_streaming_request(
  File "/home/wjt/CardDiffBench_official_a2a_main_20260712/.venv/lib/python3.10/site-packages/a2a/server/apps/jsonrpc/jsonrpc_app.py", line 464, in _process_non_streaming_request
    handler_result = await self.handler.on_message_send(
  File "/home/wjt/CardDiffBench_official_a2a_main_20260712/.venv/lib/python3.10/site-packages/a2a/utils/telemetry.py", line 228, in async_wrapper
    result = await func(*args, **kwargs)
  File "/home/wjt/CardDiffBench_official_a2a_main_20260712/.venv/lib/python3.10/site-packages/a2a/server/request_handlers/jsonrpc_handler.py", line 107, in on_message_send
    task_or_message = await self.request_handler.on_message_send(
  File "/home/wjt/CardDiffBench_official_a2a_main_20260712/.venv/lib/python3.10/site-packages/a2a/utils/telemetry.py", line 228, in async_wrapper
    result = await func(*args, **kwargs)
  File "/home/wjt/CardDiffBench_official_a2a_main_20260712/.venv/lib/python3.10/site-packages/a2a/server/request_handlers/default_request_handler.py", line 348, in on_message_send
    await self._cleanup_producer(producer_task, task_id)
  File "/home/wjt/CardDiffBench_official_a2a_main_20260712/.venv/lib/python3.10/site-packages/a2a/utils/telemetry.py", line 228, in async_wrapper
    result = await func(*args, **kwargs)
  File "/home/wjt/CardDiffBench_official_a2a_main_20260712/.venv/lib/python3.10/site-packages/a2a/server/request_handlers/default_request_handler.py", line 445, in _cleanup_producer
    await producer_task
  File "/home/wjt/CardDiffBench_official_a2a_main_20260712/.venv/lib/python3.10/site-packages/a2a/utils/telemetry.py", line 228, in async_wrapper
    result = await func(*args, **kwargs)
  File "/home/wjt/CardDiffBench_official_a2a_main_20260712/.venv/lib/python3.10/site-packages/a2a/server/request_handlers/default_request_handler.py", line 196, in _run_event_stream
    await self.agent_executor.execute(request, queue)
  File "/home/wjt/CardDiffBench_official_a2a_main_20260712/harness/transfer/official_a2a_peer.py", line 77, in execute
    artifact = self.env._response_artifact(body=body, identity=identity, scopes=scopes,
  File "/home/wjt/CardDiffBench_official_a2a_main_20260712/harness/downstream/impact_env.py", line 353, in _response_artifact
    raise RuntimeError(f"protocol adapter {version} could not encode the worker result")
RuntimeError: protocol adapter 1.0-primary could not encode the worker result
Request Error (ID: b0892a5e-a51e-4cda-aa0a-7ee22840862c): Code=-32603, Message='protocol adapter 1.0-primary could not encode the worker result'
Agent execution failed
Traceback (most recent call last):
  File "/home/wjt/CardDiffBench_official_a2a_main_20260712/sut/transfer/official_a2a_protocol.py", line 27, in run_async
    asyncio.get_running_loop()
RuntimeError: no running event loop

During handling of the above exception, another exception occurred:

Traceback (most recent call last):
  File "/home/wjt/CardDiffBench_official_a2a_main_20260712/.venv/lib/python3.10/site-packages/a2a/server/request_handlers/default_request_handler.py", line 326, in on_message_send
    ) = await result_aggregator.consume_and_break_on_interrupt(
  File "/home/wjt/CardDiffBench_official_a2a_main_20260712/.venv/lib/python3.10/site-packages/a2a/server/tasks/result_aggregator.py", line 135, in consume_and_break_on_interrupt
    async for event in event_stream:
  File "/home/wjt/CardDiffBench_official_a2a_main_20260712/.venv/lib/python3.10/site-packages/a2a/server/events/event_consumer.py", line 87, in consume_all
    raise self._exception
  File "/home/wjt/CardDiffBench_official_a2a_main_20260712/.venv/lib/python3.10/site-packages/a2a/utils/telemetry.py", line 228, in async_wrapper
    result = await func(*args, **kwargs)
  File "/home/wjt/CardDiffBench_official_a2a_main_20260712/.venv/lib/python3.10/site-packages/a2a/server/request_handlers/default_request_handler.py", line 196, in _run_event_stream
    await self.agent_executor.execute(request, queue)
  File "/home/wjt/CardDiffBench_official_a2a_main_20260712/harness/transfer/official_a2a_peer.py", line 77, in execute
    artifact = self.env._response_artifact(body=body, identity=identity, scopes=scopes,
  File "/home/wjt/CardDiffBench_official_a2a_main_20260712/harness/downstream/impact_env.py", line 353, in _response_artifact
    raise RuntimeError(f"protocol adapter {version} could not encode the worker result")
RuntimeError: protocol adapter 1.0-primary could not encode the worker result
Unhandled exception
Traceback (most recent call last):
  File "/home/wjt/CardDiffBench_official_a2a_main_20260712/sut/transfer/official_a2a_protocol.py", line 27, in run_async
    asyncio.get_running_loop()
RuntimeError: no running event loop

During handling of the above exception, another exception occurred:

Traceback (most recent call last):
  File "/home/wjt/CardDiffBench_official_a2a_main_20260712/.venv/lib/python3.10/site-packages/a2a/server/apps/jsonrpc/jsonrpc_app.py", line 384, in _handle_requests
    return await self._process_non_streaming_request(
  File "/home/wjt/CardDiffBench_official_a2a_main_20260712/.venv/lib/python3.10/site-packages/a2a/server/apps/jsonrpc/jsonrpc_app.py", line 464, in _process_non_streaming_request
    handler_result = await self.handler.on_message_send(
  File "/home/wjt/CardDiffBench_official_a2a_main_20260712/.venv/lib/python3.10/site-packages/a2a/utils/telemetry.py", line 228, in async_wrapper
    result = await func(*args, **kwargs)
  File "/home/wjt/CardDiffBench_official_a2a_main_20260712/.venv/lib/python3.10/site-packages/a2a/server/request_handlers/jsonrpc_handler.py", line 107, in on_message_send
    task_or_message = await self.request_handler.on_message_send(
  File "/home/wjt/CardDiffBench_official_a2a_main_20260712/.venv/lib/python3.10/site-packages/a2a/utils/telemetry.py", line 228, in async_wrapper
    result = await func(*args, **kwargs)
  File "/home/wjt/CardDiffBench_official_a2a_main_20260712/.venv/lib/python3.10/site-packages/a2a/server/request_handlers/default_request_handler.py", line 348, in on_message_send
    await self._cleanup_producer(producer_task, task_id)
  File "/home/wjt/CardDiffBench_official_a2a_main_20260712/.venv/lib/python3.10/site-packages/a2a/utils/telemetry.py", line 228, in async_wrapper
    result = await func(*args, **kwargs)
  File "/home/wjt/CardDiffBench_official_a2a_main_20260712/.venv/lib/python3.10/site-packages/a2a/server/request_handlers/default_request_handler.py", line 445, in _cleanup_producer
    await producer_task
  File "/home/wjt/CardDiffBench_official_a2a_main_20260712/.venv/lib/python3.10/site-packages/a2a/utils/telemetry.py", line 228, in async_wrapper
    result = await func(*args, **kwargs)
  File "/home/wjt/CardDiffBench_official_a2a_main_20260712/.venv/lib/python3.10/site-packages/a2a/server/request_handlers/default_request_handler.py", line 196, in _run_event_stream
    await self.agent_executor.execute(request, queue)
  File "/home/wjt/CardDiffBench_official_a2a_main_20260712/harness/transfer/official_a2a_peer.py", line 77, in execute
    artifact = self.env._response_artifact(body=body, identity=identity, scopes=scopes,
  File "/home/wjt/CardDiffBench_official_a2a_main_20260712/harness/downstream/impact_env.py", line 353, in _response_artifact
    raise RuntimeError(f"protocol adapter {version} could not encode the worker result")
RuntimeError: protocol adapter 1.0-primary could not encode the worker result
Request Error (ID: c78b2149-97cb-474c-91a0-b59622dce94e): Code=-32603, Message='protocol adapter 1.0-primary could not encode the worker result'
Agent execution failed
Traceback (most recent call last):
  File "/home/wjt/CardDiffBench_official_a2a_main_20260712/sut/transfer/official_a2a_protocol.py", line 27, in run_async
    asyncio.get_running_loop()
RuntimeError: no running event loop

During handling of the above exception, another exception occurred:

Traceback (most recent call last):
  File "/home/wjt/CardDiffBench_official_a2a_main_20260712/.venv/lib/python3.10/site-packages/a2a/server/request_handlers/default_request_handler.py", line 326, in on_message_send
    ) = await result_aggregator.consume_and_break_on_interrupt(
  File "/home/wjt/CardDiffBench_official_a2a_main_20260712/.venv/lib/python3.10/site-packages/a2a/server/tasks/result_aggregator.py", line 135, in consume_and_break_on_interrupt
    async for event in event_stream:
  File "/home/wjt/CardDiffBench_official_a2a_main_20260712/.venv/lib/python3.10/site-packages/a2a/server/events/event_consumer.py", line 87, in consume_all
    raise self._exception
  File "/home/wjt/CardDiffBench_official_a2a_main_20260712/.venv/lib/python3.10/site-packages/a2a/utils/telemetry.py", line 228, in async_wrapper
    result = await func(*args, **kwargs)
  File "/home/wjt/CardDiffBench_official_a2a_main_20260712/.venv/lib/python3.10/site-packages/a2a/server/request_handlers/default_request_handler.py", line 196, in _run_event_stream
    await self.agent_executor.execute(request, queue)
  File "/home/wjt/CardDiffBench_official_a2a_main_20260712/harness/transfer/official_a2a_peer.py", line 77, in execute
    artifact = self.env._response_artifact(body=body, identity=identity, scopes=scopes,
  File "/home/wjt/CardDiffBench_official_a2a_main_20260712/harness/downstream/impact_env.py", line 353, in _response_artifact
    raise RuntimeError(f"protocol adapter {version} could not encode the worker result")
RuntimeError: protocol adapter 1.0-primary could not encode the worker result
Unhandled exception
Traceback (most recent call last):
  File "/home/wjt/CardDiffBench_official_a2a_main_20260712/sut/transfer/official_a2a_protocol.py", line 27, in run_async
    asyncio.get_running_loop()
RuntimeError: no running event loop

During handling of the above exception, another exception occurred:

Traceback (most recent call last):
  File "/home/wjt/CardDiffBench_official_a2a_main_20260712/.venv/lib/python3.10/site-packages/a2a/server/apps/jsonrpc/jsonrpc_app.py", line 384, in _handle_requests
    return await self._process_non_streaming_request(
  File "/home/wjt/CardDiffBench_official_a2a_main_20260712/.venv/lib/python3.10/site-packages/a2a/server/apps/jsonrpc/jsonrpc_app.py", line 464, in _process_non_streaming_request
    handler_result = await self.handler.on_message_send(
  File "/home/wjt/CardDiffBench_official_a2a_main_20260712/.venv/lib/python3.10/site-packages/a2a/utils/telemetry.py", line 228, in async_wrapper
    result = await func(*args, **kwargs)
  File "/home/wjt/CardDiffBench_official_a2a_main_20260712/.venv/lib/python3.10/site-packages/a2a/server/request_handlers/jsonrpc_handler.py", line 107, in on_message_send
    task_or_message = await self.request_handler.on_message_send(
  File "/home/wjt/CardDiffBench_official_a2a_main_20260712/.venv/lib/python3.10/site-packages/a2a/utils/telemetry.py", line 228, in async_wrapper
    result = await func(*args, **kwargs)
  File "/home/wjt/CardDiffBench_official_a2a_main_20260712/.venv/lib/python3.10/site-packages/a2a/server/request_handlers/default_request_handler.py", line 348, in on_message_send
    await self._cleanup_producer(producer_task, task_id)
  File "/home/wjt/CardDiffBench_official_a2a_main_20260712/.venv/lib/python3.10/site-packages/a2a/utils/telemetry.py", line 228, in async_wrapper
    result = await func(*args, **kwargs)
  File "/home/wjt/CardDiffBench_official_a2a_main_20260712/.venv/lib/python3.10/site-packages/a2a/server/request_handlers/default_request_handler.py", line 445, in _cleanup_producer
    await producer_task
  File "/home/wjt/CardDiffBench_official_a2a_main_20260712/.venv/lib/python3.10/site-packages/a2a/utils/telemetry.py", line 228, in async_wrapper
    result = await func(*args, **kwargs)
  File "/home/wjt/CardDiffBench_official_a2a_main_20260712/.venv/lib/python3.10/site-packages/a2a/server/request_handlers/default_request_handler.py", line 196, in _run_event_stream
    await self.agent_executor.execute(request, queue)
  File "/home/wjt/CardDiffBench_official_a2a_main_20260712/harness/transfer/official_a2a_peer.py", line 77, in execute
    artifact = self.env._response_artifact(body=body, identity=identity, scopes=scopes,
  File "/home/wjt/CardDiffBench_official_a2a_main_20260712/harness/downstream/impact_env.py", line 353, in _response_artifact
    raise RuntimeError(f"protocol adapter {version} could not encode the worker result")
RuntimeError: protocol adapter 1.0-primary could not encode the worker result
Request Error (ID: da58750a-4ba5-4380-bb69-152048afb9c4): Code=-32603, Message='protocol adapter 1.0-primary could not encode the worker result'
Agent execution failed
Traceback (most recent call last):
  File "/home/wjt/CardDiffBench_official_a2a_main_20260712/sut/transfer/official_a2a_protocol.py", line 27, in run_async
    asyncio.get_running_loop()
RuntimeError: no running event loop

During handling of the above exception, another exception occurred:

Traceback (most recent call last):
  File "/home/wjt/CardDiffBench_official_a2a_main_20260712/.venv/lib/python3.10/site-packages/a2a/server/request_handlers/default_request_handler.py", line 326, in on_message_send
    ) = await result_aggregator.consume_and_break_on_interrupt(
  File "/home/wjt/CardDiffBench_official_a2a_main_20260712/.venv/lib/python3.10/site-packages/a2a/server/tasks/result_aggregator.py", line 135, in consume_and_break_on_interrupt
    async for event in event_stream:
  File "/home/wjt/CardDiffBench_official_a2a_main_20260712/.venv/lib/python3.10/site-packages/a2a/server/events/event_consumer.py", line 87, in consume_all
    raise self._exception
  File "/home/wjt/CardDiffBench_official_a2a_main_20260712/.venv/lib/python3.10/site-packages/a2a/utils/telemetry.py", line 228, in async_wrapper
    result = await func(*args, **kwargs)
  File "/home/wjt/CardDiffBench_official_a2a_main_20260712/.venv/lib/python3.10/site-packages/a2a/server/request_handlers/default_request_handler.py", line 196, in _run_event_stream
    await self.agent_executor.execute(request, queue)
  File "/home/wjt/CardDiffBench_official_a2a_main_20260712/harness/transfer/official_a2a_peer.py", line 77, in execute
    artifact = self.env._response_artifact(body=body, identity=identity, scopes=scopes,
  File "/home/wjt/CardDiffBench_official_a2a_main_20260712/harness/downstream/impact_env.py", line 353, in _response_artifact
    raise RuntimeError(f"protocol adapter {version} could not encode the worker result")
RuntimeError: protocol adapter 1.0-primary could not encode the worker result
Unhandled exception
Traceback (most recent call last):
  File "/home/wjt/CardDiffBench_official_a2a_main_20260712/sut/transfer/official_a2a_protocol.py", line 27, in run_async
    asyncio.get_running_loop()
RuntimeError: no running event loop

During handling of the above exception, another exception occurred:

Traceback (most recent call last):
  File "/home/wjt/CardDiffBench_official_a2a_main_20260712/.venv/lib/python3.10/site-packages/a2a/server/apps/jsonrpc/jsonrpc_app.py", line 384, in _handle_requests
    return await self._process_non_streaming_request(
  File "/home/wjt/CardDiffBench_official_a2a_main_20260712/.venv/lib/python3.10/site-packages/a2a/server/apps/jsonrpc/jsonrpc_app.py", line 464, in _process_non_streaming_request
    handler_result = await self.handler.on_message_send(
  File "/home/wjt/CardDiffBench_official_a2a_main_20260712/.venv/lib/python3.10/site-packages/a2a/utils/telemetry.py", line 228, in async_wrapper
    result = await func(*args, **kwargs)
  File "/home/wjt/CardDiffBench_official_a2a_main_20260712/.venv/lib/python3.10/site-packages/a2a/server/request_handlers/jsonrpc_handler.py", line 107, in on_message_send
    task_or_message = await self.request_handler.on_message_send(
  File "/home/wjt/CardDiffBench_official_a2a_main_20260712/.venv/lib/python3.10/site-packages/a2a/utils/telemetry.py", line 228, in async_wrapper
    result = await func(*args, **kwargs)
  File "/home/wjt/CardDiffBench_official_a2a_main_20260712/.venv/lib/python3.10/site-packages/a2a/server/request_handlers/default_request_handler.py", line 348, in on_message_send
    await self._cleanup_producer(producer_task, task_id)
  File "/home/wjt/CardDiffBench_official_a2a_main_20260712/.venv/lib/python3.10/site-packages/a2a/utils/telemetry.py", line 228, in async_wrapper
    result = await func(*args, **kwargs)
  File "/home/wjt/CardDiffBench_official_a2a_main_20260712/.venv/lib/python3.10/site-packages/a2a/server/request_handlers/default_request_handler.py", line 445, in _cleanup_producer
    await producer_task
  File "/home/wjt/CardDiffBench_official_a2a_main_20260712/.venv/lib/python3.10/site-packages/a2a/utils/telemetry.py", line 228, in async_wrapper
    result = await func(*args, **kwargs)
  File "/home/wjt/CardDiffBench_official_a2a_main_20260712/.venv/lib/python3.10/site-packages/a2a/server/request_handlers/default_request_handler.py", line 196, in _run_event_stream
    await self.agent_executor.execute(request, queue)
  File "/home/wjt/CardDiffBench_official_a2a_main_20260712/harness/transfer/official_a2a_peer.py", line 77, in execute
    artifact = self.env._response_artifact(body=body, identity=identity, scopes=scopes,
  File "/home/wjt/CardDiffBench_official_a2a_main_20260712/harness/downstream/impact_env.py", line 353, in _response_artifact
    raise RuntimeError(f"protocol adapter {version} could not encode the worker result")
RuntimeError: protocol adapter 1.0-primary could not encode the worker result
Request Error (ID: fe62011f-2917-4000-9b8f-869e9d035dc3): Code=-32603, Message='protocol adapter 1.0-primary could not encode the worker result'
Agent execution failed
Traceback (most recent call last):
  File "/home/wjt/CardDiffBench_official_a2a_main_20260712/sut/transfer/official_a2a_protocol.py", line 27, in run_async
    asyncio.get_running_loop()
RuntimeError: no running event loop

During handling of the above exception, another exception occurred:

Traceback (most recent call last):
  File "/home/wjt/CardDiffBench_official_a2a_main_20260712/.venv/lib/python3.10/site-packages/a2a/server/request_handlers/default_request_handler.py", line 326, in on_message_send
    ) = await result_aggregator.consume_and_break_on_interrupt(
  File "/home/wjt/CardDiffBench_official_a2a_main_20260712/.venv/lib/python3.10/site-packages/a2a/server/tasks/result_aggregator.py", line 135, in consume_and_break_on_interrupt
    async for event in event_stream:
  File "/home/wjt/CardDiffBench_official_a2a_main_20260712/.venv/lib/python3.10/site-packages/a2a/server/events/event_consumer.py", line 87, in consume_all
    raise self._exception
  File "/home/wjt/CardDiffBench_official_a2a_main_20260712/.venv/lib/python3.10/site-packages/a2a/utils/telemetry.py", line 228, in async_wrapper
    result = await func(*args, **kwargs)
  File "/home/wjt/CardDiffBench_official_a2a_main_20260712/.venv/lib/python3.10/site-packages/a2a/server/request_handlers/default_request_handler.py", line 196, in _run_event_stream
    await self.agent_executor.execute(request, queue)
  File "/home/wjt/CardDiffBench_official_a2a_main_20260712/harness/transfer/official_a2a_peer.py", line 77, in execute
    artifact = self.env._response_artifact(body=body, identity=identity, scopes=scopes,
  File "/home/wjt/CardDiffBench_official_a2a_main_20260712/harness/downstream/impact_env.py", line 353, in _response_artifact
    raise RuntimeError(f"protocol adapter {version} could not encode the worker result")
RuntimeError: protocol adapter 1.0-primary could not encode the worker result
Unhandled exception
Traceback (most recent call last):
  File "/home/wjt/CardDiffBench_official_a2a_main_20260712/sut/transfer/official_a2a_protocol.py", line 27, in run_async
    asyncio.get_running_loop()
RuntimeError: no running event loop

During handling of the above exception, another exception occurred:

Traceback (most recent call last):
  File "/home/wjt/CardDiffBench_official_a2a_main_20260712/.venv/lib/python3.10/site-packages/a2a/server/apps/jsonrpc/jsonrpc_app.py", line 384, in _handle_requests
    return await self._process_non_streaming_request(
  File "/home/wjt/CardDiffBench_official_a2a_main_20260712/.venv/lib/python3.10/site-packages/a2a/server/apps/jsonrpc/jsonrpc_app.py", line 464, in _process_non_streaming_request
    handler_result = await self.handler.on_message_send(
  File "/home/wjt/CardDiffBench_official_a2a_main_20260712/.venv/lib/python3.10/site-packages/a2a/utils/telemetry.py", line 228, in async_wrapper
    result = await func(*args, **kwargs)
  File "/home/wjt/CardDiffBench_official_a2a_main_20260712/.venv/lib/python3.10/site-packages/a2a/server/request_handlers/jsonrpc_handler.py", line 107, in on_message_send
    task_or_message = await self.request_handler.on_message_send(
  File "/home/wjt/CardDiffBench_official_a2a_main_20260712/.venv/lib/python3.10/site-packages/a2a/utils/telemetry.py", line 228, in async_wrapper
    result = await func(*args, **kwargs)
  File "/home/wjt/CardDiffBench_official_a2a_main_20260712/.venv/lib/python3.10/site-packages/a2a/server/request_handlers/default_request_handler.py", line 348, in on_message_send
    await self._cleanup_producer(producer_task, task_id)
  File "/home/wjt/CardDiffBench_official_a2a_main_20260712/.venv/lib/python3.10/site-packages/a2a/utils/telemetry.py", line 228, in async_wrapper
    result = await func(*args, **kwargs)
  File "/home/wjt/CardDiffBench_official_a2a_main_20260712/.venv/lib/python3.10/site-packages/a2a/server/request_handlers/default_request_handler.py", line 445, in _cleanup_producer
    await producer_task
  File "/home/wjt/CardDiffBench_official_a2a_main_20260712/.venv/lib/python3.10/site-packages/a2a/utils/telemetry.py", line 228, in async_wrapper
    result = await func(*args, **kwargs)
  File "/home/wjt/CardDiffBench_official_a2a_main_20260712/.venv/lib/python3.10/site-packages/a2a/server/request_handlers/default_request_handler.py", line 196, in _run_event_stream
    await self.agent_executor.execute(request, queue)
  File "/home/wjt/CardDiffBench_official_a2a_main_20260712/harness/transfer/official_a2a_peer.py", line 77, in execute
    artifact = self.env._response_artifact(body=body, identity=identity, scopes=scopes,
  File "/home/wjt/CardDiffBench_official_a2a_main_20260712/harness/downstream/impact_env.py", line 353, in _response_artifact
    raise RuntimeError(f"protocol adapter {version} could not encode the worker result")
RuntimeError: protocol adapter 1.0-primary could not encode the worker result
Request Error (ID: 3a34c86c-5462-4c1d-bca4-0d61bbecdfde): Code=-32603, Message='protocol adapter 1.0-primary could not encode the worker result'
Agent execution failed
Traceback (most recent call last):
  File "/home/wjt/CardDiffBench_official_a2a_main_20260712/sut/transfer/official_a2a_protocol.py", line 27, in run_async
    asyncio.get_running_loop()
RuntimeError: no running event loop

During handling of the above exception, another exception occurred:

Traceback (most recent call last):
  File "/home/wjt/CardDiffBench_official_a2a_main_20260712/.venv/lib/python3.10/site-packages/a2a/server/request_handlers/default_request_handler.py", line 326, in on_message_send
    ) = await result_aggregator.consume_and_break_on_interrupt(
  File "/home/wjt/CardDiffBench_official_a2a_main_20260712/.venv/lib/python3.10/site-packages/a2a/server/tasks/result_aggregator.py", line 135, in consume_and_break_on_interrupt
    async for event in event_stream:
  File "/home/wjt/CardDiffBench_official_a2a_main_20260712/.venv/lib/python3.10/site-packages/a2a/server/events/event_consumer.py", line 87, in consume_all
    raise self._exception
  File "/home/wjt/CardDiffBench_official_a2a_main_20260712/.venv/lib/python3.10/site-packages/a2a/utils/telemetry.py", line 228, in async_wrapper
    result = await func(*args, **kwargs)
  File "/home/wjt/CardDiffBench_official_a2a_main_20260712/.venv/lib/python3.10/site-packages/a2a/server/request_handlers/default_request_handler.py", line 196, in _run_event_stream
    await self.agent_executor.execute(request, queue)
  File "/home/wjt/CardDiffBench_official_a2a_main_20260712/harness/transfer/official_a2a_peer.py", line 77, in execute
    artifact = self.env._response_artifact(body=body, identity=identity, scopes=scopes,
  File "/home/wjt/CardDiffBench_official_a2a_main_20260712/harness/downstream/impact_env.py", line 353, in _response_artifact
    raise RuntimeError(f"protocol adapter {version} could not encode the worker result")
RuntimeError: protocol adapter 1.0-primary could not encode the worker result
Unhandled exception
Traceback (most recent call last):
  File "/home/wjt/CardDiffBench_official_a2a_main_20260712/sut/transfer/official_a2a_protocol.py", line 27, in run_async
    asyncio.get_running_loop()
RuntimeError: no running event loop

During handling of the above exception, another exception occurred:

Traceback (most recent call last):
  File "/home/wjt/CardDiffBench_official_a2a_main_20260712/.venv/lib/python3.10/site-packages/a2a/server/apps/jsonrpc/jsonrpc_app.py", line 384, in _handle_requests
    return await self._process_non_streaming_request(
  File "/home/wjt/CardDiffBench_official_a2a_main_20260712/.venv/lib/python3.10/site-packages/a2a/server/apps/jsonrpc/jsonrpc_app.py", line 464, in _process_non_streaming_request
    handler_result = await self.handler.on_message_send(
  File "/home/wjt/CardDiffBench_official_a2a_main_20260712/.venv/lib/python3.10/site-packages/a2a/utils/telemetry.py", line 228, in async_wrapper
    result = await func(*args, **kwargs)
  File "/home/wjt/CardDiffBench_official_a2a_main_20260712/.venv/lib/python3.10/site-packages/a2a/server/request_handlers/jsonrpc_handler.py", line 107, in on_message_send
    task_or_message = await self.request_handler.on_message_send(
  File "/home/wjt/CardDiffBench_official_a2a_main_20260712/.venv/lib/python3.10/site-packages/a2a/utils/telemetry.py", line 228, in async_wrapper
    result = await func(*args, **kwargs)
  File "/home/wjt/CardDiffBench_official_a2a_main_20260712/.venv/lib/python3.10/site-packages/a2a/server/request_handlers/default_request_handler.py", line 348, in on_message_send
    await self._cleanup_producer(producer_task, task_id)
  File "/home/wjt/CardDiffBench_official_a2a_main_20260712/.venv/lib/python3.10/site-packages/a2a/utils/telemetry.py", line 228, in async_wrapper
    result = await func(*args, **kwargs)
  File "/home/wjt/CardDiffBench_official_a2a_main_20260712/.venv/lib/python3.10/site-packages/a2a/server/request_handlers/default_request_handler.py", line 445, in _cleanup_producer
    await producer_task
  File "/home/wjt/CardDiffBench_official_a2a_main_20260712/.venv/lib/python3.10/site-packages/a2a/utils/telemetry.py", line 228, in async_wrapper
    result = await func(*args, **kwargs)
  File "/home/wjt/CardDiffBench_official_a2a_main_20260712/.venv/lib/python3.10/site-packages/a2a/server/request_handlers/default_request_handler.py", line 196, in _run_event_stream
    await self.agent_executor.execute(request, queue)
  File "/home/wjt/CardDiffBench_official_a2a_main_20260712/harness/transfer/official_a2a_peer.py", line 77, in execute
    artifact = self.env._response_artifact(body=body, identity=identity, scopes=scopes,
  File "/home/wjt/CardDiffBench_official_a2a_main_20260712/harness/downstream/impact_env.py", line 353, in _response_artifact
    raise RuntimeError(f"protocol adapter {version} could not encode the worker result")
RuntimeError: protocol adapter 1.0-primary could not encode the worker result
Request Error (ID: ff349068-f000-46be-9a1b-b0bdd6263bce): Code=-32603, Message='protocol adapter 1.0-primary could not encode the worker result'
Agent execution failed
Traceback (most recent call last):
  File "/home/wjt/CardDiffBench_official_a2a_main_20260712/sut/transfer/official_a2a_protocol.py", line 27, in run_async
    asyncio.get_running_loop()
RuntimeError: no running event loop

During handling of the above exception, another exception occurred:

Traceback (most recent call last):
  File "/home/wjt/CardDiffBench_official_a2a_main_20260712/.venv/lib/python3.10/site-packages/a2a/server/request_handlers/default_request_handler.py", line 326, in on_message_send
    ) = await result_aggregator.consume_and_break_on_interrupt(
  File "/home/wjt/CardDiffBench_official_a2a_main_20260712/.venv/lib/python3.10/site-packages/a2a/server/tasks/result_aggregator.py", line 135, in consume_and_break_on_interrupt
    async for event in event_stream:
  File "/home/wjt/CardDiffBench_official_a2a_main_20260712/.venv/lib/python3.10/site-packages/a2a/server/events/event_consumer.py", line 87, in consume_all
    raise self._exception
  File "/home/wjt/CardDiffBench_official_a2a_main_20260712/.venv/lib/python3.10/site-packages/a2a/utils/telemetry.py", line 228, in async_wrapper
    result = await func(*args, **kwargs)
  File "/home/wjt/CardDiffBench_official_a2a_main_20260712/.venv/lib/python3.10/site-packages/a2a/server/request_handlers/default_request_handler.py", line 196, in _run_event_stream
    await self.agent_executor.execute(request, queue)
  File "/home/wjt/CardDiffBench_official_a2a_main_20260712/harness/transfer/official_a2a_peer.py", line 77, in execute
    artifact = self.env._response_artifact(body=body, identity=identity, scopes=scopes,
  File "/home/wjt/CardDiffBench_official_a2a_main_20260712/harness/downstream/impact_env.py", line 353, in _response_artifact
    raise RuntimeError(f"protocol adapter {version} could not encode the worker result")
RuntimeError: protocol adapter 1.0-primary could not encode the worker result
Unhandled exception
Traceback (most recent call last):
  File "/home/wjt/CardDiffBench_official_a2a_main_20260712/sut/transfer/official_a2a_protocol.py", line 27, in run_async
    asyncio.get_running_loop()
RuntimeError: no running event loop

During handling of the above exception, another exception occurred:

Traceback (most recent call last):
  File "/home/wjt/CardDiffBench_official_a2a_main_20260712/.venv/lib/python3.10/site-packages/a2a/server/apps/jsonrpc/jsonrpc_app.py", line 384, in _handle_requests
    return await self._process_non_streaming_request(
  File "/home/wjt/CardDiffBench_official_a2a_main_20260712/.venv/lib/python3.10/site-packages/a2a/server/apps/jsonrpc/jsonrpc_app.py", line 464, in _process_non_streaming_request
    handler_result = await self.handler.on_message_send(
  File "/home/wjt/CardDiffBench_official_a2a_main_20260712/.venv/lib/python3.10/site-packages/a2a/utils/telemetry.py", line 228, in async_wrapper
    result = await func(*args, **kwargs)
  File "/home/wjt/CardDiffBench_official_a2a_main_20260712/.venv/lib/python3.10/site-packages/a2a/server/request_handlers/jsonrpc_handler.py", line 107, in on_message_send
    task_or_message = await self.request_handler.on_message_send(
  File "/home/wjt/CardDiffBench_official_a2a_main_20260712/.venv/lib/python3.10/site-packages/a2a/utils/telemetry.py", line 228, in async_wrapper
    result = await func(*args, **kwargs)
  File "/home/wjt/CardDiffBench_official_a2a_main_20260712/.venv/lib/python3.10/site-packages/a2a/server/request_handlers/default_request_handler.py", line 348, in on_message_send
    await self._cleanup_producer(producer_task, task_id)
  File "/home/wjt/CardDiffBench_official_a2a_main_20260712/.venv/lib/python3.10/site-packages/a2a/utils/telemetry.py", line 228, in async_wrapper
    result = await func(*args, **kwargs)
  File "/home/wjt/CardDiffBench_official_a2a_main_20260712/.venv/lib/python3.10/site-packages/a2a/server/request_handlers/default_request_handler.py", line 445, in _cleanup_producer
    await producer_task
  File "/home/wjt/CardDiffBench_official_a2a_main_20260712/.venv/lib/python3.10/site-packages/a2a/utils/telemetry.py", line 228, in async_wrapper
    result = await func(*args, **kwargs)
  File "/home/wjt/CardDiffBench_official_a2a_main_20260712/.venv/lib/python3.10/site-packages/a2a/server/request_handlers/default_request_handler.py", line 196, in _run_event_stream
    await self.agent_executor.execute(request, queue)
  File "/home/wjt/CardDiffBench_official_a2a_main_20260712/harness/transfer/official_a2a_peer.py", line 77, in execute
    artifact = self.env._response_artifact(body=body, identity=identity, scopes=scopes,
  File "/home/wjt/CardDiffBench_official_a2a_main_20260712/harness/downstream/impact_env.py", line 353, in _response_artifact
    raise RuntimeError(f"protocol adapter {version} could not encode the worker result")
RuntimeError: protocol adapter 1.0-primary could not encode the worker result
Request Error (ID: e7673043-b23d-4ef0-b5fd-c75e928866e2): Code=-32603, Message='protocol adapter 1.0-primary could not encode the worker result'
Agent execution failed
Traceback (most recent call last):
  File "/home/wjt/CardDiffBench_official_a2a_main_20260712/sut/transfer/official_a2a_protocol.py", line 27, in run_async
    asyncio.get_running_loop()
RuntimeError: no running event loop

During handling of the above exception, another exception occurred:

Traceback (most recent call last):
  File "/home/wjt/CardDiffBench_official_a2a_main_20260712/.venv/lib/python3.10/site-packages/a2a/server/request_handlers/default_request_handler.py", line 326, in on_message_send
    ) = await result_aggregator.consume_and_break_on_interrupt(
  File "/home/wjt/CardDiffBench_official_a2a_main_20260712/.venv/lib/python3.10/site-packages/a2a/server/tasks/result_aggregator.py", line 135, in consume_and_break_on_interrupt
    async for event in event_stream:
  File "/home/wjt/CardDiffBench_official_a2a_main_20260712/.venv/lib/python3.10/site-packages/a2a/server/events/event_consumer.py", line 87, in consume_all
    raise self._exception
  File "/home/wjt/CardDiffBench_official_a2a_main_20260712/.venv/lib/python3.10/site-packages/a2a/utils/telemetry.py", line 228, in async_wrapper
    result = await func(*args, **kwargs)
  File "/home/wjt/CardDiffBench_official_a2a_main_20260712/.venv/lib/python3.10/site-packages/a2a/server/request_handlers/default_request_handler.py", line 196, in _run_event_stream
    await self.agent_executor.execute(request, queue)
  File "/home/wjt/CardDiffBench_official_a2a_main_20260712/harness/transfer/official_a2a_peer.py", line 77, in execute
    artifact = self.env._response_artifact(body=body, identity=identity, scopes=scopes,
  File "/home/wjt/CardDiffBench_official_a2a_main_20260712/harness/downstream/impact_env.py", line 353, in _response_artifact
    raise RuntimeError(f"protocol adapter {version} could not encode the worker result")
RuntimeError: protocol adapter 1.0-primary could not encode the worker result
Unhandled exception
Traceback (most recent call last):
  File "/home/wjt/CardDiffBench_official_a2a_main_20260712/sut/transfer/official_a2a_protocol.py", line 27, in run_async
    asyncio.get_running_loop()
RuntimeError: no running event loop

During handling of the above exception, another exception occurred:

Traceback (most recent call last):
  File "/home/wjt/CardDiffBench_official_a2a_main_20260712/.venv/lib/python3.10/site-packages/a2a/server/apps/jsonrpc/jsonrpc_app.py", line 384, in _handle_requests
    return await self._process_non_streaming_request(
  File "/home/wjt/CardDiffBench_official_a2a_main_20260712/.venv/lib/python3.10/site-packages/a2a/server/apps/jsonrpc/jsonrpc_app.py", line 464, in _process_non_streaming_request
    handler_result = await self.handler.on_message_send(
  File "/home/wjt/CardDiffBench_official_a2a_main_20260712/.venv/lib/python3.10/site-packages/a2a/utils/telemetry.py", line 228, in async_wrapper
    result = await func(*args, **kwargs)
  File "/home/wjt/CardDiffBench_official_a2a_main_20260712/.venv/lib/python3.10/site-packages/a2a/server/request_handlers/jsonrpc_handler.py", line 107, in on_message_send
    task_or_message = await self.request_handler.on_message_send(
  File "/home/wjt/CardDiffBench_official_a2a_main_20260712/.venv/lib/python3.10/site-packages/a2a/utils/telemetry.py", line 228, in async_wrapper
    result = await func(*args, **kwargs)
  File "/home/wjt/CardDiffBench_official_a2a_main_20260712/.venv/lib/python3.10/site-packages/a2a/server/request_handlers/default_request_handler.py", line 348, in on_message_send
    await self._cleanup_producer(producer_task, task_id)
  File "/home/wjt/CardDiffBench_official_a2a_main_20260712/.venv/lib/python3.10/site-packages/a2a/utils/telemetry.py", line 228, in async_wrapper
    result = await func(*args, **kwargs)
  File "/home/wjt/CardDiffBench_official_a2a_main_20260712/.venv/lib/python3.10/site-packages/a2a/server/request_handlers/default_request_handler.py", line 445, in _cleanup_producer
    await producer_task
  File "/home/wjt/CardDiffBench_official_a2a_main_20260712/.venv/lib/python3.10/site-packages/a2a/utils/telemetry.py", line 228, in async_wrapper
    result = await func(*args, **kwargs)
  File "/home/wjt/CardDiffBench_official_a2a_main_20260712/.venv/lib/python3.10/site-packages/a2a/server/request_handlers/default_request_handler.py", line 196, in _run_event_stream
    await self.agent_executor.execute(request, queue)
  File "/home/wjt/CardDiffBench_official_a2a_main_20260712/harness/transfer/official_a2a_peer.py", line 77, in execute
    artifact = self.env._response_artifact(body=body, identity=identity, scopes=scopes,
  File "/home/wjt/CardDiffBench_official_a2a_main_20260712/harness/downstream/impact_env.py", line 353, in _response_artifact
    raise RuntimeError(f"protocol adapter {version} could not encode the worker result")
RuntimeError: protocol adapter 1.0-primary could not encode the worker result
Request Error (ID: ee5e6a3d-ca5c-422d-8700-80247c48e20b): Code=-32603, Message='protocol adapter 1.0-primary could not encode the worker result'
Agent execution failed
Traceback (most recent call last):
  File "/home/wjt/CardDiffBench_official_a2a_main_20260712/sut/transfer/official_a2a_protocol.py", line 27, in run_async
    asyncio.get_running_loop()
RuntimeError: no running event loop

During handling of the above exception, another exception occurred:

Traceback (most recent call last):
  File "/home/wjt/CardDiffBench_official_a2a_main_20260712/.venv/lib/python3.10/site-packages/a2a/server/request_handlers/default_request_handler.py", line 326, in on_message_send
    ) = await result_aggregator.consume_and_break_on_interrupt(
  File "/home/wjt/CardDiffBench_official_a2a_main_20260712/.venv/lib/python3.10/site-packages/a2a/server/tasks/result_aggregator.py", line 135, in consume_and_break_on_interrupt
    async for event in event_stream:
  File "/home/wjt/CardDiffBench_official_a2a_main_20260712/.venv/lib/python3.10/site-packages/a2a/server/events/event_consumer.py", line 87, in consume_all
    raise self._exception
  File "/home/wjt/CardDiffBench_official_a2a_main_20260712/.venv/lib/python3.10/site-packages/a2a/utils/telemetry.py", line 228, in async_wrapper
    result = await func(*args, **kwargs)
  File "/home/wjt/CardDiffBench_official_a2a_main_20260712/.venv/lib/python3.10/site-packages/a2a/server/request_handlers/default_request_handler.py", line 196, in _run_event_stream
    await self.agent_executor.execute(request, queue)
  File "/home/wjt/CardDiffBench_official_a2a_main_20260712/harness/transfer/official_a2a_peer.py", line 77, in execute
    artifact = self.env._response_artifact(body=body, identity=identity, scopes=scopes,
  File "/home/wjt/CardDiffBench_official_a2a_main_20260712/harness/downstream/impact_env.py", line 353, in _response_artifact
    raise RuntimeError(f"protocol adapter {version} could not encode the worker result")
RuntimeError: protocol adapter 1.0-primary could not encode the worker result
Unhandled exception
Traceback (most recent call last):
  File "/home/wjt/CardDiffBench_official_a2a_main_20260712/sut/transfer/official_a2a_protocol.py", line 27, in run_async
    asyncio.get_running_loop()
RuntimeError: no running event loop

During handling of the above exception, another exception occurred:

Traceback (most recent call last):
  File "/home/wjt/CardDiffBench_official_a2a_main_20260712/.venv/lib/python3.10/site-packages/a2a/server/apps/jsonrpc/jsonrpc_app.py", line 384, in _handle_requests
    return await self._process_non_streaming_request(
  File "/home/wjt/CardDiffBench_official_a2a_main_20260712/.venv/lib/python3.10/site-packages/a2a/server/apps/jsonrpc/jsonrpc_app.py", line 464, in _process_non_streaming_request
    handler_result = await self.handler.on_message_send(
  File "/home/wjt/CardDiffBench_official_a2a_main_20260712/.venv/lib/python3.10/site-packages/a2a/utils/telemetry.py", line 228, in async_wrapper
    result = await func(*args, **kwargs)
  File "/home/wjt/CardDiffBench_official_a2a_main_20260712/.venv/lib/python3.10/site-packages/a2a/server/request_handlers/jsonrpc_handler.py", line 107, in on_message_send
    task_or_message = await self.request_handler.on_message_send(
  File "/home/wjt/CardDiffBench_official_a2a_main_20260712/.venv/lib/python3.10/site-packages/a2a/utils/telemetry.py", line 228, in async_wrapper
    result = await func(*args, **kwargs)
  File "/home/wjt/CardDiffBench_official_a2a_main_20260712/.venv/lib/python3.10/site-packages/a2a/server/request_handlers/default_request_handler.py", line 348, in on_message_send
    await self._cleanup_producer(producer_task, task_id)
  File "/home/wjt/CardDiffBench_official_a2a_main_20260712/.venv/lib/python3.10/site-packages/a2a/utils/telemetry.py", line 228, in async_wrapper
    result = await func(*args, **kwargs)
  File "/home/wjt/CardDiffBench_official_a2a_main_20260712/.venv/lib/python3.10/site-packages/a2a/server/request_handlers/default_request_handler.py", line 445, in _cleanup_producer
    await producer_task
  File "/home/wjt/CardDiffBench_official_a2a_main_20260712/.venv/lib/python3.10/site-packages/a2a/utils/telemetry.py", line 228, in async_wrapper
    result = await func(*args, **kwargs)
  File "/home/wjt/CardDiffBench_official_a2a_main_20260712/.venv/lib/python3.10/site-packages/a2a/server/request_handlers/default_request_handler.py", line 196, in _run_event_stream
    await self.agent_executor.execute(request, queue)
  File "/home/wjt/CardDiffBench_official_a2a_main_20260712/harness/transfer/official_a2a_peer.py", line 77, in execute
    artifact = self.env._response_artifact(body=body, identity=identity, scopes=scopes,
  File "/home/wjt/CardDiffBench_official_a2a_main_20260712/harness/downstream/impact_env.py", line 353, in _response_artifact
    raise RuntimeError(f"protocol adapter {version} could not encode the worker result")
RuntimeError: protocol adapter 1.0-primary could not encode the worker result
Request Error (ID: 2d0e220b-fc25-4aff-af80-ebb2f1c6d2c0): Code=-32603, Message='protocol adapter 1.0-primary could not encode the worker result'
Agent execution failed
Traceback (most recent call last):
  File "/home/wjt/CardDiffBench_official_a2a_main_20260712/sut/transfer/official_a2a_protocol.py", line 27, in run_async
    asyncio.get_running_loop()
RuntimeError: no running event loop

During handling of the above exception, another exception occurred:

Traceback (most recent call last):
  File "/home/wjt/CardDiffBench_official_a2a_main_20260712/.venv/lib/python3.10/site-packages/a2a/server/request_handlers/default_request_handler.py", line 326, in on_message_send
    ) = await result_aggregator.consume_and_break_on_interrupt(
  File "/home/wjt/CardDiffBench_official_a2a_main_20260712/.venv/lib/python3.10/site-packages/a2a/server/tasks/result_aggregator.py", line 135, in consume_and_break_on_interrupt
    async for event in event_stream:
  File "/home/wjt/CardDiffBench_official_a2a_main_20260712/.venv/lib/python3.10/site-packages/a2a/server/events/event_consumer.py", line 87, in consume_all
    raise self._exception
  File "/home/wjt/CardDiffBench_official_a2a_main_20260712/.venv/lib/python3.10/site-packages/a2a/utils/telemetry.py", line 228, in async_wrapper
    result = await func(*args, **kwargs)
  File "/home/wjt/CardDiffBench_official_a2a_main_20260712/.venv/lib/python3.10/site-packages/a2a/server/request_handlers/default_request_handler.py", line 196, in _run_event_stream
    await self.agent_executor.execute(request, queue)
  File "/home/wjt/CardDiffBench_official_a2a_main_20260712/harness/transfer/official_a2a_peer.py", line 77, in execute
    artifact = self.env._response_artifact(body=body, identity=identity, scopes=scopes,
  File "/home/wjt/CardDiffBench_official_a2a_main_20260712/harness/downstream/impact_env.py", line 353, in _response_artifact
    raise RuntimeError(f"protocol adapter {version} could not encode the worker result")
RuntimeError: protocol adapter 1.0-primary could not encode the worker result
Unhandled exception
Traceback (most recent call last):
  File "/home/wjt/CardDiffBench_official_a2a_main_20260712/sut/transfer/official_a2a_protocol.py", line 27, in run_async
    asyncio.get_running_loop()
RuntimeError: no running event loop

During handling of the above exception, another exception occurred:

Traceback (most recent call last):
  File "/home/wjt/CardDiffBench_official_a2a_main_20260712/.venv/lib/python3.10/site-packages/a2a/server/apps/jsonrpc/jsonrpc_app.py", line 384, in _handle_requests
    return await self._process_non_streaming_request(
  File "/home/wjt/CardDiffBench_official_a2a_main_20260712/.venv/lib/python3.10/site-packages/a2a/server/apps/jsonrpc/jsonrpc_app.py", line 464, in _process_non_streaming_request
    handler_result = await self.handler.on_message_send(
  File "/home/wjt/CardDiffBench_official_a2a_main_20260712/.venv/lib/python3.10/site-packages/a2a/utils/telemetry.py", line 228, in async_wrapper
    result = await func(*args, **kwargs)
  File "/home/wjt/CardDiffBench_official_a2a_main_20260712/.venv/lib/python3.10/site-packages/a2a/server/request_handlers/jsonrpc_handler.py", line 107, in on_message_send
    task_or_message = await self.request_handler.on_message_send(
  File "/home/wjt/CardDiffBench_official_a2a_main_20260712/.venv/lib/python3.10/site-packages/a2a/utils/telemetry.py", line 228, in async_wrapper
    result = await func(*args, **kwargs)
  File "/home/wjt/CardDiffBench_official_a2a_main_20260712/.venv/lib/python3.10/site-packages/a2a/server/request_handlers/default_request_handler.py", line 348, in on_message_send
    await self._cleanup_producer(producer_task, task_id)
  File "/home/wjt/CardDiffBench_official_a2a_main_20260712/.venv/lib/python3.10/site-packages/a2a/utils/telemetry.py", line 228, in async_wrapper
    result = await func(*args, **kwargs)
  File "/home/wjt/CardDiffBench_official_a2a_main_20260712/.venv/lib/python3.10/site-packages/a2a/server/request_handlers/default_request_handler.py", line 445, in _cleanup_producer
    await producer_task
  File "/home/wjt/CardDiffBench_official_a2a_main_20260712/.venv/lib/python3.10/site-packages/a2a/utils/telemetry.py", line 228, in async_wrapper
    result = await func(*args, **kwargs)
  File "/home/wjt/CardDiffBench_official_a2a_main_20260712/.venv/lib/python3.10/site-packages/a2a/server/request_handlers/default_request_handler.py", line 196, in _run_event_stream
    await self.agent_executor.execute(request, queue)
  File "/home/wjt/CardDiffBench_official_a2a_main_20260712/harness/transfer/official_a2a_peer.py", line 77, in execute
    artifact = self.env._response_artifact(body=body, identity=identity, scopes=scopes,
  File "/home/wjt/CardDiffBench_official_a2a_main_20260712/harness/downstream/impact_env.py", line 353, in _response_artifact
    raise RuntimeError(f"protocol adapter {version} could not encode the worker result")
RuntimeError: protocol adapter 1.0-primary could not encode the worker result
Request Error (ID: 650f6748-aad7-4af8-83eb-62d444677251): Code=-32603, Message='protocol adapter 1.0-primary could not encode the worker result'
Agent execution failed
Traceback (most recent call last):
  File "/home/wjt/CardDiffBench_official_a2a_main_20260712/sut/transfer/official_a2a_protocol.py", line 27, in run_async
    asyncio.get_running_loop()
RuntimeError: no running event loop

During handling of the above exception, another exception occurred:

Traceback (most recent call last):
  File "/home/wjt/CardDiffBench_official_a2a_main_20260712/.venv/lib/python3.10/site-packages/a2a/server/request_handlers/default_request_handler.py", line 326, in on_message_send
    ) = await result_aggregator.consume_and_break_on_interrupt(
  File "/home/wjt/CardDiffBench_official_a2a_main_20260712/.venv/lib/python3.10/site-packages/a2a/server/tasks/result_aggregator.py", line 135, in consume_and_break_on_interrupt
    async for event in event_stream:
  File "/home/wjt/CardDiffBench_official_a2a_main_20260712/.venv/lib/python3.10/site-packages/a2a/server/events/event_consumer.py", line 87, in consume_all
    raise self._exception
  File "/home/wjt/CardDiffBench_official_a2a_main_20260712/.venv/lib/python3.10/site-packages/a2a/utils/telemetry.py", line 228, in async_wrapper
    result = await func(*args, **kwargs)
  File "/home/wjt/CardDiffBench_official_a2a_main_20260712/.venv/lib/python3.10/site-packages/a2a/server/request_handlers/default_request_handler.py", line 196, in _run_event_stream
    await self.agent_executor.execute(request, queue)
  File "/home/wjt/CardDiffBench_official_a2a_main_20260712/harness/transfer/official_a2a_peer.py", line 77, in execute
    artifact = self.env._response_artifact(body=body, identity=identity, scopes=scopes,
  File "/home/wjt/CardDiffBench_official_a2a_main_20260712/harness/downstream/impact_env.py", line 353, in _response_artifact
    raise RuntimeError(f"protocol adapter {version} could not encode the worker result")
RuntimeError: protocol adapter 1.0-primary could not encode the worker result
Unhandled exception
Traceback (most recent call last):
  File "/home/wjt/CardDiffBench_official_a2a_main_20260712/sut/transfer/official_a2a_protocol.py", line 27, in run_async
    asyncio.get_running_loop()
RuntimeError: no running event loop

During handling of the above exception, another exception occurred:

Traceback (most recent call last):
  File "/home/wjt/CardDiffBench_official_a2a_main_20260712/.venv/lib/python3.10/site-packages/a2a/server/apps/jsonrpc/jsonrpc_app.py", line 384, in _handle_requests
    return await self._process_non_streaming_request(
  File "/home/wjt/CardDiffBench_official_a2a_main_20260712/.venv/lib/python3.10/site-packages/a2a/server/apps/jsonrpc/jsonrpc_app.py", line 464, in _process_non_streaming_request
    handler_result = await self.handler.on_message_send(
  File "/home/wjt/CardDiffBench_official_a2a_main_20260712/.venv/lib/python3.10/site-packages/a2a/utils/telemetry.py", line 228, in async_wrapper
    result = await func(*args, **kwargs)
  File "/home/wjt/CardDiffBench_official_a2a_main_20260712/.venv/lib/python3.10/site-packages/a2a/server/request_handlers/jsonrpc_handler.py", line 107, in on_message_send
    task_or_message = await self.request_handler.on_message_send(
  File "/home/wjt/CardDiffBench_official_a2a_main_20260712/.venv/lib/python3.10/site-packages/a2a/utils/telemetry.py", line 228, in async_wrapper
    result = await func(*args, **kwargs)
  File "/home/wjt/CardDiffBench_official_a2a_main_20260712/.venv/lib/python3.10/site-packages/a2a/server/request_handlers/default_request_handler.py", line 348, in on_message_send
    await self._cleanup_producer(producer_task, task_id)
  File "/home/wjt/CardDiffBench_official_a2a_main_20260712/.venv/lib/python3.10/site-packages/a2a/utils/telemetry.py", line 228, in async_wrapper
    result = await func(*args, **kwargs)
  File "/home/wjt/CardDiffBench_official_a2a_main_20260712/.venv/lib/python3.10/site-packages/a2a/server/request_handlers/default_request_handler.py", line 445, in _cleanup_producer
    await producer_task
  File "/home/wjt/CardDiffBench_official_a2a_main_20260712/.venv/lib/python3.10/site-packages/a2a/utils/telemetry.py", line 228, in async_wrapper
    result = await func(*args, **kwargs)
  File "/home/wjt/CardDiffBench_official_a2a_main_20260712/.venv/lib/python3.10/site-packages/a2a/server/request_handlers/default_request_handler.py", line 196, in _run_event_stream
    await self.agent_executor.execute(request, queue)
  File "/home/wjt/CardDiffBench_official_a2a_main_20260712/harness/transfer/official_a2a_peer.py", line 77, in execute
    artifact = self.env._response_artifact(body=body, identity=identity, scopes=scopes,
  File "/home/wjt/CardDiffBench_official_a2a_main_20260712/harness/downstream/impact_env.py", line 353, in _response_artifact
    raise RuntimeError(f"protocol adapter {version} could not encode the worker result")
RuntimeError: protocol adapter 1.0-primary could not encode the worker result
Request Error (ID: 713fa7a5-8394-4e34-8504-e747f36dcee3): Code=-32603, Message='protocol adapter 1.0-primary could not encode the worker result'
Agent execution failed
Traceback (most recent call last):
  File "/home/wjt/CardDiffBench_official_a2a_main_20260712/sut/transfer/official_a2a_protocol.py", line 27, in run_async
    asyncio.get_running_loop()
RuntimeError: no running event loop

During handling of the above exception, another exception occurred:

Traceback (most recent call last):
  File "/home/wjt/CardDiffBench_official_a2a_main_20260712/.venv/lib/python3.10/site-packages/a2a/server/request_handlers/default_request_handler.py", line 326, in on_message_send
    ) = await result_aggregator.consume_and_break_on_interrupt(
  File "/home/wjt/CardDiffBench_official_a2a_main_20260712/.venv/lib/python3.10/site-packages/a2a/server/tasks/result_aggregator.py", line 135, in consume_and_break_on_interrupt
    async for event in event_stream:
  File "/home/wjt/CardDiffBench_official_a2a_main_20260712/.venv/lib/python3.10/site-packages/a2a/server/events/event_consumer.py", line 87, in consume_all
    raise self._exception
  File "/home/wjt/CardDiffBench_official_a2a_main_20260712/.venv/lib/python3.10/site-packages/a2a/utils/telemetry.py", line 228, in async_wrapper
    result = await func(*args, **kwargs)
  File "/home/wjt/CardDiffBench_official_a2a_main_20260712/.venv/lib/python3.10/site-packages/a2a/server/request_handlers/default_request_handler.py", line 196, in _run_event_stream
    await self.agent_executor.execute(request, queue)
  File "/home/wjt/CardDiffBench_official_a2a_main_20260712/harness/transfer/official_a2a_peer.py", line 77, in execute
    artifact = self.env._response_artifact(body=body, identity=identity, scopes=scopes,
  File "/home/wjt/CardDiffBench_official_a2a_main_20260712/harness/downstream/impact_env.py", line 353, in _response_artifact
    raise RuntimeError(f"protocol adapter {version} could not encode the worker result")
RuntimeError: protocol adapter 1.0-primary could not encode the worker result
Unhandled exception
Traceback (most recent call last):
  File "/home/wjt/CardDiffBench_official_a2a_main_20260712/sut/transfer/official_a2a_protocol.py", line 27, in run_async
    asyncio.get_running_loop()
RuntimeError: no running event loop

During handling of the above exception, another exception occurred:

Traceback (most recent call last):
  File "/home/wjt/CardDiffBench_official_a2a_main_20260712/.venv/lib/python3.10/site-packages/a2a/server/apps/jsonrpc/jsonrpc_app.py", line 384, in _handle_requests
    return await self._process_non_streaming_request(
  File "/home/wjt/CardDiffBench_official_a2a_main_20260712/.venv/lib/python3.10/site-packages/a2a/server/apps/jsonrpc/jsonrpc_app.py", line 464, in _process_non_streaming_request
    handler_result = await self.handler.on_message_send(
  File "/home/wjt/CardDiffBench_official_a2a_main_20260712/.venv/lib/python3.10/site-packages/a2a/utils/telemetry.py", line 228, in async_wrapper
    result = await func(*args, **kwargs)
  File "/home/wjt/CardDiffBench_official_a2a_main_20260712/.venv/lib/python3.10/site-packages/a2a/server/request_handlers/jsonrpc_handler.py", line 107, in on_message_send
    task_or_message = await self.request_handler.on_message_send(
  File "/home/wjt/CardDiffBench_official_a2a_main_20260712/.venv/lib/python3.10/site-packages/a2a/utils/telemetry.py", line 228, in async_wrapper
    result = await func(*args, **kwargs)
  File "/home/wjt/CardDiffBench_official_a2a_main_20260712/.venv/lib/python3.10/site-packages/a2a/server/request_handlers/default_request_handler.py", line 348, in on_message_send
    await self._cleanup_producer(producer_task, task_id)
  File "/home/wjt/CardDiffBench_official_a2a_main_20260712/.venv/lib/python3.10/site-packages/a2a/utils/telemetry.py", line 228, in async_wrapper
    result = await func(*args, **kwargs)
  File "/home/wjt/CardDiffBench_official_a2a_main_20260712/.venv/lib/python3.10/site-packages/a2a/server/request_handlers/default_request_handler.py", line 445, in _cleanup_producer
    await producer_task
  File "/home/wjt/CardDiffBench_official_a2a_main_20260712/.venv/lib/python3.10/site-packages/a2a/utils/telemetry.py", line 228, in async_wrapper
    result = await func(*args, **kwargs)
  File "/home/wjt/CardDiffBench_official_a2a_main_20260712/.venv/lib/python3.10/site-packages/a2a/server/request_handlers/default_request_handler.py", line 196, in _run_event_stream
    await self.agent_executor.execute(request, queue)
  File "/home/wjt/CardDiffBench_official_a2a_main_20260712/harness/transfer/official_a2a_peer.py", line 77, in execute
    artifact = self.env._response_artifact(body=body, identity=identity, scopes=scopes,
  File "/home/wjt/CardDiffBench_official_a2a_main_20260712/harness/downstream/impact_env.py", line 353, in _response_artifact
    raise RuntimeError(f"protocol adapter {version} could not encode the worker result")
RuntimeError: protocol adapter 1.0-primary could not encode the worker result
Request Error (ID: 59808ba5-ec0d-4566-88ed-ef0d400b85f3): Code=-32603, Message='protocol adapter 1.0-primary could not encode the worker result'
Agent execution failed
Traceback (most recent call last):
  File "/home/wjt/CardDiffBench_official_a2a_main_20260712/sut/transfer/official_a2a_protocol.py", line 27, in run_async
    asyncio.get_running_loop()
RuntimeError: no running event loop

During handling of the above exception, another exception occurred:

Traceback (most recent call last):
  File "/home/wjt/CardDiffBench_official_a2a_main_20260712/.venv/lib/python3.10/site-packages/a2a/server/request_handlers/default_request_handler.py", line 326, in on_message_send
    ) = await result_aggregator.consume_and_break_on_interrupt(
  File "/home/wjt/CardDiffBench_official_a2a_main_20260712/.venv/lib/python3.10/site-packages/a2a/server/tasks/result_aggregator.py", line 135, in consume_and_break_on_interrupt
    async for event in event_stream:
  File "/home/wjt/CardDiffBench_official_a2a_main_20260712/.venv/lib/python3.10/site-packages/a2a/server/events/event_consumer.py", line 87, in consume_all
    raise self._exception
  File "/home/wjt/CardDiffBench_official_a2a_main_20260712/.venv/lib/python3.10/site-packages/a2a/utils/telemetry.py", line 228, in async_wrapper
    result = await func(*args, **kwargs)
  File "/home/wjt/CardDiffBench_official_a2a_main_20260712/.venv/lib/python3.10/site-packages/a2a/server/request_handlers/default_request_handler.py", line 196, in _run_event_stream
    await self.agent_executor.execute(request, queue)
  File "/home/wjt/CardDiffBench_official_a2a_main_20260712/harness/transfer/official_a2a_peer.py", line 77, in execute
    artifact = self.env._response_artifact(body=body, identity=identity, scopes=scopes,
  File "/home/wjt/CardDiffBench_official_a2a_main_20260712/harness/downstream/impact_env.py", line 353, in _response_artifact
    raise RuntimeError(f"protocol adapter {version} could not encode the worker result")
RuntimeError: protocol adapter 1.0-primary could not encode the worker result
Unhandled exception
Traceback (most recent call last):
  File "/home/wjt/CardDiffBench_official_a2a_main_20260712/sut/transfer/official_a2a_protocol.py", line 27, in run_async
    asyncio.get_running_loop()
RuntimeError: no running event loop

During handling of the above exception, another exception occurred:

Traceback (most recent call last):
  File "/home/wjt/CardDiffBench_official_a2a_main_20260712/.venv/lib/python3.10/site-packages/a2a/server/apps/jsonrpc/jsonrpc_app.py", line 384, in _handle_requests
    return await self._process_non_streaming_request(
  File "/home/wjt/CardDiffBench_official_a2a_main_20260712/.venv/lib/python3.10/site-packages/a2a/server/apps/jsonrpc/jsonrpc_app.py", line 464, in _process_non_streaming_request
    handler_result = await self.handler.on_message_send(
  File "/home/wjt/CardDiffBench_official_a2a_main_20260712/.venv/lib/python3.10/site-packages/a2a/utils/telemetry.py", line 228, in async_wrapper
    result = await func(*args, **kwargs)
  File "/home/wjt/CardDiffBench_official_a2a_main_20260712/.venv/lib/python3.10/site-packages/a2a/server/request_handlers/jsonrpc_handler.py", line 107, in on_message_send
    task_or_message = await self.request_handler.on_message_send(
  File "/home/wjt/CardDiffBench_official_a2a_main_20260712/.venv/lib/python3.10/site-packages/a2a/utils/telemetry.py", line 228, in async_wrapper
    result = await func(*args, **kwargs)
  File "/home/wjt/CardDiffBench_official_a2a_main_20260712/.venv/lib/python3.10/site-packages/a2a/server/request_handlers/default_request_handler.py", line 348, in on_message_send
    await self._cleanup_producer(producer_task, task_id)
  File "/home/wjt/CardDiffBench_official_a2a_main_20260712/.venv/lib/python3.10/site-packages/a2a/utils/telemetry.py", line 228, in async_wrapper
    result = await func(*args, **kwargs)
  File "/home/wjt/CardDiffBench_official_a2a_main_20260712/.venv/lib/python3.10/site-packages/a2a/server/request_handlers/default_request_handler.py", line 445, in _cleanup_producer
    await producer_task
  File "/home/wjt/CardDiffBench_official_a2a_main_20260712/.venv/lib/python3.10/site-packages/a2a/utils/telemetry.py", line 228, in async_wrapper
    result = await func(*args, **kwargs)
  File "/home/wjt/CardDiffBench_official_a2a_main_20260712/.venv/lib/python3.10/site-packages/a2a/server/request_handlers/default_request_handler.py", line 196, in _run_event_stream
    await self.agent_executor.execute(request, queue)
  File "/home/wjt/CardDiffBench_official_a2a_main_20260712/harness/transfer/official_a2a_peer.py", line 77, in execute
    artifact = self.env._response_artifact(body=body, identity=identity, scopes=scopes,
  File "/home/wjt/CardDiffBench_official_a2a_main_20260712/harness/downstream/impact_env.py", line 353, in _response_artifact
    raise RuntimeError(f"protocol adapter {version} could not encode the worker result")
RuntimeError: protocol adapter 1.0-primary could not encode the worker result
Request Error (ID: b62149f5-f2ee-4894-8604-b8023543368b): Code=-32603, Message='protocol adapter 1.0-primary could not encode the worker result'
Agent execution failed
Traceback (most recent call last):
  File "/home/wjt/CardDiffBench_official_a2a_main_20260712/sut/transfer/official_a2a_protocol.py", line 27, in run_async
    asyncio.get_running_loop()
RuntimeError: no running event loop

During handling of the above exception, another exception occurred:

Traceback (most recent call last):
  File "/home/wjt/CardDiffBench_official_a2a_main_20260712/.venv/lib/python3.10/site-packages/a2a/server/request_handlers/default_request_handler.py", line 326, in on_message_send
    ) = await result_aggregator.consume_and_break_on_interrupt(
  File "/home/wjt/CardDiffBench_official_a2a_main_20260712/.venv/lib/python3.10/site-packages/a2a/server/tasks/result_aggregator.py", line 135, in consume_and_break_on_interrupt
    async for event in event_stream:
  File "/home/wjt/CardDiffBench_official_a2a_main_20260712/.venv/lib/python3.10/site-packages/a2a/server/events/event_consumer.py", line 87, in consume_all
    raise self._exception
  File "/home/wjt/CardDiffBench_official_a2a_main_20260712/.venv/lib/python3.10/site-packages/a2a/utils/telemetry.py", line 228, in async_wrapper
    result = await func(*args, **kwargs)
  File "/home/wjt/CardDiffBench_official_a2a_main_20260712/.venv/lib/python3.10/site-packages/a2a/server/request_handlers/default_request_handler.py", line 196, in _run_event_stream
    await self.agent_executor.execute(request, queue)
  File "/home/wjt/CardDiffBench_official_a2a_main_20260712/harness/transfer/official_a2a_peer.py", line 77, in execute
    artifact = self.env._response_artifact(body=body, identity=identity, scopes=scopes,
  File "/home/wjt/CardDiffBench_official_a2a_main_20260712/harness/downstream/impact_env.py", line 353, in _response_artifact
    raise RuntimeError(f"protocol adapter {version} could not encode the worker result")
RuntimeError: protocol adapter 1.0-primary could not encode the worker result
Unhandled exception
Traceback (most recent call last):
  File "/home/wjt/CardDiffBench_official_a2a_main_20260712/sut/transfer/official_a2a_protocol.py", line 27, in run_async
    asyncio.get_running_loop()
RuntimeError: no running event loop

During handling of the above exception, another exception occurred:

Traceback (most recent call last):
  File "/home/wjt/CardDiffBench_official_a2a_main_20260712/.venv/lib/python3.10/site-packages/a2a/server/apps/jsonrpc/jsonrpc_app.py", line 384, in _handle_requests
    return await self._process_non_streaming_request(
  File "/home/wjt/CardDiffBench_official_a2a_main_20260712/.venv/lib/python3.10/site-packages/a2a/server/apps/jsonrpc/jsonrpc_app.py", line 464, in _process_non_streaming_request
    handler_result = await self.handler.on_message_send(
  File "/home/wjt/CardDiffBench_official_a2a_main_20260712/.venv/lib/python3.10/site-packages/a2a/utils/telemetry.py", line 228, in async_wrapper
    result = await func(*args, **kwargs)
  File "/home/wjt/CardDiffBench_official_a2a_main_20260712/.venv/lib/python3.10/site-packages/a2a/server/request_handlers/jsonrpc_handler.py", line 107, in on_message_send
    task_or_message = await self.request_handler.on_message_send(
  File "/home/wjt/CardDiffBench_official_a2a_main_20260712/.venv/lib/python3.10/site-packages/a2a/utils/telemetry.py", line 228, in async_wrapper
    result = await func(*args, **kwargs)
  File "/home/wjt/CardDiffBench_official_a2a_main_20260712/.venv/lib/python3.10/site-packages/a2a/server/request_handlers/default_request_handler.py", line 348, in on_message_send
    await self._cleanup_producer(producer_task, task_id)
  File "/home/wjt/CardDiffBench_official_a2a_main_20260712/.venv/lib/python3.10/site-packages/a2a/utils/telemetry.py", line 228, in async_wrapper
    result = await func(*args, **kwargs)
  File "/home/wjt/CardDiffBench_official_a2a_main_20260712/.venv/lib/python3.10/site-packages/a2a/server/request_handlers/default_request_handler.py", line 445, in _cleanup_producer
    await producer_task
  File "/home/wjt/CardDiffBench_official_a2a_main_20260712/.venv/lib/python3.10/site-packages/a2a/utils/telemetry.py", line 228, in async_wrapper
    result = await func(*args, **kwargs)
  File "/home/wjt/CardDiffBench_official_a2a_main_20260712/.venv/lib/python3.10/site-packages/a2a/server/request_handlers/default_request_handler.py", line 196, in _run_event_stream
    await self.agent_executor.execute(request, queue)
  File "/home/wjt/CardDiffBench_official_a2a_main_20260712/harness/transfer/official_a2a_peer.py", line 77, in execute
    artifact = self.env._response_artifact(body=body, identity=identity, scopes=scopes,
  File "/home/wjt/CardDiffBench_official_a2a_main_20260712/harness/downstream/impact_env.py", line 353, in _response_artifact
    raise RuntimeError(f"protocol adapter {version} could not encode the worker result")
RuntimeError: protocol adapter 1.0-primary could not encode the worker result
Request Error (ID: b15715d4-b2b2-4977-93d0-2d9d1a4ffdc4): Code=-32603, Message='protocol adapter 1.0-primary could not encode the worker result'
Agent execution failed
Traceback (most recent call last):
  File "/home/wjt/CardDiffBench_official_a2a_main_20260712/sut/transfer/official_a2a_protocol.py", line 27, in run_async
    asyncio.get_running_loop()
RuntimeError: no running event loop

During handling of the above exception, another exception occurred:

Traceback (most recent call last):
  File "/home/wjt/CardDiffBench_official_a2a_main_20260712/.venv/lib/python3.10/site-packages/a2a/server/request_handlers/default_request_handler.py", line 326, in on_message_send
    ) = await result_aggregator.consume_and_break_on_interrupt(
  File "/home/wjt/CardDiffBench_official_a2a_main_20260712/.venv/lib/python3.10/site-packages/a2a/server/tasks/result_aggregator.py", line 135, in consume_and_break_on_interrupt
    async for event in event_stream:
  File "/home/wjt/CardDiffBench_official_a2a_main_20260712/.venv/lib/python3.10/site-packages/a2a/server/events/event_consumer.py", line 87, in consume_all
    raise self._exception
  File "/home/wjt/CardDiffBench_official_a2a_main_20260712/.venv/lib/python3.10/site-packages/a2a/utils/telemetry.py", line 228, in async_wrapper
    result = await func(*args, **kwargs)
  File "/home/wjt/CardDiffBench_official_a2a_main_20260712/.venv/lib/python3.10/site-packages/a2a/server/request_handlers/default_request_handler.py", line 196, in _run_event_stream
    await self.agent_executor.execute(request, queue)
  File "/home/wjt/CardDiffBench_official_a2a_main_20260712/harness/transfer/official_a2a_peer.py", line 77, in execute
    artifact = self.env._response_artifact(body=body, identity=identity, scopes=scopes,
  File "/home/wjt/CardDiffBench_official_a2a_main_20260712/harness/downstream/impact_env.py", line 353, in _response_artifact
    raise RuntimeError(f"protocol adapter {version} could not encode the worker result")
RuntimeError: protocol adapter 1.0-primary could not encode the worker result
Unhandled exception
Traceback (most recent call last):
  File "/home/wjt/CardDiffBench_official_a2a_main_20260712/sut/transfer/official_a2a_protocol.py", line 27, in run_async
    asyncio.get_running_loop()
RuntimeError: no running event loop

During handling of the above exception, another exception occurred:

Traceback (most recent call last):
  File "/home/wjt/CardDiffBench_official_a2a_main_20260712/.venv/lib/python3.10/site-packages/a2a/server/apps/jsonrpc/jsonrpc_app.py", line 384, in _handle_requests
    return await self._process_non_streaming_request(
  File "/home/wjt/CardDiffBench_official_a2a_main_20260712/.venv/lib/python3.10/site-packages/a2a/server/apps/jsonrpc/jsonrpc_app.py", line 464, in _process_non_streaming_request
    handler_result = await self.handler.on_message_send(
  File "/home/wjt/CardDiffBench_official_a2a_main_20260712/.venv/lib/python3.10/site-packages/a2a/utils/telemetry.py", line 228, in async_wrapper
    result = await func(*args, **kwargs)
  File "/home/wjt/CardDiffBench_official_a2a_main_20260712/.venv/lib/python3.10/site-packages/a2a/server/request_handlers/jsonrpc_handler.py", line 107, in on_message_send
    task_or_message = await self.request_handler.on_message_send(
  File "/home/wjt/CardDiffBench_official_a2a_main_20260712/.venv/lib/python3.10/site-packages/a2a/utils/telemetry.py", line 228, in async_wrapper
    result = await func(*args, **kwargs)
  File "/home/wjt/CardDiffBench_official_a2a_main_20260712/.venv/lib/python3.10/site-packages/a2a/server/request_handlers/default_request_handler.py", line 348, in on_message_send
    await self._cleanup_producer(producer_task, task_id)
  File "/home/wjt/CardDiffBench_official_a2a_main_20260712/.venv/lib/python3.10/site-packages/a2a/utils/telemetry.py", line 228, in async_wrapper
    result = await func(*args, **kwargs)
  File "/home/wjt/CardDiffBench_official_a2a_main_20260712/.venv/lib/python3.10/site-packages/a2a/server/request_handlers/default_request_handler.py", line 445, in _cleanup_producer
    await producer_task
  File "/home/wjt/CardDiffBench_official_a2a_main_20260712/.venv/lib/python3.10/site-packages/a2a/utils/telemetry.py", line 228, in async_wrapper
    result = await func(*args, **kwargs)
  File "/home/wjt/CardDiffBench_official_a2a_main_20260712/.venv/lib/python3.10/site-packages/a2a/server/request_handlers/default_request_handler.py", line 196, in _run_event_stream
    await self.agent_executor.execute(request, queue)
  File "/home/wjt/CardDiffBench_official_a2a_main_20260712/harness/transfer/official_a2a_peer.py", line 77, in execute
    artifact = self.env._response_artifact(body=body, identity=identity, scopes=scopes,
  File "/home/wjt/CardDiffBench_official_a2a_main_20260712/harness/downstream/impact_env.py", line 353, in _response_artifact
    raise RuntimeError(f"protocol adapter {version} could not encode the worker result")
RuntimeError: protocol adapter 1.0-primary could not encode the worker result
Request Error (ID: 47920f66-5179-46eb-ab2c-45bf1065ebfe): Code=-32603, Message='protocol adapter 1.0-primary could not encode the worker result'
Agent execution failed
Traceback (most recent call last):
  File "/home/wjt/CardDiffBench_official_a2a_main_20260712/sut/transfer/official_a2a_protocol.py", line 27, in run_async
    asyncio.get_running_loop()
RuntimeError: no running event loop

During handling of the above exception, another exception occurred:

Traceback (most recent call last):
  File "/home/wjt/CardDiffBench_official_a2a_main_20260712/.venv/lib/python3.10/site-packages/a2a/server/request_handlers/default_request_handler.py", line 326, in on_message_send
    ) = await result_aggregator.consume_and_break_on_interrupt(
  File "/home/wjt/CardDiffBench_official_a2a_main_20260712/.venv/lib/python3.10/site-packages/a2a/server/tasks/result_aggregator.py", line 135, in consume_and_break_on_interrupt
    async for event in event_stream:
  File "/home/wjt/CardDiffBench_official_a2a_main_20260712/.venv/lib/python3.10/site-packages/a2a/server/events/event_consumer.py", line 87, in consume_all
    raise self._exception
  File "/home/wjt/CardDiffBench_official_a2a_main_20260712/.venv/lib/python3.10/site-packages/a2a/utils/telemetry.py", line 228, in async_wrapper
    result = await func(*args, **kwargs)
  File "/home/wjt/CardDiffBench_official_a2a_main_20260712/.venv/lib/python3.10/site-packages/a2a/server/request_handlers/default_request_handler.py", line 196, in _run_event_stream
    await self.agent_executor.execute(request, queue)
  File "/home/wjt/CardDiffBench_official_a2a_main_20260712/harness/transfer/official_a2a_peer.py", line 77, in execute
    artifact = self.env._response_artifact(body=body, identity=identity, scopes=scopes,
  File "/home/wjt/CardDiffBench_official_a2a_main_20260712/harness/downstream/impact_env.py", line 353, in _response_artifact
    raise RuntimeError(f"protocol adapter {version} could not encode the worker result")
RuntimeError: protocol adapter 1.0-primary could not encode the worker result
Unhandled exception
Traceback (most recent call last):
  File "/home/wjt/CardDiffBench_official_a2a_main_20260712/sut/transfer/official_a2a_protocol.py", line 27, in run_async
    asyncio.get_running_loop()
RuntimeError: no running event loop

During handling of the above exception, another exception occurred:

Traceback (most recent call last):
  File "/home/wjt/CardDiffBench_official_a2a_main_20260712/.venv/lib/python3.10/site-packages/a2a/server/apps/jsonrpc/jsonrpc_app.py", line 384, in _handle_requests
    return await self._process_non_streaming_request(
  File "/home/wjt/CardDiffBench_official_a2a_main_20260712/.venv/lib/python3.10/site-packages/a2a/server/apps/jsonrpc/jsonrpc_app.py", line 464, in _process_non_streaming_request
    handler_result = await self.handler.on_message_send(
  File "/home/wjt/CardDiffBench_official_a2a_main_20260712/.venv/lib/python3.10/site-packages/a2a/utils/telemetry.py", line 228, in async_wrapper
    result = await func(*args, **kwargs)
  File "/home/wjt/CardDiffBench_official_a2a_main_20260712/.venv/lib/python3.10/site-packages/a2a/server/request_handlers/jsonrpc_handler.py", line 107, in on_message_send
    task_or_message = await self.request_handler.on_message_send(
  File "/home/wjt/CardDiffBench_official_a2a_main_20260712/.venv/lib/python3.10/site-packages/a2a/utils/telemetry.py", line 228, in async_wrapper
    result = await func(*args, **kwargs)
  File "/home/wjt/CardDiffBench_official_a2a_main_20260712/.venv/lib/python3.10/site-packages/a2a/server/request_handlers/default_request_handler.py", line 348, in on_message_send
    await self._cleanup_producer(producer_task, task_id)
  File "/home/wjt/CardDiffBench_official_a2a_main_20260712/.venv/lib/python3.10/site-packages/a2a/utils/telemetry.py", line 228, in async_wrapper
    result = await func(*args, **kwargs)
  File "/home/wjt/CardDiffBench_official_a2a_main_20260712/.venv/lib/python3.10/site-packages/a2a/server/request_handlers/default_request_handler.py", line 445, in _cleanup_producer
    await producer_task
  File "/home/wjt/CardDiffBench_official_a2a_main_20260712/.venv/lib/python3.10/site-packages/a2a/utils/telemetry.py", line 228, in async_wrapper
    result = await func(*args, **kwargs)
  File "/home/wjt/CardDiffBench_official_a2a_main_20260712/.venv/lib/python3.10/site-packages/a2a/server/request_handlers/default_request_handler.py", line 196, in _run_event_stream
    await self.agent_executor.execute(request, queue)
  File "/home/wjt/CardDiffBench_official_a2a_main_20260712/harness/transfer/official_a2a_peer.py", line 77, in execute
    artifact = self.env._response_artifact(body=body, identity=identity, scopes=scopes,
  File "/home/wjt/CardDiffBench_official_a2a_main_20260712/harness/downstream/impact_env.py", line 353, in _response_artifact
    raise RuntimeError(f"protocol adapter {version} could not encode the worker result")
RuntimeError: protocol adapter 1.0-primary could not encode the worker result
Request Error (ID: 83965eac-9d21-4fec-9967-e1dbec171164): Code=-32603, Message='protocol adapter 1.0-primary could not encode the worker result'
Agent execution failed
Traceback (most recent call last):
  File "/home/wjt/CardDiffBench_official_a2a_main_20260712/sut/transfer/official_a2a_protocol.py", line 27, in run_async
    asyncio.get_running_loop()
RuntimeError: no running event loop

During handling of the above exception, another exception occurred:

Traceback (most recent call last):
  File "/home/wjt/CardDiffBench_official_a2a_main_20260712/.venv/lib/python3.10/site-packages/a2a/server/request_handlers/default_request_handler.py", line 326, in on_message_send
    ) = await result_aggregator.consume_and_break_on_interrupt(
  File "/home/wjt/CardDiffBench_official_a2a_main_20260712/.venv/lib/python3.10/site-packages/a2a/server/tasks/result_aggregator.py", line 135, in consume_and_break_on_interrupt
    async for event in event_stream:
  File "/home/wjt/CardDiffBench_official_a2a_main_20260712/.venv/lib/python3.10/site-packages/a2a/server/events/event_consumer.py", line 87, in consume_all
    raise self._exception
  File "/home/wjt/CardDiffBench_official_a2a_main_20260712/.venv/lib/python3.10/site-packages/a2a/utils/telemetry.py", line 228, in async_wrapper
    result = await func(*args, **kwargs)
  File "/home/wjt/CardDiffBench_official_a2a_main_20260712/.venv/lib/python3.10/site-packages/a2a/server/request_handlers/default_request_handler.py", line 196, in _run_event_stream
    await self.agent_executor.execute(request, queue)
  File "/home/wjt/CardDiffBench_official_a2a_main_20260712/harness/transfer/official_a2a_peer.py", line 77, in execute
    artifact = self.env._response_artifact(body=body, identity=identity, scopes=scopes,
  File "/home/wjt/CardDiffBench_official_a2a_main_20260712/harness/downstream/impact_env.py", line 353, in _response_artifact
    raise RuntimeError(f"protocol adapter {version} could not encode the worker result")
RuntimeError: protocol adapter 1.0-primary could not encode the worker result
Unhandled exception
Traceback (most recent call last):
  File "/home/wjt/CardDiffBench_official_a2a_main_20260712/sut/transfer/official_a2a_protocol.py", line 27, in run_async
    asyncio.get_running_loop()
RuntimeError: no running event loop

During handling of the above exception, another exception occurred:

Traceback (most recent call last):
  File "/home/wjt/CardDiffBench_official_a2a_main_20260712/.venv/lib/python3.10/site-packages/a2a/server/apps/jsonrpc/jsonrpc_app.py", line 384, in _handle_requests
    return await self._process_non_streaming_request(
  File "/home/wjt/CardDiffBench_official_a2a_main_20260712/.venv/lib/python3.10/site-packages/a2a/server/apps/jsonrpc/jsonrpc_app.py", line 464, in _process_non_streaming_request
    handler_result = await self.handler.on_message_send(
  File "/home/wjt/CardDiffBench_official_a2a_main_20260712/.venv/lib/python3.10/site-packages/a2a/utils/telemetry.py", line 228, in async_wrapper
    result = await func(*args, **kwargs)
  File "/home/wjt/CardDiffBench_official_a2a_main_20260712/.venv/lib/python3.10/site-packages/a2a/server/request_handlers/jsonrpc_handler.py", line 107, in on_message_send
    task_or_message = await self.request_handler.on_message_send(
  File "/home/wjt/CardDiffBench_official_a2a_main_20260712/.venv/lib/python3.10/site-packages/a2a/utils/telemetry.py", line 228, in async_wrapper
    result = await func(*args, **kwargs)
  File "/home/wjt/CardDiffBench_official_a2a_main_20260712/.venv/lib/python3.10/site-packages/a2a/server/request_handlers/default_request_handler.py", line 348, in on_message_send
    await self._cleanup_producer(producer_task, task_id)
  File "/home/wjt/CardDiffBench_official_a2a_main_20260712/.venv/lib/python3.10/site-packages/a2a/utils/telemetry.py", line 228, in async_wrapper
    result = await func(*args, **kwargs)
  File "/home/wjt/CardDiffBench_official_a2a_main_20260712/.venv/lib/python3.10/site-packages/a2a/server/request_handlers/default_request_handler.py", line 445, in _cleanup_producer
    await producer_task
  File "/home/wjt/CardDiffBench_official_a2a_main_20260712/.venv/lib/python3.10/site-packages/a2a/utils/telemetry.py", line 228, in async_wrapper
    result = await func(*args, **kwargs)
  File "/home/wjt/CardDiffBench_official_a2a_main_20260712/.venv/lib/python3.10/site-packages/a2a/server/request_handlers/default_request_handler.py", line 196, in _run_event_stream
    await self.agent_executor.execute(request, queue)
  File "/home/wjt/CardDiffBench_official_a2a_main_20260712/harness/transfer/official_a2a_peer.py", line 77, in execute
    artifact = self.env._response_artifact(body=body, identity=identity, scopes=scopes,
  File "/home/wjt/CardDiffBench_official_a2a_main_20260712/harness/downstream/impact_env.py", line 353, in _response_artifact
    raise RuntimeError(f"protocol adapter {version} could not encode the worker result")
RuntimeError: protocol adapter 1.0-primary could not encode the worker result
Request Error (ID: 7565dd13-5119-40b0-aa57-2c97f56707a3): Code=-32603, Message='protocol adapter 1.0-primary could not encode the worker result'
Agent execution failed
Traceback (most recent call last):
  File "/home/wjt/CardDiffBench_official_a2a_main_20260712/sut/transfer/official_a2a_protocol.py", line 27, in run_async
    asyncio.get_running_loop()
RuntimeError: no running event loop

During handling of the above exception, another exception occurred:

Traceback (most recent call last):
  File "/home/wjt/CardDiffBench_official_a2a_main_20260712/.venv/lib/python3.10/site-packages/a2a/server/request_handlers/default_request_handler.py", line 326, in on_message_send
    ) = await result_aggregator.consume_and_break_on_interrupt(
  File "/home/wjt/CardDiffBench_official_a2a_main_20260712/.venv/lib/python3.10/site-packages/a2a/server/tasks/result_aggregator.py", line 135, in consume_and_break_on_interrupt
    async for event in event_stream:
  File "/home/wjt/CardDiffBench_official_a2a_main_20260712/.venv/lib/python3.10/site-packages/a2a/server/events/event_consumer.py", line 87, in consume_all
    raise self._exception
  File "/home/wjt/CardDiffBench_official_a2a_main_20260712/.venv/lib/python3.10/site-packages/a2a/utils/telemetry.py", line 228, in async_wrapper
    result = await func(*args, **kwargs)
  File "/home/wjt/CardDiffBench_official_a2a_main_20260712/.venv/lib/python3.10/site-packages/a2a/server/request_handlers/default_request_handler.py", line 196, in _run_event_stream
    await self.agent_executor.execute(request, queue)
  File "/home/wjt/CardDiffBench_official_a2a_main_20260712/harness/transfer/official_a2a_peer.py", line 77, in execute
    artifact = self.env._response_artifact(body=body, identity=identity, scopes=scopes,
  File "/home/wjt/CardDiffBench_official_a2a_main_20260712/harness/downstream/impact_env.py", line 353, in _response_artifact
    raise RuntimeError(f"protocol adapter {version} could not encode the worker result")
RuntimeError: protocol adapter 1.0-primary could not encode the worker result
Unhandled exception
Traceback (most recent call last):
  File "/home/wjt/CardDiffBench_official_a2a_main_20260712/sut/transfer/official_a2a_protocol.py", line 27, in run_async
    asyncio.get_running_loop()
RuntimeError: no running event loop

During handling of the above exception, another exception occurred:

Traceback (most recent call last):
  File "/home/wjt/CardDiffBench_official_a2a_main_20260712/.venv/lib/python3.10/site-packages/a2a/server/apps/jsonrpc/jsonrpc_app.py", line 384, in _handle_requests
    return await self._process_non_streaming_request(
  File "/home/wjt/CardDiffBench_official_a2a_main_20260712/.venv/lib/python3.10/site-packages/a2a/server/apps/jsonrpc/jsonrpc_app.py", line 464, in _process_non_streaming_request
    handler_result = await self.handler.on_message_send(
  File "/home/wjt/CardDiffBench_official_a2a_main_20260712/.venv/lib/python3.10/site-packages/a2a/utils/telemetry.py", line 228, in async_wrapper
    result = await func(*args, **kwargs)
  File "/home/wjt/CardDiffBench_official_a2a_main_20260712/.venv/lib/python3.10/site-packages/a2a/server/request_handlers/jsonrpc_handler.py", line 107, in on_message_send
    task_or_message = await self.request_handler.on_message_send(
  File "/home/wjt/CardDiffBench_official_a2a_main_20260712/.venv/lib/python3.10/site-packages/a2a/utils/telemetry.py", line 228, in async_wrapper
    result = await func(*args, **kwargs)
  File "/home/wjt/CardDiffBench_official_a2a_main_20260712/.venv/lib/python3.10/site-packages/a2a/server/request_handlers/default_request_handler.py", line 348, in on_message_send
    await self._cleanup_producer(producer_task, task_id)
  File "/home/wjt/CardDiffBench_official_a2a_main_20260712/.venv/lib/python3.10/site-packages/a2a/utils/telemetry.py", line 228, in async_wrapper
    result = await func(*args, **kwargs)
  File "/home/wjt/CardDiffBench_official_a2a_main_20260712/.venv/lib/python3.10/site-packages/a2a/server/request_handlers/default_request_handler.py", line 445, in _cleanup_producer
    await producer_task
  File "/home/wjt/CardDiffBench_official_a2a_main_20260712/.venv/lib/python3.10/site-packages/a2a/utils/telemetry.py", line 228, in async_wrapper
    result = await func(*args, **kwargs)
  File "/home/wjt/CardDiffBench_official_a2a_main_20260712/.venv/lib/python3.10/site-packages/a2a/server/request_handlers/default_request_handler.py", line 196, in _run_event_stream
    await self.agent_executor.execute(request, queue)
  File "/home/wjt/CardDiffBench_official_a2a_main_20260712/harness/transfer/official_a2a_peer.py", line 77, in execute
    artifact = self.env._response_artifact(body=body, identity=identity, scopes=scopes,
  File "/home/wjt/CardDiffBench_official_a2a_main_20260712/harness/downstream/impact_env.py", line 353, in _response_artifact
    raise RuntimeError(f"protocol adapter {version} could not encode the worker result")
RuntimeError: protocol adapter 1.0-primary could not encode the worker result
Request Error (ID: d7edb131-76b1-4d9d-b973-0027a237d85d): Code=-32603, Message='protocol adapter 1.0-primary could not encode the worker result'
Agent execution failed
Traceback (most recent call last):
  File "/home/wjt/CardDiffBench_official_a2a_main_20260712/sut/transfer/official_a2a_protocol.py", line 27, in run_async
    asyncio.get_running_loop()
RuntimeError: no running event loop

During handling of the above exception, another exception occurred:

Traceback (most recent call last):
  File "/home/wjt/CardDiffBench_official_a2a_main_20260712/.venv/lib/python3.10/site-packages/a2a/server/request_handlers/default_request_handler.py", line 326, in on_message_send
    ) = await result_aggregator.consume_and_break_on_interrupt(
  File "/home/wjt/CardDiffBench_official_a2a_main_20260712/.venv/lib/python3.10/site-packages/a2a/server/tasks/result_aggregator.py", line 135, in consume_and_break_on_interrupt
    async for event in event_stream:
  File "/home/wjt/CardDiffBench_official_a2a_main_20260712/.venv/lib/python3.10/site-packages/a2a/server/events/event_consumer.py", line 87, in consume_all
    raise self._exception
  File "/home/wjt/CardDiffBench_official_a2a_main_20260712/.venv/lib/python3.10/site-packages/a2a/utils/telemetry.py", line 228, in async_wrapper
    result = await func(*args, **kwargs)
  File "/home/wjt/CardDiffBench_official_a2a_main_20260712/.venv/lib/python3.10/site-packages/a2a/server/request_handlers/default_request_handler.py", line 196, in _run_event_stream
    await self.agent_executor.execute(request, queue)
  File "/home/wjt/CardDiffBench_official_a2a_main_20260712/harness/transfer/official_a2a_peer.py", line 77, in execute
    artifact = self.env._response_artifact(body=body, identity=identity, scopes=scopes,
  File "/home/wjt/CardDiffBench_official_a2a_main_20260712/harness/downstream/impact_env.py", line 353, in _response_artifact
    raise RuntimeError(f"protocol adapter {version} could not encode the worker result")
RuntimeError: protocol adapter 1.0-primary could not encode the worker result
Unhandled exception
Traceback (most recent call last):
  File "/home/wjt/CardDiffBench_official_a2a_main_20260712/sut/transfer/official_a2a_protocol.py", line 27, in run_async
    asyncio.get_running_loop()
RuntimeError: no running event loop

During handling of the above exception, another exception occurred:

Traceback (most recent call last):
  File "/home/wjt/CardDiffBench_official_a2a_main_20260712/.venv/lib/python3.10/site-packages/a2a/server/apps/jsonrpc/jsonrpc_app.py", line 384, in _handle_requests
    return await self._process_non_streaming_request(
  File "/home/wjt/CardDiffBench_official_a2a_main_20260712/.venv/lib/python3.10/site-packages/a2a/server/apps/jsonrpc/jsonrpc_app.py", line 464, in _process_non_streaming_request
    handler_result = await self.handler.on_message_send(
  File "/home/wjt/CardDiffBench_official_a2a_main_20260712/.venv/lib/python3.10/site-packages/a2a/utils/telemetry.py", line 228, in async_wrapper
    result = await func(*args, **kwargs)
  File "/home/wjt/CardDiffBench_official_a2a_main_20260712/.venv/lib/python3.10/site-packages/a2a/server/request_handlers/jsonrpc_handler.py", line 107, in on_message_send
    task_or_message = await self.request_handler.on_message_send(
  File "/home/wjt/CardDiffBench_official_a2a_main_20260712/.venv/lib/python3.10/site-packages/a2a/utils/telemetry.py", line 228, in async_wrapper
    result = await func(*args, **kwargs)
  File "/home/wjt/CardDiffBench_official_a2a_main_20260712/.venv/lib/python3.10/site-packages/a2a/server/request_handlers/default_request_handler.py", line 348, in on_message_send
    await self._cleanup_producer(producer_task, task_id)
  File "/home/wjt/CardDiffBench_official_a2a_main_20260712/.venv/lib/python3.10/site-packages/a2a/utils/telemetry.py", line 228, in async_wrapper
    result = await func(*args, **kwargs)
  File "/home/wjt/CardDiffBench_official_a2a_main_20260712/.venv/lib/python3.10/site-packages/a2a/server/request_handlers/default_request_handler.py", line 445, in _cleanup_producer
    await producer_task
  File "/home/wjt/CardDiffBench_official_a2a_main_20260712/.venv/lib/python3.10/site-packages/a2a/utils/telemetry.py", line 228, in async_wrapper
    result = await func(*args, **kwargs)
  File "/home/wjt/CardDiffBench_official_a2a_main_20260712/.venv/lib/python3.10/site-packages/a2a/server/request_handlers/default_request_handler.py", line 196, in _run_event_stream
    await self.agent_executor.execute(request, queue)
  File "/home/wjt/CardDiffBench_official_a2a_main_20260712/harness/transfer/official_a2a_peer.py", line 77, in execute
    artifact = self.env._response_artifact(body=body, identity=identity, scopes=scopes,
  File "/home/wjt/CardDiffBench_official_a2a_main_20260712/harness/downstream/impact_env.py", line 353, in _response_artifact
    raise RuntimeError(f"protocol adapter {version} could not encode the worker result")
RuntimeError: protocol adapter 1.0-primary could not encode the worker result
Request Error (ID: 2cd57cd1-59e4-4bfe-9ee0-a20b122e4a5e): Code=-32603, Message='protocol adapter 1.0-primary could not encode the worker result'
Agent execution failed
Traceback (most recent call last):
  File "/home/wjt/CardDiffBench_official_a2a_main_20260712/sut/transfer/official_a2a_protocol.py", line 27, in run_async
    asyncio.get_running_loop()
RuntimeError: no running event loop

During handling of the above exception, another exception occurred:

Traceback (most recent call last):
  File "/home/wjt/CardDiffBench_official_a2a_main_20260712/.venv/lib/python3.10/site-packages/a2a/server/request_handlers/default_request_handler.py", line 326, in on_message_send
    ) = await result_aggregator.consume_and_break_on_interrupt(
  File "/home/wjt/CardDiffBench_official_a2a_main_20260712/.venv/lib/python3.10/site-packages/a2a/server/tasks/result_aggregator.py", line 135, in consume_and_break_on_interrupt
    async for event in event_stream:
  File "/home/wjt/CardDiffBench_official_a2a_main_20260712/.venv/lib/python3.10/site-packages/a2a/server/events/event_consumer.py", line 87, in consume_all
    raise self._exception
  File "/home/wjt/CardDiffBench_official_a2a_main_20260712/.venv/lib/python3.10/site-packages/a2a/utils/telemetry.py", line 228, in async_wrapper
    result = await func(*args, **kwargs)
  File "/home/wjt/CardDiffBench_official_a2a_main_20260712/.venv/lib/python3.10/site-packages/a2a/server/request_handlers/default_request_handler.py", line 196, in _run_event_stream
    await self.agent_executor.execute(request, queue)
  File "/home/wjt/CardDiffBench_official_a2a_main_20260712/harness/transfer/official_a2a_peer.py", line 77, in execute
    artifact = self.env._response_artifact(body=body, identity=identity, scopes=scopes,
  File "/home/wjt/CardDiffBench_official_a2a_main_20260712/harness/downstream/impact_env.py", line 353, in _response_artifact
    raise RuntimeError(f"protocol adapter {version} could not encode the worker result")
RuntimeError: protocol adapter 1.0-primary could not encode the worker result
Unhandled exception
Traceback (most recent call last):
  File "/home/wjt/CardDiffBench_official_a2a_main_20260712/sut/transfer/official_a2a_protocol.py", line 27, in run_async
    asyncio.get_running_loop()
RuntimeError: no running event loop

During handling of the above exception, another exception occurred:

Traceback (most recent call last):
  File "/home/wjt/CardDiffBench_official_a2a_main_20260712/.venv/lib/python3.10/site-packages/a2a/server/apps/jsonrpc/jsonrpc_app.py", line 384, in _handle_requests
    return await self._process_non_streaming_request(
  File "/home/wjt/CardDiffBench_official_a2a_main_20260712/.venv/lib/python3.10/site-packages/a2a/server/apps/jsonrpc/jsonrpc_app.py", line 464, in _process_non_streaming_request
    handler_result = await self.handler.on_message_send(
  File "/home/wjt/CardDiffBench_official_a2a_main_20260712/.venv/lib/python3.10/site-packages/a2a/utils/telemetry.py", line 228, in async_wrapper
    result = await func(*args, **kwargs)
  File "/home/wjt/CardDiffBench_official_a2a_main_20260712/.venv/lib/python3.10/site-packages/a2a/server/request_handlers/jsonrpc_handler.py", line 107, in on_message_send
    task_or_message = await self.request_handler.on_message_send(
  File "/home/wjt/CardDiffBench_official_a2a_main_20260712/.venv/lib/python3.10/site-packages/a2a/utils/telemetry.py", line 228, in async_wrapper
    result = await func(*args, **kwargs)
  File "/home/wjt/CardDiffBench_official_a2a_main_20260712/.venv/lib/python3.10/site-packages/a2a/server/request_handlers/default_request_handler.py", line 348, in on_message_send
    await self._cleanup_producer(producer_task, task_id)
  File "/home/wjt/CardDiffBench_official_a2a_main_20260712/.venv/lib/python3.10/site-packages/a2a/utils/telemetry.py", line 228, in async_wrapper
    result = await func(*args, **kwargs)
  File "/home/wjt/CardDiffBench_official_a2a_main_20260712/.venv/lib/python3.10/site-packages/a2a/server/request_handlers/default_request_handler.py", line 445, in _cleanup_producer
    await producer_task
  File "/home/wjt/CardDiffBench_official_a2a_main_20260712/.venv/lib/python3.10/site-packages/a2a/utils/telemetry.py", line 228, in async_wrapper
    result = await func(*args, **kwargs)
  File "/home/wjt/CardDiffBench_official_a2a_main_20260712/.venv/lib/python3.10/site-packages/a2a/server/request_handlers/default_request_handler.py", line 196, in _run_event_stream
    await self.agent_executor.execute(request, queue)
  File "/home/wjt/CardDiffBench_official_a2a_main_20260712/harness/transfer/official_a2a_peer.py", line 77, in execute
    artifact = self.env._response_artifact(body=body, identity=identity, scopes=scopes,
  File "/home/wjt/CardDiffBench_official_a2a_main_20260712/harness/downstream/impact_env.py", line 353, in _response_artifact
    raise RuntimeError(f"protocol adapter {version} could not encode the worker result")
RuntimeError: protocol adapter 1.0-primary could not encode the worker result
Request Error (ID: 7f0cfcaf-f4a9-4a31-95ca-9569d3dcda8b): Code=-32603, Message='protocol adapter 1.0-primary could not encode the worker result'
Agent execution failed
Traceback (most recent call last):
  File "/home/wjt/CardDiffBench_official_a2a_main_20260712/sut/transfer/official_a2a_protocol.py", line 27, in run_async
    asyncio.get_running_loop()
RuntimeError: no running event loop

During handling of the above exception, another exception occurred:

Traceback (most recent call last):
  File "/home/wjt/CardDiffBench_official_a2a_main_20260712/.venv/lib/python3.10/site-packages/a2a/server/request_handlers/default_request_handler.py", line 326, in on_message_send
    ) = await result_aggregator.consume_and_break_on_interrupt(
  File "/home/wjt/CardDiffBench_official_a2a_main_20260712/.venv/lib/python3.10/site-packages/a2a/server/tasks/result_aggregator.py", line 135, in consume_and_break_on_interrupt
    async for event in event_stream:
  File "/home/wjt/CardDiffBench_official_a2a_main_20260712/.venv/lib/python3.10/site-packages/a2a/server/events/event_consumer.py", line 87, in consume_all
    raise self._exception
  File "/home/wjt/CardDiffBench_official_a2a_main_20260712/.venv/lib/python3.10/site-packages/a2a/utils/telemetry.py", line 228, in async_wrapper
    result = await func(*args, **kwargs)
  File "/home/wjt/CardDiffBench_official_a2a_main_20260712/.venv/lib/python3.10/site-packages/a2a/server/request_handlers/default_request_handler.py", line 196, in _run_event_stream
    await self.agent_executor.execute(request, queue)
  File "/home/wjt/CardDiffBench_official_a2a_main_20260712/harness/transfer/official_a2a_peer.py", line 77, in execute
    artifact = self.env._response_artifact(body=body, identity=identity, scopes=scopes,
  File "/home/wjt/CardDiffBench_official_a2a_main_20260712/harness/downstream/impact_env.py", line 353, in _response_artifact
    raise RuntimeError(f"protocol adapter {version} could not encode the worker result")
RuntimeError: protocol adapter 1.0-primary could not encode the worker result
Unhandled exception
Traceback (most recent call last):
  File "/home/wjt/CardDiffBench_official_a2a_main_20260712/sut/transfer/official_a2a_protocol.py", line 27, in run_async
    asyncio.get_running_loop()
RuntimeError: no running event loop

During handling of the above exception, another exception occurred:

Traceback (most recent call last):
  File "/home/wjt/CardDiffBench_official_a2a_main_20260712/.venv/lib/python3.10/site-packages/a2a/server/apps/jsonrpc/jsonrpc_app.py", line 384, in _handle_requests
    return await self._process_non_streaming_request(
  File "/home/wjt/CardDiffBench_official_a2a_main_20260712/.venv/lib/python3.10/site-packages/a2a/server/apps/jsonrpc/jsonrpc_app.py", line 464, in _process_non_streaming_request
    handler_result = await self.handler.on_message_send(
  File "/home/wjt/CardDiffBench_official_a2a_main_20260712/.venv/lib/python3.10/site-packages/a2a/utils/telemetry.py", line 228, in async_wrapper
    result = await func(*args, **kwargs)
  File "/home/wjt/CardDiffBench_official_a2a_main_20260712/.venv/lib/python3.10/site-packages/a2a/server/request_handlers/jsonrpc_handler.py", line 107, in on_message_send
    task_or_message = await self.request_handler.on_message_send(
  File "/home/wjt/CardDiffBench_official_a2a_main_20260712/.venv/lib/python3.10/site-packages/a2a/utils/telemetry.py", line 228, in async_wrapper
    result = await func(*args, **kwargs)
  File "/home/wjt/CardDiffBench_official_a2a_main_20260712/.venv/lib/python3.10/site-packages/a2a/server/request_handlers/default_request_handler.py", line 348, in on_message_send
    await self._cleanup_producer(producer_task, task_id)
  File "/home/wjt/CardDiffBench_official_a2a_main_20260712/.venv/lib/python3.10/site-packages/a2a/utils/telemetry.py", line 228, in async_wrapper
    result = await func(*args, **kwargs)
  File "/home/wjt/CardDiffBench_official_a2a_main_20260712/.venv/lib/python3.10/site-packages/a2a/server/request_handlers/default_request_handler.py", line 445, in _cleanup_producer
    await producer_task
  File "/home/wjt/CardDiffBench_official_a2a_main_20260712/.venv/lib/python3.10/site-packages/a2a/utils/telemetry.py", line 228, in async_wrapper
    result = await func(*args, **kwargs)
  File "/home/wjt/CardDiffBench_official_a2a_main_20260712/.venv/lib/python3.10/site-packages/a2a/server/request_handlers/default_request_handler.py", line 196, in _run_event_stream
    await self.agent_executor.execute(request, queue)
  File "/home/wjt/CardDiffBench_official_a2a_main_20260712/harness/transfer/official_a2a_peer.py", line 77, in execute
    artifact = self.env._response_artifact(body=body, identity=identity, scopes=scopes,
  File "/home/wjt/CardDiffBench_official_a2a_main_20260712/harness/downstream/impact_env.py", line 353, in _response_artifact
    raise RuntimeError(f"protocol adapter {version} could not encode the worker result")
RuntimeError: protocol adapter 1.0-primary could not encode the worker result
Request Error (ID: 4f97ecfe-b7d3-4600-b2c8-ccc0f722b859): Code=-32603, Message='protocol adapter 1.0-primary could not encode the worker result'
Agent execution failed
Traceback (most recent call last):
  File "/home/wjt/CardDiffBench_official_a2a_main_20260712/sut/transfer/official_a2a_protocol.py", line 27, in run_async
    asyncio.get_running_loop()
RuntimeError: no running event loop

During handling of the above exception, another exception occurred:

Traceback (most recent call last):
  File "/home/wjt/CardDiffBench_official_a2a_main_20260712/.venv/lib/python3.10/site-packages/a2a/server/request_handlers/default_request_handler.py", line 326, in on_message_send
    ) = await result_aggregator.consume_and_break_on_interrupt(
  File "/home/wjt/CardDiffBench_official_a2a_main_20260712/.venv/lib/python3.10/site-packages/a2a/server/tasks/result_aggregator.py", line 135, in consume_and_break_on_interrupt
    async for event in event_stream:
  File "/home/wjt/CardDiffBench_official_a2a_main_20260712/.venv/lib/python3.10/site-packages/a2a/server/events/event_consumer.py", line 87, in consume_all
    raise self._exception
  File "/home/wjt/CardDiffBench_official_a2a_main_20260712/.venv/lib/python3.10/site-packages/a2a/utils/telemetry.py", line 228, in async_wrapper
    result = await func(*args, **kwargs)
  File "/home/wjt/CardDiffBench_official_a2a_main_20260712/.venv/lib/python3.10/site-packages/a2a/server/request_handlers/default_request_handler.py", line 196, in _run_event_stream
    await self.agent_executor.execute(request, queue)
  File "/home/wjt/CardDiffBench_official_a2a_main_20260712/harness/transfer/official_a2a_peer.py", line 77, in execute
    artifact = self.env._response_artifact(body=body, identity=identity, scopes=scopes,
  File "/home/wjt/CardDiffBench_official_a2a_main_20260712/harness/downstream/impact_env.py", line 353, in _response_artifact
    raise RuntimeError(f"protocol adapter {version} could not encode the worker result")
RuntimeError: protocol adapter 1.0-primary could not encode the worker result
Unhandled exception
Traceback (most recent call last):
  File "/home/wjt/CardDiffBench_official_a2a_main_20260712/sut/transfer/official_a2a_protocol.py", line 27, in run_async
    asyncio.get_running_loop()
RuntimeError: no running event loop

During handling of the above exception, another exception occurred:

Traceback (most recent call last):
  File "/home/wjt/CardDiffBench_official_a2a_main_20260712/.venv/lib/python3.10/site-packages/a2a/server/apps/jsonrpc/jsonrpc_app.py", line 384, in _handle_requests
    return await self._process_non_streaming_request(
  File "/home/wjt/CardDiffBench_official_a2a_main_20260712/.venv/lib/python3.10/site-packages/a2a/server/apps/jsonrpc/jsonrpc_app.py", line 464, in _process_non_streaming_request
    handler_result = await self.handler.on_message_send(
  File "/home/wjt/CardDiffBench_official_a2a_main_20260712/.venv/lib/python3.10/site-packages/a2a/utils/telemetry.py", line 228, in async_wrapper
    result = await func(*args, **kwargs)
  File "/home/wjt/CardDiffBench_official_a2a_main_20260712/.venv/lib/python3.10/site-packages/a2a/server/request_handlers/jsonrpc_handler.py", line 107, in on_message_send
    task_or_message = await self.request_handler.on_message_send(
  File "/home/wjt/CardDiffBench_official_a2a_main_20260712/.venv/lib/python3.10/site-packages/a2a/utils/telemetry.py", line 228, in async_wrapper
    result = await func(*args, **kwargs)
  File "/home/wjt/CardDiffBench_official_a2a_main_20260712/.venv/lib/python3.10/site-packages/a2a/server/request_handlers/default_request_handler.py", line 348, in on_message_send
    await self._cleanup_producer(producer_task, task_id)
  File "/home/wjt/CardDiffBench_official_a2a_main_20260712/.venv/lib/python3.10/site-packages/a2a/utils/telemetry.py", line 228, in async_wrapper
    result = await func(*args, **kwargs)
  File "/home/wjt/CardDiffBench_official_a2a_main_20260712/.venv/lib/python3.10/site-packages/a2a/server/request_handlers/default_request_handler.py", line 445, in _cleanup_producer
    await producer_task
  File "/home/wjt/CardDiffBench_official_a2a_main_20260712/.venv/lib/python3.10/site-packages/a2a/utils/telemetry.py", line 228, in async_wrapper
    result = await func(*args, **kwargs)
  File "/home/wjt/CardDiffBench_official_a2a_main_20260712/.venv/lib/python3.10/site-packages/a2a/server/request_handlers/default_request_handler.py", line 196, in _run_event_stream
    await self.agent_executor.execute(request, queue)
  File "/home/wjt/CardDiffBench_official_a2a_main_20260712/harness/transfer/official_a2a_peer.py", line 77, in execute
    artifact = self.env._response_artifact(body=body, identity=identity, scopes=scopes,
  File "/home/wjt/CardDiffBench_official_a2a_main_20260712/harness/downstream/impact_env.py", line 353, in _response_artifact
    raise RuntimeError(f"protocol adapter {version} could not encode the worker result")
RuntimeError: protocol adapter 1.0-primary could not encode the worker result
Request Error (ID: ce54ed57-ab1d-41a0-8347-5ae28daf5b4c): Code=-32603, Message='protocol adapter 1.0-primary could not encode the worker result'
Agent execution failed
Traceback (most recent call last):
  File "/home/wjt/CardDiffBench_official_a2a_main_20260712/sut/transfer/official_a2a_protocol.py", line 27, in run_async
    asyncio.get_running_loop()
RuntimeError: no running event loop

During handling of the above exception, another exception occurred:

Traceback (most recent call last):
  File "/home/wjt/CardDiffBench_official_a2a_main_20260712/.venv/lib/python3.10/site-packages/a2a/server/request_handlers/default_request_handler.py", line 326, in on_message_send
    ) = await result_aggregator.consume_and_break_on_interrupt(
  File "/home/wjt/CardDiffBench_official_a2a_main_20260712/.venv/lib/python3.10/site-packages/a2a/server/tasks/result_aggregator.py", line 135, in consume_and_break_on_interrupt
    async for event in event_stream:
  File "/home/wjt/CardDiffBench_official_a2a_main_20260712/.venv/lib/python3.10/site-packages/a2a/server/events/event_consumer.py", line 87, in consume_all
    raise self._exception
  File "/home/wjt/CardDiffBench_official_a2a_main_20260712/.venv/lib/python3.10/site-packages/a2a/utils/telemetry.py", line 228, in async_wrapper
    result = await func(*args, **kwargs)
  File "/home/wjt/CardDiffBench_official_a2a_main_20260712/.venv/lib/python3.10/site-packages/a2a/server/request_handlers/default_request_handler.py", line 196, in _run_event_stream
    await self.agent_executor.execute(request, queue)
  File "/home/wjt/CardDiffBench_official_a2a_main_20260712/harness/transfer/official_a2a_peer.py", line 77, in execute
    artifact = self.env._response_artifact(body=body, identity=identity, scopes=scopes,
  File "/home/wjt/CardDiffBench_official_a2a_main_20260712/harness/downstream/impact_env.py", line 353, in _response_artifact
    raise RuntimeError(f"protocol adapter {version} could not encode the worker result")
RuntimeError: protocol adapter 1.0-primary could not encode the worker result
Unhandled exception
Traceback (most recent call last):
  File "/home/wjt/CardDiffBench_official_a2a_main_20260712/sut/transfer/official_a2a_protocol.py", line 27, in run_async
    asyncio.get_running_loop()
RuntimeError: no running event loop

During handling of the above exception, another exception occurred:

Traceback (most recent call last):
  File "/home/wjt/CardDiffBench_official_a2a_main_20260712/.venv/lib/python3.10/site-packages/a2a/server/apps/jsonrpc/jsonrpc_app.py", line 384, in _handle_requests
    return await self._process_non_streaming_request(
  File "/home/wjt/CardDiffBench_official_a2a_main_20260712/.venv/lib/python3.10/site-packages/a2a/server/apps/jsonrpc/jsonrpc_app.py", line 464, in _process_non_streaming_request
    handler_result = await self.handler.on_message_send(
  File "/home/wjt/CardDiffBench_official_a2a_main_20260712/.venv/lib/python3.10/site-packages/a2a/utils/telemetry.py", line 228, in async_wrapper
    result = await func(*args, **kwargs)
  File "/home/wjt/CardDiffBench_official_a2a_main_20260712/.venv/lib/python3.10/site-packages/a2a/server/request_handlers/jsonrpc_handler.py", line 107, in on_message_send
    task_or_message = await self.request_handler.on_message_send(
  File "/home/wjt/CardDiffBench_official_a2a_main_20260712/.venv/lib/python3.10/site-packages/a2a/utils/telemetry.py", line 228, in async_wrapper
    result = await func(*args, **kwargs)
  File "/home/wjt/CardDiffBench_official_a2a_main_20260712/.venv/lib/python3.10/site-packages/a2a/server/request_handlers/default_request_handler.py", line 348, in on_message_send
    await self._cleanup_producer(producer_task, task_id)
  File "/home/wjt/CardDiffBench_official_a2a_main_20260712/.venv/lib/python3.10/site-packages/a2a/utils/telemetry.py", line 228, in async_wrapper
    result = await func(*args, **kwargs)
  File "/home/wjt/CardDiffBench_official_a2a_main_20260712/.venv/lib/python3.10/site-packages/a2a/server/request_handlers/default_request_handler.py", line 445, in _cleanup_producer
    await producer_task
  File "/home/wjt/CardDiffBench_official_a2a_main_20260712/.venv/lib/python3.10/site-packages/a2a/utils/telemetry.py", line 228, in async_wrapper
    result = await func(*args, **kwargs)
  File "/home/wjt/CardDiffBench_official_a2a_main_20260712/.venv/lib/python3.10/site-packages/a2a/server/request_handlers/default_request_handler.py", line 196, in _run_event_stream
    await self.agent_executor.execute(request, queue)
  File "/home/wjt/CardDiffBench_official_a2a_main_20260712/harness/transfer/official_a2a_peer.py", line 77, in execute
    artifact = self.env._response_artifact(body=body, identity=identity, scopes=scopes,
  File "/home/wjt/CardDiffBench_official_a2a_main_20260712/harness/downstream/impact_env.py", line 353, in _response_artifact
    raise RuntimeError(f"protocol adapter {version} could not encode the worker result")
RuntimeError: protocol adapter 1.0-primary could not encode the worker result
Request Error (ID: 84a64fc5-9cfe-4241-8cd1-4d25bf327ff2): Code=-32603, Message='protocol adapter 1.0-primary could not encode the worker result'
Agent execution failed
Traceback (most recent call last):
  File "/home/wjt/CardDiffBench_official_a2a_main_20260712/sut/transfer/official_a2a_protocol.py", line 27, in run_async
    asyncio.get_running_loop()
RuntimeError: no running event loop

During handling of the above exception, another exception occurred:

Traceback (most recent call last):
  File "/home/wjt/CardDiffBench_official_a2a_main_20260712/.venv/lib/python3.10/site-packages/a2a/server/request_handlers/default_request_handler.py", line 326, in on_message_send
    ) = await result_aggregator.consume_and_break_on_interrupt(
  File "/home/wjt/CardDiffBench_official_a2a_main_20260712/.venv/lib/python3.10/site-packages/a2a/server/tasks/result_aggregator.py", line 135, in consume_and_break_on_interrupt
    async for event in event_stream:
  File "/home/wjt/CardDiffBench_official_a2a_main_20260712/.venv/lib/python3.10/site-packages/a2a/server/events/event_consumer.py", line 87, in consume_all
    raise self._exception
  File "/home/wjt/CardDiffBench_official_a2a_main_20260712/.venv/lib/python3.10/site-packages/a2a/utils/telemetry.py", line 228, in async_wrapper
    result = await func(*args, **kwargs)
  File "/home/wjt/CardDiffBench_official_a2a_main_20260712/.venv/lib/python3.10/site-packages/a2a/server/request_handlers/default_request_handler.py", line 196, in _run_event_stream
    await self.agent_executor.execute(request, queue)
  File "/home/wjt/CardDiffBench_official_a2a_main_20260712/harness/transfer/official_a2a_peer.py", line 77, in execute
    artifact = self.env._response_artifact(body=body, identity=identity, scopes=scopes,
  File "/home/wjt/CardDiffBench_official_a2a_main_20260712/harness/downstream/impact_env.py", line 353, in _response_artifact
    raise RuntimeError(f"protocol adapter {version} could not encode the worker result")
RuntimeError: protocol adapter 1.0-primary could not encode the worker result
Unhandled exception
Traceback (most recent call last):
  File "/home/wjt/CardDiffBench_official_a2a_main_20260712/sut/transfer/official_a2a_protocol.py", line 27, in run_async
    asyncio.get_running_loop()
RuntimeError: no running event loop

During handling of the above exception, another exception occurred:

Traceback (most recent call last):
  File "/home/wjt/CardDiffBench_official_a2a_main_20260712/.venv/lib/python3.10/site-packages/a2a/server/apps/jsonrpc/jsonrpc_app.py", line 384, in _handle_requests
    return await self._process_non_streaming_request(
  File "/home/wjt/CardDiffBench_official_a2a_main_20260712/.venv/lib/python3.10/site-packages/a2a/server/apps/jsonrpc/jsonrpc_app.py", line 464, in _process_non_streaming_request
    handler_result = await self.handler.on_message_send(
  File "/home/wjt/CardDiffBench_official_a2a_main_20260712/.venv/lib/python3.10/site-packages/a2a/utils/telemetry.py", line 228, in async_wrapper
    result = await func(*args, **kwargs)
  File "/home/wjt/CardDiffBench_official_a2a_main_20260712/.venv/lib/python3.10/site-packages/a2a/server/request_handlers/jsonrpc_handler.py", line 107, in on_message_send
    task_or_message = await self.request_handler.on_message_send(
  File "/home/wjt/CardDiffBench_official_a2a_main_20260712/.venv/lib/python3.10/site-packages/a2a/utils/telemetry.py", line 228, in async_wrapper
    result = await func(*args, **kwargs)
  File "/home/wjt/CardDiffBench_official_a2a_main_20260712/.venv/lib/python3.10/site-packages/a2a/server/request_handlers/default_request_handler.py", line 348, in on_message_send
    await self._cleanup_producer(producer_task, task_id)
  File "/home/wjt/CardDiffBench_official_a2a_main_20260712/.venv/lib/python3.10/site-packages/a2a/utils/telemetry.py", line 228, in async_wrapper
    result = await func(*args, **kwargs)
  File "/home/wjt/CardDiffBench_official_a2a_main_20260712/.venv/lib/python3.10/site-packages/a2a/server/request_handlers/default_request_handler.py", line 445, in _cleanup_producer
    await producer_task
  File "/home/wjt/CardDiffBench_official_a2a_main_20260712/.venv/lib/python3.10/site-packages/a2a/utils/telemetry.py", line 228, in async_wrapper
    result = await func(*args, **kwargs)
  File "/home/wjt/CardDiffBench_official_a2a_main_20260712/.venv/lib/python3.10/site-packages/a2a/server/request_handlers/default_request_handler.py", line 196, in _run_event_stream
    await self.agent_executor.execute(request, queue)
  File "/home/wjt/CardDiffBench_official_a2a_main_20260712/harness/transfer/official_a2a_peer.py", line 77, in execute
    artifact = self.env._response_artifact(body=body, identity=identity, scopes=scopes,
  File "/home/wjt/CardDiffBench_official_a2a_main_20260712/harness/downstream/impact_env.py", line 353, in _response_artifact
    raise RuntimeError(f"protocol adapter {version} could not encode the worker result")
RuntimeError: protocol adapter 1.0-primary could not encode the worker result
Request Error (ID: a62ff2f3-4bd3-42a5-8982-6a11d8140dd6): Code=-32603, Message='protocol adapter 1.0-primary could not encode the worker result'
Agent execution failed
Traceback (most recent call last):
  File "/home/wjt/CardDiffBench_official_a2a_main_20260712/sut/transfer/official_a2a_protocol.py", line 27, in run_async
    asyncio.get_running_loop()
RuntimeError: no running event loop

During handling of the above exception, another exception occurred:

Traceback (most recent call last):
  File "/home/wjt/CardDiffBench_official_a2a_main_20260712/.venv/lib/python3.10/site-packages/a2a/server/request_handlers/default_request_handler.py", line 326, in on_message_send
    ) = await result_aggregator.consume_and_break_on_interrupt(
  File "/home/wjt/CardDiffBench_official_a2a_main_20260712/.venv/lib/python3.10/site-packages/a2a/server/tasks/result_aggregator.py", line 135, in consume_and_break_on_interrupt
    async for event in event_stream:
  File "/home/wjt/CardDiffBench_official_a2a_main_20260712/.venv/lib/python3.10/site-packages/a2a/server/events/event_consumer.py", line 87, in consume_all
    raise self._exception
  File "/home/wjt/CardDiffBench_official_a2a_main_20260712/.venv/lib/python3.10/site-packages/a2a/utils/telemetry.py", line 228, in async_wrapper
    result = await func(*args, **kwargs)
  File "/home/wjt/CardDiffBench_official_a2a_main_20260712/.venv/lib/python3.10/site-packages/a2a/server/request_handlers/default_request_handler.py", line 196, in _run_event_stream
    await self.agent_executor.execute(request, queue)
  File "/home/wjt/CardDiffBench_official_a2a_main_20260712/harness/transfer/official_a2a_peer.py", line 77, in execute
    artifact = self.env._response_artifact(body=body, identity=identity, scopes=scopes,
  File "/home/wjt/CardDiffBench_official_a2a_main_20260712/harness/downstream/impact_env.py", line 353, in _response_artifact
    raise RuntimeError(f"protocol adapter {version} could not encode the worker result")
RuntimeError: protocol adapter 1.0-primary could not encode the worker result
Unhandled exception
Traceback (most recent call last):
  File "/home/wjt/CardDiffBench_official_a2a_main_20260712/sut/transfer/official_a2a_protocol.py", line 27, in run_async
    asyncio.get_running_loop()
RuntimeError: no running event loop

During handling of the above exception, another exception occurred:

Traceback (most recent call last):
  File "/home/wjt/CardDiffBench_official_a2a_main_20260712/.venv/lib/python3.10/site-packages/a2a/server/apps/jsonrpc/jsonrpc_app.py", line 384, in _handle_requests
    return await self._process_non_streaming_request(
  File "/home/wjt/CardDiffBench_official_a2a_main_20260712/.venv/lib/python3.10/site-packages/a2a/server/apps/jsonrpc/jsonrpc_app.py", line 464, in _process_non_streaming_request
    handler_result = await self.handler.on_message_send(
  File "/home/wjt/CardDiffBench_official_a2a_main_20260712/.venv/lib/python3.10/site-packages/a2a/utils/telemetry.py", line 228, in async_wrapper
    result = await func(*args, **kwargs)
  File "/home/wjt/CardDiffBench_official_a2a_main_20260712/.venv/lib/python3.10/site-packages/a2a/server/request_handlers/jsonrpc_handler.py", line 107, in on_message_send
    task_or_message = await self.request_handler.on_message_send(
  File "/home/wjt/CardDiffBench_official_a2a_main_20260712/.venv/lib/python3.10/site-packages/a2a/utils/telemetry.py", line 228, in async_wrapper
    result = await func(*args, **kwargs)
  File "/home/wjt/CardDiffBench_official_a2a_main_20260712/.venv/lib/python3.10/site-packages/a2a/server/request_handlers/default_request_handler.py", line 348, in on_message_send
    await self._cleanup_producer(producer_task, task_id)
  File "/home/wjt/CardDiffBench_official_a2a_main_20260712/.venv/lib/python3.10/site-packages/a2a/utils/telemetry.py", line 228, in async_wrapper
    result = await func(*args, **kwargs)
  File "/home/wjt/CardDiffBench_official_a2a_main_20260712/.venv/lib/python3.10/site-packages/a2a/server/request_handlers/default_request_handler.py", line 445, in _cleanup_producer
    await producer_task
  File "/home/wjt/CardDiffBench_official_a2a_main_20260712/.venv/lib/python3.10/site-packages/a2a/utils/telemetry.py", line 228, in async_wrapper
    result = await func(*args, **kwargs)
  File "/home/wjt/CardDiffBench_official_a2a_main_20260712/.venv/lib/python3.10/site-packages/a2a/server/request_handlers/default_request_handler.py", line 196, in _run_event_stream
    await self.agent_executor.execute(request, queue)
  File "/home/wjt/CardDiffBench_official_a2a_main_20260712/harness/transfer/official_a2a_peer.py", line 77, in execute
    artifact = self.env._response_artifact(body=body, identity=identity, scopes=scopes,
  File "/home/wjt/CardDiffBench_official_a2a_main_20260712/harness/downstream/impact_env.py", line 353, in _response_artifact
    raise RuntimeError(f"protocol adapter {version} could not encode the worker result")
RuntimeError: protocol adapter 1.0-primary could not encode the worker result
Request Error (ID: d16eb229-68f8-4931-8fa8-2d75b0f63bf1): Code=-32603, Message='protocol adapter 1.0-primary could not encode the worker result'
Agent execution failed
Traceback (most recent call last):
  File "/home/wjt/CardDiffBench_official_a2a_main_20260712/sut/transfer/official_a2a_protocol.py", line 27, in run_async
    asyncio.get_running_loop()
RuntimeError: no running event loop

During handling of the above exception, another exception occurred:

Traceback (most recent call last):
  File "/home/wjt/CardDiffBench_official_a2a_main_20260712/.venv/lib/python3.10/site-packages/a2a/server/request_handlers/default_request_handler.py", line 326, in on_message_send
    ) = await result_aggregator.consume_and_break_on_interrupt(
  File "/home/wjt/CardDiffBench_official_a2a_main_20260712/.venv/lib/python3.10/site-packages/a2a/server/tasks/result_aggregator.py", line 135, in consume_and_break_on_interrupt
    async for event in event_stream:
  File "/home/wjt/CardDiffBench_official_a2a_main_20260712/.venv/lib/python3.10/site-packages/a2a/server/events/event_consumer.py", line 87, in consume_all
    raise self._exception
  File "/home/wjt/CardDiffBench_official_a2a_main_20260712/.venv/lib/python3.10/site-packages/a2a/utils/telemetry.py", line 228, in async_wrapper
    result = await func(*args, **kwargs)
  File "/home/wjt/CardDiffBench_official_a2a_main_20260712/.venv/lib/python3.10/site-packages/a2a/server/request_handlers/default_request_handler.py", line 196, in _run_event_stream
    await self.agent_executor.execute(request, queue)
  File "/home/wjt/CardDiffBench_official_a2a_main_20260712/harness/transfer/official_a2a_peer.py", line 77, in execute
    artifact = self.env._response_artifact(body=body, identity=identity, scopes=scopes,
  File "/home/wjt/CardDiffBench_official_a2a_main_20260712/harness/downstream/impact_env.py", line 353, in _response_artifact
    raise RuntimeError(f"protocol adapter {version} could not encode the worker result")
RuntimeError: protocol adapter 1.0-primary could not encode the worker result
Unhandled exception
Traceback (most recent call last):
  File "/home/wjt/CardDiffBench_official_a2a_main_20260712/sut/transfer/official_a2a_protocol.py", line 27, in run_async
    asyncio.get_running_loop()
RuntimeError: no running event loop

During handling of the above exception, another exception occurred:

Traceback (most recent call last):
  File "/home/wjt/CardDiffBench_official_a2a_main_20260712/.venv/lib/python3.10/site-packages/a2a/server/apps/jsonrpc/jsonrpc_app.py", line 384, in _handle_requests
    return await self._process_non_streaming_request(
  File "/home/wjt/CardDiffBench_official_a2a_main_20260712/.venv/lib/python3.10/site-packages/a2a/server/apps/jsonrpc/jsonrpc_app.py", line 464, in _process_non_streaming_request
    handler_result = await self.handler.on_message_send(
  File "/home/wjt/CardDiffBench_official_a2a_main_20260712/.venv/lib/python3.10/site-packages/a2a/utils/telemetry.py", line 228, in async_wrapper
    result = await func(*args, **kwargs)
  File "/home/wjt/CardDiffBench_official_a2a_main_20260712/.venv/lib/python3.10/site-packages/a2a/server/request_handlers/jsonrpc_handler.py", line 107, in on_message_send
    task_or_message = await self.request_handler.on_message_send(
  File "/home/wjt/CardDiffBench_official_a2a_main_20260712/.venv/lib/python3.10/site-packages/a2a/utils/telemetry.py", line 228, in async_wrapper
    result = await func(*args, **kwargs)
  File "/home/wjt/CardDiffBench_official_a2a_main_20260712/.venv/lib/python3.10/site-packages/a2a/server/request_handlers/default_request_handler.py", line 348, in on_message_send
    await self._cleanup_producer(producer_task, task_id)
  File "/home/wjt/CardDiffBench_official_a2a_main_20260712/.venv/lib/python3.10/site-packages/a2a/utils/telemetry.py", line 228, in async_wrapper
    result = await func(*args, **kwargs)
  File "/home/wjt/CardDiffBench_official_a2a_main_20260712/.venv/lib/python3.10/site-packages/a2a/server/request_handlers/default_request_handler.py", line 445, in _cleanup_producer
    await producer_task
  File "/home/wjt/CardDiffBench_official_a2a_main_20260712/.venv/lib/python3.10/site-packages/a2a/utils/telemetry.py", line 228, in async_wrapper
    result = await func(*args, **kwargs)
  File "/home/wjt/CardDiffBench_official_a2a_main_20260712/.venv/lib/python3.10/site-packages/a2a/server/request_handlers/default_request_handler.py", line 196, in _run_event_stream
    await self.agent_executor.execute(request, queue)
  File "/home/wjt/CardDiffBench_official_a2a_main_20260712/harness/transfer/official_a2a_peer.py", line 77, in execute
    artifact = self.env._response_artifact(body=body, identity=identity, scopes=scopes,
  File "/home/wjt/CardDiffBench_official_a2a_main_20260712/harness/downstream/impact_env.py", line 353, in _response_artifact
    raise RuntimeError(f"protocol adapter {version} could not encode the worker result")
RuntimeError: protocol adapter 1.0-primary could not encode the worker result
Request Error (ID: c479aa08-c6c2-4bfc-9695-6079461184ce): Code=-32603, Message='protocol adapter 1.0-primary could not encode the worker result'
Agent execution failed
Traceback (most recent call last):
  File "/home/wjt/CardDiffBench_official_a2a_main_20260712/sut/transfer/official_a2a_protocol.py", line 27, in run_async
    asyncio.get_running_loop()
RuntimeError: no running event loop

During handling of the above exception, another exception occurred:

Traceback (most recent call last):
  File "/home/wjt/CardDiffBench_official_a2a_main_20260712/.venv/lib/python3.10/site-packages/a2a/server/request_handlers/default_request_handler.py", line 326, in on_message_send
    ) = await result_aggregator.consume_and_break_on_interrupt(
  File "/home/wjt/CardDiffBench_official_a2a_main_20260712/.venv/lib/python3.10/site-packages/a2a/server/tasks/result_aggregator.py", line 135, in consume_and_break_on_interrupt
    async for event in event_stream:
  File "/home/wjt/CardDiffBench_official_a2a_main_20260712/.venv/lib/python3.10/site-packages/a2a/server/events/event_consumer.py", line 87, in consume_all
    raise self._exception
  File "/home/wjt/CardDiffBench_official_a2a_main_20260712/.venv/lib/python3.10/site-packages/a2a/utils/telemetry.py", line 228, in async_wrapper
    result = await func(*args, **kwargs)
  File "/home/wjt/CardDiffBench_official_a2a_main_20260712/.venv/lib/python3.10/site-packages/a2a/server/request_handlers/default_request_handler.py", line 196, in _run_event_stream
    await self.agent_executor.execute(request, queue)
  File "/home/wjt/CardDiffBench_official_a2a_main_20260712/harness/transfer/official_a2a_peer.py", line 77, in execute
    artifact = self.env._response_artifact(body=body, identity=identity, scopes=scopes,
  File "/home/wjt/CardDiffBench_official_a2a_main_20260712/harness/downstream/impact_env.py", line 353, in _response_artifact
    raise RuntimeError(f"protocol adapter {version} could not encode the worker result")
RuntimeError: protocol adapter 1.0-primary could not encode the worker result
Unhandled exception
Traceback (most recent call last):
  File "/home/wjt/CardDiffBench_official_a2a_main_20260712/sut/transfer/official_a2a_protocol.py", line 27, in run_async
    asyncio.get_running_loop()
RuntimeError: no running event loop

During handling of the above exception, another exception occurred:

Traceback (most recent call last):
  File "/home/wjt/CardDiffBench_official_a2a_main_20260712/.venv/lib/python3.10/site-packages/a2a/server/apps/jsonrpc/jsonrpc_app.py", line 384, in _handle_requests
    return await self._process_non_streaming_request(
  File "/home/wjt/CardDiffBench_official_a2a_main_20260712/.venv/lib/python3.10/site-packages/a2a/server/apps/jsonrpc/jsonrpc_app.py", line 464, in _process_non_streaming_request
    handler_result = await self.handler.on_message_send(
  File "/home/wjt/CardDiffBench_official_a2a_main_20260712/.venv/lib/python3.10/site-packages/a2a/utils/telemetry.py", line 228, in async_wrapper
    result = await func(*args, **kwargs)
  File "/home/wjt/CardDiffBench_official_a2a_main_20260712/.venv/lib/python3.10/site-packages/a2a/server/request_handlers/jsonrpc_handler.py", line 107, in on_message_send
    task_or_message = await self.request_handler.on_message_send(
  File "/home/wjt/CardDiffBench_official_a2a_main_20260712/.venv/lib/python3.10/site-packages/a2a/utils/telemetry.py", line 228, in async_wrapper
    result = await func(*args, **kwargs)
  File "/home/wjt/CardDiffBench_official_a2a_main_20260712/.venv/lib/python3.10/site-packages/a2a/server/request_handlers/default_request_handler.py", line 348, in on_message_send
    await self._cleanup_producer(producer_task, task_id)
  File "/home/wjt/CardDiffBench_official_a2a_main_20260712/.venv/lib/python3.10/site-packages/a2a/utils/telemetry.py", line 228, in async_wrapper
    result = await func(*args, **kwargs)
  File "/home/wjt/CardDiffBench_official_a2a_main_20260712/.venv/lib/python3.10/site-packages/a2a/server/request_handlers/default_request_handler.py", line 445, in _cleanup_producer
    await producer_task
  File "/home/wjt/CardDiffBench_official_a2a_main_20260712/.venv/lib/python3.10/site-packages/a2a/utils/telemetry.py", line 228, in async_wrapper
    result = await func(*args, **kwargs)
  File "/home/wjt/CardDiffBench_official_a2a_main_20260712/.venv/lib/python3.10/site-packages/a2a/server/request_handlers/default_request_handler.py", line 196, in _run_event_stream
    await self.agent_executor.execute(request, queue)
  File "/home/wjt/CardDiffBench_official_a2a_main_20260712/harness/transfer/official_a2a_peer.py", line 77, in execute
    artifact = self.env._response_artifact(body=body, identity=identity, scopes=scopes,
  File "/home/wjt/CardDiffBench_official_a2a_main_20260712/harness/downstream/impact_env.py", line 353, in _response_artifact
    raise RuntimeError(f"protocol adapter {version} could not encode the worker result")
RuntimeError: protocol adapter 1.0-primary could not encode the worker result
Request Error (ID: da725b47-4ab0-4503-9fa3-3a080ec045ff): Code=-32603, Message='protocol adapter 1.0-primary could not encode the worker result'
Agent execution failed
Traceback (most recent call last):
  File "/home/wjt/CardDiffBench_official_a2a_main_20260712/sut/transfer/official_a2a_protocol.py", line 27, in run_async
    asyncio.get_running_loop()
RuntimeError: no running event loop

During handling of the above exception, another exception occurred:

Traceback (most recent call last):
  File "/home/wjt/CardDiffBench_official_a2a_main_20260712/.venv/lib/python3.10/site-packages/a2a/server/request_handlers/default_request_handler.py", line 326, in on_message_send
    ) = await result_aggregator.consume_and_break_on_interrupt(
  File "/home/wjt/CardDiffBench_official_a2a_main_20260712/.venv/lib/python3.10/site-packages/a2a/server/tasks/result_aggregator.py", line 135, in consume_and_break_on_interrupt
    async for event in event_stream:
  File "/home/wjt/CardDiffBench_official_a2a_main_20260712/.venv/lib/python3.10/site-packages/a2a/server/events/event_consumer.py", line 87, in consume_all
    raise self._exception
  File "/home/wjt/CardDiffBench_official_a2a_main_20260712/.venv/lib/python3.10/site-packages/a2a/utils/telemetry.py", line 228, in async_wrapper
    result = await func(*args, **kwargs)
  File "/home/wjt/CardDiffBench_official_a2a_main_20260712/.venv/lib/python3.10/site-packages/a2a/server/request_handlers/default_request_handler.py", line 196, in _run_event_stream
    await self.agent_executor.execute(request, queue)
  File "/home/wjt/CardDiffBench_official_a2a_main_20260712/harness/transfer/official_a2a_peer.py", line 77, in execute
    artifact = self.env._response_artifact(body=body, identity=identity, scopes=scopes,
  File "/home/wjt/CardDiffBench_official_a2a_main_20260712/harness/downstream/impact_env.py", line 353, in _response_artifact
    raise RuntimeError(f"protocol adapter {version} could not encode the worker result")
RuntimeError: protocol adapter 1.0-primary could not encode the worker result
Unhandled exception
Traceback (most recent call last):
  File "/home/wjt/CardDiffBench_official_a2a_main_20260712/sut/transfer/official_a2a_protocol.py", line 27, in run_async
    asyncio.get_running_loop()
RuntimeError: no running event loop

During handling of the above exception, another exception occurred:

Traceback (most recent call last):
  File "/home/wjt/CardDiffBench_official_a2a_main_20260712/.venv/lib/python3.10/site-packages/a2a/server/apps/jsonrpc/jsonrpc_app.py", line 384, in _handle_requests
    return await self._process_non_streaming_request(
  File "/home/wjt/CardDiffBench_official_a2a_main_20260712/.venv/lib/python3.10/site-packages/a2a/server/apps/jsonrpc/jsonrpc_app.py", line 464, in _process_non_streaming_request
    handler_result = await self.handler.on_message_send(
  File "/home/wjt/CardDiffBench_official_a2a_main_20260712/.venv/lib/python3.10/site-packages/a2a/utils/telemetry.py", line 228, in async_wrapper
    result = await func(*args, **kwargs)
  File "/home/wjt/CardDiffBench_official_a2a_main_20260712/.venv/lib/python3.10/site-packages/a2a/server/request_handlers/jsonrpc_handler.py", line 107, in on_message_send
    task_or_message = await self.request_handler.on_message_send(
  File "/home/wjt/CardDiffBench_official_a2a_main_20260712/.venv/lib/python3.10/site-packages/a2a/utils/telemetry.py", line 228, in async_wrapper
    result = await func(*args, **kwargs)
  File "/home/wjt/CardDiffBench_official_a2a_main_20260712/.venv/lib/python3.10/site-packages/a2a/server/request_handlers/default_request_handler.py", line 348, in on_message_send
    await self._cleanup_producer(producer_task, task_id)
  File "/home/wjt/CardDiffBench_official_a2a_main_20260712/.venv/lib/python3.10/site-packages/a2a/utils/telemetry.py", line 228, in async_wrapper
    result = await func(*args, **kwargs)
  File "/home/wjt/CardDiffBench_official_a2a_main_20260712/.venv/lib/python3.10/site-packages/a2a/server/request_handlers/default_request_handler.py", line 445, in _cleanup_producer
    await producer_task
  File "/home/wjt/CardDiffBench_official_a2a_main_20260712/.venv/lib/python3.10/site-packages/a2a/utils/telemetry.py", line 228, in async_wrapper
    result = await func(*args, **kwargs)
  File "/home/wjt/CardDiffBench_official_a2a_main_20260712/.venv/lib/python3.10/site-packages/a2a/server/request_handlers/default_request_handler.py", line 196, in _run_event_stream
    await self.agent_executor.execute(request, queue)
  File "/home/wjt/CardDiffBench_official_a2a_main_20260712/harness/transfer/official_a2a_peer.py", line 77, in execute
    artifact = self.env._response_artifact(body=body, identity=identity, scopes=scopes,
  File "/home/wjt/CardDiffBench_official_a2a_main_20260712/harness/downstream/impact_env.py", line 353, in _response_artifact
    raise RuntimeError(f"protocol adapter {version} could not encode the worker result")
RuntimeError: protocol adapter 1.0-primary could not encode the worker result
Request Error (ID: fc8f0e76-5a46-4fd6-8db7-f456d4f923e9): Code=-32603, Message='protocol adapter 1.0-primary could not encode the worker result'
Agent execution failed
Traceback (most recent call last):
  File "/home/wjt/CardDiffBench_official_a2a_main_20260712/sut/transfer/official_a2a_protocol.py", line 27, in run_async
    asyncio.get_running_loop()
RuntimeError: no running event loop

During handling of the above exception, another exception occurred:

Traceback (most recent call last):
  File "/home/wjt/CardDiffBench_official_a2a_main_20260712/.venv/lib/python3.10/site-packages/a2a/server/request_handlers/default_request_handler.py", line 326, in on_message_send
    ) = await result_aggregator.consume_and_break_on_interrupt(
  File "/home/wjt/CardDiffBench_official_a2a_main_20260712/.venv/lib/python3.10/site-packages/a2a/server/tasks/result_aggregator.py", line 135, in consume_and_break_on_interrupt
    async for event in event_stream:
  File "/home/wjt/CardDiffBench_official_a2a_main_20260712/.venv/lib/python3.10/site-packages/a2a/server/events/event_consumer.py", line 87, in consume_all
    raise self._exception
  File "/home/wjt/CardDiffBench_official_a2a_main_20260712/.venv/lib/python3.10/site-packages/a2a/utils/telemetry.py", line 228, in async_wrapper
    result = await func(*args, **kwargs)
  File "/home/wjt/CardDiffBench_official_a2a_main_20260712/.venv/lib/python3.10/site-packages/a2a/server/request_handlers/default_request_handler.py", line 196, in _run_event_stream
    await self.agent_executor.execute(request, queue)
  File "/home/wjt/CardDiffBench_official_a2a_main_20260712/harness/transfer/official_a2a_peer.py", line 77, in execute
    artifact = self.env._response_artifact(body=body, identity=identity, scopes=scopes,
  File "/home/wjt/CardDiffBench_official_a2a_main_20260712/harness/downstream/impact_env.py", line 353, in _response_artifact
    raise RuntimeError(f"protocol adapter {version} could not encode the worker result")
RuntimeError: protocol adapter 1.0-primary could not encode the worker result
Unhandled exception
Traceback (most recent call last):
  File "/home/wjt/CardDiffBench_official_a2a_main_20260712/sut/transfer/official_a2a_protocol.py", line 27, in run_async
    asyncio.get_running_loop()
RuntimeError: no running event loop

During handling of the above exception, another exception occurred:

Traceback (most recent call last):
  File "/home/wjt/CardDiffBench_official_a2a_main_20260712/.venv/lib/python3.10/site-packages/a2a/server/apps/jsonrpc/jsonrpc_app.py", line 384, in _handle_requests
    return await self._process_non_streaming_request(
  File "/home/wjt/CardDiffBench_official_a2a_main_20260712/.venv/lib/python3.10/site-packages/a2a/server/apps/jsonrpc/jsonrpc_app.py", line 464, in _process_non_streaming_request
    handler_result = await self.handler.on_message_send(
  File "/home/wjt/CardDiffBench_official_a2a_main_20260712/.venv/lib/python3.10/site-packages/a2a/utils/telemetry.py", line 228, in async_wrapper
    result = await func(*args, **kwargs)
  File "/home/wjt/CardDiffBench_official_a2a_main_20260712/.venv/lib/python3.10/site-packages/a2a/server/request_handlers/jsonrpc_handler.py", line 107, in on_message_send
    task_or_message = await self.request_handler.on_message_send(
  File "/home/wjt/CardDiffBench_official_a2a_main_20260712/.venv/lib/python3.10/site-packages/a2a/utils/telemetry.py", line 228, in async_wrapper
    result = await func(*args, **kwargs)
  File "/home/wjt/CardDiffBench_official_a2a_main_20260712/.venv/lib/python3.10/site-packages/a2a/server/request_handlers/default_request_handler.py", line 348, in on_message_send
    await self._cleanup_producer(producer_task, task_id)
  File "/home/wjt/CardDiffBench_official_a2a_main_20260712/.venv/lib/python3.10/site-packages/a2a/utils/telemetry.py", line 228, in async_wrapper
    result = await func(*args, **kwargs)
  File "/home/wjt/CardDiffBench_official_a2a_main_20260712/.venv/lib/python3.10/site-packages/a2a/server/request_handlers/default_request_handler.py", line 445, in _cleanup_producer
    await producer_task
  File "/home/wjt/CardDiffBench_official_a2a_main_20260712/.venv/lib/python3.10/site-packages/a2a/utils/telemetry.py", line 228, in async_wrapper
    result = await func(*args, **kwargs)
  File "/home/wjt/CardDiffBench_official_a2a_main_20260712/.venv/lib/python3.10/site-packages/a2a/server/request_handlers/default_request_handler.py", line 196, in _run_event_stream
    await self.agent_executor.execute(request, queue)
  File "/home/wjt/CardDiffBench_official_a2a_main_20260712/harness/transfer/official_a2a_peer.py", line 77, in execute
    artifact = self.env._response_artifact(body=body, identity=identity, scopes=scopes,
  File "/home/wjt/CardDiffBench_official_a2a_main_20260712/harness/downstream/impact_env.py", line 353, in _response_artifact
    raise RuntimeError(f"protocol adapter {version} could not encode the worker result")
RuntimeError: protocol adapter 1.0-primary could not encode the worker result
Request Error (ID: 321e9028-4494-486d-8b0f-ba7b553fe824): Code=-32603, Message='protocol adapter 1.0-primary could not encode the worker result'
Agent execution failed
Traceback (most recent call last):
  File "/home/wjt/CardDiffBench_official_a2a_main_20260712/sut/transfer/official_a2a_protocol.py", line 27, in run_async
    asyncio.get_running_loop()
RuntimeError: no running event loop

During handling of the above exception, another exception occurred:

Traceback (most recent call last):
  File "/home/wjt/CardDiffBench_official_a2a_main_20260712/.venv/lib/python3.10/site-packages/a2a/server/request_handlers/default_request_handler.py", line 326, in on_message_send
    ) = await result_aggregator.consume_and_break_on_interrupt(
  File "/home/wjt/CardDiffBench_official_a2a_main_20260712/.venv/lib/python3.10/site-packages/a2a/server/tasks/result_aggregator.py", line 135, in consume_and_break_on_interrupt
    async for event in event_stream:
  File "/home/wjt/CardDiffBench_official_a2a_main_20260712/.venv/lib/python3.10/site-packages/a2a/server/events/event_consumer.py", line 87, in consume_all
    raise self._exception
  File "/home/wjt/CardDiffBench_official_a2a_main_20260712/.venv/lib/python3.10/site-packages/a2a/utils/telemetry.py", line 228, in async_wrapper
    result = await func(*args, **kwargs)
  File "/home/wjt/CardDiffBench_official_a2a_main_20260712/.venv/lib/python3.10/site-packages/a2a/server/request_handlers/default_request_handler.py", line 196, in _run_event_stream
    await self.agent_executor.execute(request, queue)
  File "/home/wjt/CardDiffBench_official_a2a_main_20260712/harness/transfer/official_a2a_peer.py", line 77, in execute
    artifact = self.env._response_artifact(body=body, identity=identity, scopes=scopes,
  File "/home/wjt/CardDiffBench_official_a2a_main_20260712/harness/downstream/impact_env.py", line 353, in _response_artifact
    raise RuntimeError(f"protocol adapter {version} could not encode the worker result")
RuntimeError: protocol adapter 1.0-primary could not encode the worker result
Unhandled exception
Traceback (most recent call last):
  File "/home/wjt/CardDiffBench_official_a2a_main_20260712/sut/transfer/official_a2a_protocol.py", line 27, in run_async
    asyncio.get_running_loop()
RuntimeError: no running event loop

During handling of the above exception, another exception occurred:

Traceback (most recent call last):
  File "/home/wjt/CardDiffBench_official_a2a_main_20260712/.venv/lib/python3.10/site-packages/a2a/server/apps/jsonrpc/jsonrpc_app.py", line 384, in _handle_requests
    return await self._process_non_streaming_request(
  File "/home/wjt/CardDiffBench_official_a2a_main_20260712/.venv/lib/python3.10/site-packages/a2a/server/apps/jsonrpc/jsonrpc_app.py", line 464, in _process_non_streaming_request
    handler_result = await self.handler.on_message_send(
  File "/home/wjt/CardDiffBench_official_a2a_main_20260712/.venv/lib/python3.10/site-packages/a2a/utils/telemetry.py", line 228, in async_wrapper
    result = await func(*args, **kwargs)
  File "/home/wjt/CardDiffBench_official_a2a_main_20260712/.venv/lib/python3.10/site-packages/a2a/server/request_handlers/jsonrpc_handler.py", line 107, in on_message_send
    task_or_message = await self.request_handler.on_message_send(
  File "/home/wjt/CardDiffBench_official_a2a_main_20260712/.venv/lib/python3.10/site-packages/a2a/utils/telemetry.py", line 228, in async_wrapper
    result = await func(*args, **kwargs)
  File "/home/wjt/CardDiffBench_official_a2a_main_20260712/.venv/lib/python3.10/site-packages/a2a/server/request_handlers/default_request_handler.py", line 348, in on_message_send
    await self._cleanup_producer(producer_task, task_id)
  File "/home/wjt/CardDiffBench_official_a2a_main_20260712/.venv/lib/python3.10/site-packages/a2a/utils/telemetry.py", line 228, in async_wrapper
    result = await func(*args, **kwargs)
  File "/home/wjt/CardDiffBench_official_a2a_main_20260712/.venv/lib/python3.10/site-packages/a2a/server/request_handlers/default_request_handler.py", line 445, in _cleanup_producer
    await producer_task
  File "/home/wjt/CardDiffBench_official_a2a_main_20260712/.venv/lib/python3.10/site-packages/a2a/utils/telemetry.py", line 228, in async_wrapper
    result = await func(*args, **kwargs)
  File "/home/wjt/CardDiffBench_official_a2a_main_20260712/.venv/lib/python3.10/site-packages/a2a/server/request_handlers/default_request_handler.py", line 196, in _run_event_stream
    await self.agent_executor.execute(request, queue)
  File "/home/wjt/CardDiffBench_official_a2a_main_20260712/harness/transfer/official_a2a_peer.py", line 77, in execute
    artifact = self.env._response_artifact(body=body, identity=identity, scopes=scopes,
  File "/home/wjt/CardDiffBench_official_a2a_main_20260712/harness/downstream/impact_env.py", line 353, in _response_artifact
    raise RuntimeError(f"protocol adapter {version} could not encode the worker result")
RuntimeError: protocol adapter 1.0-primary could not encode the worker result
Request Error (ID: 772692e7-187a-4c82-a3aa-c49213537090): Code=-32603, Message='protocol adapter 1.0-primary could not encode the worker result'
Agent execution failed
Traceback (most recent call last):
  File "/home/wjt/CardDiffBench_official_a2a_main_20260712/sut/transfer/official_a2a_protocol.py", line 27, in run_async
    asyncio.get_running_loop()
RuntimeError: no running event loop

During handling of the above exception, another exception occurred:

Traceback (most recent call last):
  File "/home/wjt/CardDiffBench_official_a2a_main_20260712/.venv/lib/python3.10/site-packages/a2a/server/request_handlers/default_request_handler.py", line 326, in on_message_send
    ) = await result_aggregator.consume_and_break_on_interrupt(
  File "/home/wjt/CardDiffBench_official_a2a_main_20260712/.venv/lib/python3.10/site-packages/a2a/server/tasks/result_aggregator.py", line 135, in consume_and_break_on_interrupt
    async for event in event_stream:
  File "/home/wjt/CardDiffBench_official_a2a_main_20260712/.venv/lib/python3.10/site-packages/a2a/server/events/event_consumer.py", line 87, in consume_all
    raise self._exception
  File "/home/wjt/CardDiffBench_official_a2a_main_20260712/.venv/lib/python3.10/site-packages/a2a/utils/telemetry.py", line 228, in async_wrapper
    result = await func(*args, **kwargs)
  File "/home/wjt/CardDiffBench_official_a2a_main_20260712/.venv/lib/python3.10/site-packages/a2a/server/request_handlers/default_request_handler.py", line 196, in _run_event_stream
    await self.agent_executor.execute(request, queue)
  File "/home/wjt/CardDiffBench_official_a2a_main_20260712/harness/transfer/official_a2a_peer.py", line 77, in execute
    artifact = self.env._response_artifact(body=body, identity=identity, scopes=scopes,
  File "/home/wjt/CardDiffBench_official_a2a_main_20260712/harness/downstream/impact_env.py", line 353, in _response_artifact
    raise RuntimeError(f"protocol adapter {version} could not encode the worker result")
RuntimeError: protocol adapter 1.0-primary could not encode the worker result
Unhandled exception
Traceback (most recent call last):
  File "/home/wjt/CardDiffBench_official_a2a_main_20260712/sut/transfer/official_a2a_protocol.py", line 27, in run_async
    asyncio.get_running_loop()
RuntimeError: no running event loop

During handling of the above exception, another exception occurred:

Traceback (most recent call last):
  File "/home/wjt/CardDiffBench_official_a2a_main_20260712/.venv/lib/python3.10/site-packages/a2a/server/apps/jsonrpc/jsonrpc_app.py", line 384, in _handle_requests
    return await self._process_non_streaming_request(
  File "/home/wjt/CardDiffBench_official_a2a_main_20260712/.venv/lib/python3.10/site-packages/a2a/server/apps/jsonrpc/jsonrpc_app.py", line 464, in _process_non_streaming_request
    handler_result = await self.handler.on_message_send(
  File "/home/wjt/CardDiffBench_official_a2a_main_20260712/.venv/lib/python3.10/site-packages/a2a/utils/telemetry.py", line 228, in async_wrapper
    result = await func(*args, **kwargs)
  File "/home/wjt/CardDiffBench_official_a2a_main_20260712/.venv/lib/python3.10/site-packages/a2a/server/request_handlers/jsonrpc_handler.py", line 107, in on_message_send
    task_or_message = await self.request_handler.on_message_send(
  File "/home/wjt/CardDiffBench_official_a2a_main_20260712/.venv/lib/python3.10/site-packages/a2a/utils/telemetry.py", line 228, in async_wrapper
    result = await func(*args, **kwargs)
  File "/home/wjt/CardDiffBench_official_a2a_main_20260712/.venv/lib/python3.10/site-packages/a2a/server/request_handlers/default_request_handler.py", line 348, in on_message_send
    await self._cleanup_producer(producer_task, task_id)
  File "/home/wjt/CardDiffBench_official_a2a_main_20260712/.venv/lib/python3.10/site-packages/a2a/utils/telemetry.py", line 228, in async_wrapper
    result = await func(*args, **kwargs)
  File "/home/wjt/CardDiffBench_official_a2a_main_20260712/.venv/lib/python3.10/site-packages/a2a/server/request_handlers/default_request_handler.py", line 445, in _cleanup_producer
    await producer_task
  File "/home/wjt/CardDiffBench_official_a2a_main_20260712/.venv/lib/python3.10/site-packages/a2a/utils/telemetry.py", line 228, in async_wrapper
    result = await func(*args, **kwargs)
  File "/home/wjt/CardDiffBench_official_a2a_main_20260712/.venv/lib/python3.10/site-packages/a2a/server/request_handlers/default_request_handler.py", line 196, in _run_event_stream
    await self.agent_executor.execute(request, queue)
  File "/home/wjt/CardDiffBench_official_a2a_main_20260712/harness/transfer/official_a2a_peer.py", line 77, in execute
    artifact = self.env._response_artifact(body=body, identity=identity, scopes=scopes,
  File "/home/wjt/CardDiffBench_official_a2a_main_20260712/harness/downstream/impact_env.py", line 353, in _response_artifact
    raise RuntimeError(f"protocol adapter {version} could not encode the worker result")
RuntimeError: protocol adapter 1.0-primary could not encode the worker result
Request Error (ID: 9862c815-8af2-4f4c-8911-040553a0d912): Code=-32603, Message='protocol adapter 1.0-primary could not encode the worker result'
Agent execution failed
Traceback (most recent call last):
  File "/home/wjt/CardDiffBench_official_a2a_main_20260712/sut/transfer/official_a2a_protocol.py", line 27, in run_async
    asyncio.get_running_loop()
RuntimeError: no running event loop

During handling of the above exception, another exception occurred:

Traceback (most recent call last):
  File "/home/wjt/CardDiffBench_official_a2a_main_20260712/.venv/lib/python3.10/site-packages/a2a/server/request_handlers/default_request_handler.py", line 326, in on_message_send
    ) = await result_aggregator.consume_and_break_on_interrupt(
  File "/home/wjt/CardDiffBench_official_a2a_main_20260712/.venv/lib/python3.10/site-packages/a2a/server/tasks/result_aggregator.py", line 135, in consume_and_break_on_interrupt
    async for event in event_stream:
  File "/home/wjt/CardDiffBench_official_a2a_main_20260712/.venv/lib/python3.10/site-packages/a2a/server/events/event_consumer.py", line 87, in consume_all
    raise self._exception
  File "/home/wjt/CardDiffBench_official_a2a_main_20260712/.venv/lib/python3.10/site-packages/a2a/utils/telemetry.py", line 228, in async_wrapper
    result = await func(*args, **kwargs)
  File "/home/wjt/CardDiffBench_official_a2a_main_20260712/.venv/lib/python3.10/site-packages/a2a/server/request_handlers/default_request_handler.py", line 196, in _run_event_stream
    await self.agent_executor.execute(request, queue)
  File "/home/wjt/CardDiffBench_official_a2a_main_20260712/harness/transfer/official_a2a_peer.py", line 77, in execute
    artifact = self.env._response_artifact(body=body, identity=identity, scopes=scopes,
  File "/home/wjt/CardDiffBench_official_a2a_main_20260712/harness/downstream/impact_env.py", line 353, in _response_artifact
    raise RuntimeError(f"protocol adapter {version} could not encode the worker result")
RuntimeError: protocol adapter 1.0-primary could not encode the worker result
Unhandled exception
Traceback (most recent call last):
  File "/home/wjt/CardDiffBench_official_a2a_main_20260712/sut/transfer/official_a2a_protocol.py", line 27, in run_async
    asyncio.get_running_loop()
RuntimeError: no running event loop

During handling of the above exception, another exception occurred:

Traceback (most recent call last):
  File "/home/wjt/CardDiffBench_official_a2a_main_20260712/.venv/lib/python3.10/site-packages/a2a/server/apps/jsonrpc/jsonrpc_app.py", line 384, in _handle_requests
    return await self._process_non_streaming_request(
  File "/home/wjt/CardDiffBench_official_a2a_main_20260712/.venv/lib/python3.10/site-packages/a2a/server/apps/jsonrpc/jsonrpc_app.py", line 464, in _process_non_streaming_request
    handler_result = await self.handler.on_message_send(
  File "/home/wjt/CardDiffBench_official_a2a_main_20260712/.venv/lib/python3.10/site-packages/a2a/utils/telemetry.py", line 228, in async_wrapper
    result = await func(*args, **kwargs)
  File "/home/wjt/CardDiffBench_official_a2a_main_20260712/.venv/lib/python3.10/site-packages/a2a/server/request_handlers/jsonrpc_handler.py", line 107, in on_message_send
    task_or_message = await self.request_handler.on_message_send(
  File "/home/wjt/CardDiffBench_official_a2a_main_20260712/.venv/lib/python3.10/site-packages/a2a/utils/telemetry.py", line 228, in async_wrapper
    result = await func(*args, **kwargs)
  File "/home/wjt/CardDiffBench_official_a2a_main_20260712/.venv/lib/python3.10/site-packages/a2a/server/request_handlers/default_request_handler.py", line 348, in on_message_send
    await self._cleanup_producer(producer_task, task_id)
  File "/home/wjt/CardDiffBench_official_a2a_main_20260712/.venv/lib/python3.10/site-packages/a2a/utils/telemetry.py", line 228, in async_wrapper
    result = await func(*args, **kwargs)
  File "/home/wjt/CardDiffBench_official_a2a_main_20260712/.venv/lib/python3.10/site-packages/a2a/server/request_handlers/default_request_handler.py", line 445, in _cleanup_producer
    await producer_task
  File "/home/wjt/CardDiffBench_official_a2a_main_20260712/.venv/lib/python3.10/site-packages/a2a/utils/telemetry.py", line 228, in async_wrapper
    result = await func(*args, **kwargs)
  File "/home/wjt/CardDiffBench_official_a2a_main_20260712/.venv/lib/python3.10/site-packages/a2a/server/request_handlers/default_request_handler.py", line 196, in _run_event_stream
    await self.agent_executor.execute(request, queue)
  File "/home/wjt/CardDiffBench_official_a2a_main_20260712/harness/transfer/official_a2a_peer.py", line 77, in execute
    artifact = self.env._response_artifact(body=body, identity=identity, scopes=scopes,
  File "/home/wjt/CardDiffBench_official_a2a_main_20260712/harness/downstream/impact_env.py", line 353, in _response_artifact
    raise RuntimeError(f"protocol adapter {version} could not encode the worker result")
RuntimeError: protocol adapter 1.0-primary could not encode the worker result
Request Error (ID: ee27fb0a-8450-405b-bbc5-7e52d1ea3695): Code=-32603, Message='protocol adapter 1.0-primary could not encode the worker result'
Agent execution failed
Traceback (most recent call last):
  File "/home/wjt/CardDiffBench_official_a2a_main_20260712/sut/transfer/official_a2a_protocol.py", line 27, in run_async
    asyncio.get_running_loop()
RuntimeError: no running event loop

During handling of the above exception, another exception occurred:

Traceback (most recent call last):
  File "/home/wjt/CardDiffBench_official_a2a_main_20260712/.venv/lib/python3.10/site-packages/a2a/server/request_handlers/default_request_handler.py", line 326, in on_message_send
    ) = await result_aggregator.consume_and_break_on_interrupt(
  File "/home/wjt/CardDiffBench_official_a2a_main_20260712/.venv/lib/python3.10/site-packages/a2a/server/tasks/result_aggregator.py", line 135, in consume_and_break_on_interrupt
    async for event in event_stream:
  File "/home/wjt/CardDiffBench_official_a2a_main_20260712/.venv/lib/python3.10/site-packages/a2a/server/events/event_consumer.py", line 87, in consume_all
    raise self._exception
  File "/home/wjt/CardDiffBench_official_a2a_main_20260712/.venv/lib/python3.10/site-packages/a2a/utils/telemetry.py", line 228, in async_wrapper
    result = await func(*args, **kwargs)
  File "/home/wjt/CardDiffBench_official_a2a_main_20260712/.venv/lib/python3.10/site-packages/a2a/server/request_handlers/default_request_handler.py", line 196, in _run_event_stream
    await self.agent_executor.execute(request, queue)
  File "/home/wjt/CardDiffBench_official_a2a_main_20260712/harness/transfer/official_a2a_peer.py", line 77, in execute
    artifact = self.env._response_artifact(body=body, identity=identity, scopes=scopes,
  File "/home/wjt/CardDiffBench_official_a2a_main_20260712/harness/downstream/impact_env.py", line 353, in _response_artifact
    raise RuntimeError(f"protocol adapter {version} could not encode the worker result")
RuntimeError: protocol adapter 1.0-primary could not encode the worker result
Unhandled exception
Traceback (most recent call last):
  File "/home/wjt/CardDiffBench_official_a2a_main_20260712/sut/transfer/official_a2a_protocol.py", line 27, in run_async
    asyncio.get_running_loop()
RuntimeError: no running event loop

During handling of the above exception, another exception occurred:

Traceback (most recent call last):
  File "/home/wjt/CardDiffBench_official_a2a_main_20260712/.venv/lib/python3.10/site-packages/a2a/server/apps/jsonrpc/jsonrpc_app.py", line 384, in _handle_requests
    return await self._process_non_streaming_request(
  File "/home/wjt/CardDiffBench_official_a2a_main_20260712/.venv/lib/python3.10/site-packages/a2a/server/apps/jsonrpc/jsonrpc_app.py", line 464, in _process_non_streaming_request
    handler_result = await self.handler.on_message_send(
  File "/home/wjt/CardDiffBench_official_a2a_main_20260712/.venv/lib/python3.10/site-packages/a2a/utils/telemetry.py", line 228, in async_wrapper
    result = await func(*args, **kwargs)
  File "/home/wjt/CardDiffBench_official_a2a_main_20260712/.venv/lib/python3.10/site-packages/a2a/server/request_handlers/jsonrpc_handler.py", line 107, in on_message_send
    task_or_message = await self.request_handler.on_message_send(
  File "/home/wjt/CardDiffBench_official_a2a_main_20260712/.venv/lib/python3.10/site-packages/a2a/utils/telemetry.py", line 228, in async_wrapper
    result = await func(*args, **kwargs)
  File "/home/wjt/CardDiffBench_official_a2a_main_20260712/.venv/lib/python3.10/site-packages/a2a/server/request_handlers/default_request_handler.py", line 348, in on_message_send
    await self._cleanup_producer(producer_task, task_id)
  File "/home/wjt/CardDiffBench_official_a2a_main_20260712/.venv/lib/python3.10/site-packages/a2a/utils/telemetry.py", line 228, in async_wrapper
    result = await func(*args, **kwargs)
  File "/home/wjt/CardDiffBench_official_a2a_main_20260712/.venv/lib/python3.10/site-packages/a2a/server/request_handlers/default_request_handler.py", line 445, in _cleanup_producer
    await producer_task
  File "/home/wjt/CardDiffBench_official_a2a_main_20260712/.venv/lib/python3.10/site-packages/a2a/utils/telemetry.py", line 228, in async_wrapper
    result = await func(*args, **kwargs)
  File "/home/wjt/CardDiffBench_official_a2a_main_20260712/.venv/lib/python3.10/site-packages/a2a/server/request_handlers/default_request_handler.py", line 196, in _run_event_stream
    await self.agent_executor.execute(request, queue)
  File "/home/wjt/CardDiffBench_official_a2a_main_20260712/harness/transfer/official_a2a_peer.py", line 77, in execute
    artifact = self.env._response_artifact(body=body, identity=identity, scopes=scopes,
  File "/home/wjt/CardDiffBench_official_a2a_main_20260712/harness/downstream/impact_env.py", line 353, in _response_artifact
    raise RuntimeError(f"protocol adapter {version} could not encode the worker result")
RuntimeError: protocol adapter 1.0-primary could not encode the worker result
Request Error (ID: 23f4410b-af02-4249-b840-572ebb12bcf1): Code=-32603, Message='protocol adapter 1.0-primary could not encode the worker result'
Agent execution failed
Traceback (most recent call last):
  File "/home/wjt/CardDiffBench_official_a2a_main_20260712/sut/transfer/official_a2a_protocol.py", line 27, in run_async
    asyncio.get_running_loop()
RuntimeError: no running event loop

During handling of the above exception, another exception occurred:

Traceback (most recent call last):
  File "/home/wjt/CardDiffBench_official_a2a_main_20260712/.venv/lib/python3.10/site-packages/a2a/server/request_handlers/default_request_handler.py", line 326, in on_message_send
    ) = await result_aggregator.consume_and_break_on_interrupt(
  File "/home/wjt/CardDiffBench_official_a2a_main_20260712/.venv/lib/python3.10/site-packages/a2a/server/tasks/result_aggregator.py", line 135, in consume_and_break_on_interrupt
    async for event in event_stream:
  File "/home/wjt/CardDiffBench_official_a2a_main_20260712/.venv/lib/python3.10/site-packages/a2a/server/events/event_consumer.py", line 87, in consume_all
    raise self._exception
  File "/home/wjt/CardDiffBench_official_a2a_main_20260712/.venv/lib/python3.10/site-packages/a2a/utils/telemetry.py", line 228, in async_wrapper
    result = await func(*args, **kwargs)
  File "/home/wjt/CardDiffBench_official_a2a_main_20260712/.venv/lib/python3.10/site-packages/a2a/server/request_handlers/default_request_handler.py", line 196, in _run_event_stream
    await self.agent_executor.execute(request, queue)
  File "/home/wjt/CardDiffBench_official_a2a_main_20260712/harness/transfer/official_a2a_peer.py", line 77, in execute
    artifact = self.env._response_artifact(body=body, identity=identity, scopes=scopes,
  File "/home/wjt/CardDiffBench_official_a2a_main_20260712/harness/downstream/impact_env.py", line 353, in _response_artifact
    raise RuntimeError(f"protocol adapter {version} could not encode the worker result")
RuntimeError: protocol adapter 1.0-primary could not encode the worker result
Unhandled exception
Traceback (most recent call last):
  File "/home/wjt/CardDiffBench_official_a2a_main_20260712/sut/transfer/official_a2a_protocol.py", line 27, in run_async
    asyncio.get_running_loop()
RuntimeError: no running event loop

During handling of the above exception, another exception occurred:

Traceback (most recent call last):
  File "/home/wjt/CardDiffBench_official_a2a_main_20260712/.venv/lib/python3.10/site-packages/a2a/server/apps/jsonrpc/jsonrpc_app.py", line 384, in _handle_requests
    return await self._process_non_streaming_request(
  File "/home/wjt/CardDiffBench_official_a2a_main_20260712/.venv/lib/python3.10/site-packages/a2a/server/apps/jsonrpc/jsonrpc_app.py", line 464, in _process_non_streaming_request
    handler_result = await self.handler.on_message_send(
  File "/home/wjt/CardDiffBench_official_a2a_main_20260712/.venv/lib/python3.10/site-packages/a2a/utils/telemetry.py", line 228, in async_wrapper
    result = await func(*args, **kwargs)
  File "/home/wjt/CardDiffBench_official_a2a_main_20260712/.venv/lib/python3.10/site-packages/a2a/server/request_handlers/jsonrpc_handler.py", line 107, in on_message_send
    task_or_message = await self.request_handler.on_message_send(
  File "/home/wjt/CardDiffBench_official_a2a_main_20260712/.venv/lib/python3.10/site-packages/a2a/utils/telemetry.py", line 228, in async_wrapper
    result = await func(*args, **kwargs)
  File "/home/wjt/CardDiffBench_official_a2a_main_20260712/.venv/lib/python3.10/site-packages/a2a/server/request_handlers/default_request_handler.py", line 348, in on_message_send
    await self._cleanup_producer(producer_task, task_id)
  File "/home/wjt/CardDiffBench_official_a2a_main_20260712/.venv/lib/python3.10/site-packages/a2a/utils/telemetry.py", line 228, in async_wrapper
    result = await func(*args, **kwargs)
  File "/home/wjt/CardDiffBench_official_a2a_main_20260712/.venv/lib/python3.10/site-packages/a2a/server/request_handlers/default_request_handler.py", line 445, in _cleanup_producer
    await producer_task
  File "/home/wjt/CardDiffBench_official_a2a_main_20260712/.venv/lib/python3.10/site-packages/a2a/utils/telemetry.py", line 228, in async_wrapper
    result = await func(*args, **kwargs)
  File "/home/wjt/CardDiffBench_official_a2a_main_20260712/.venv/lib/python3.10/site-packages/a2a/server/request_handlers/default_request_handler.py", line 196, in _run_event_stream
    await self.agent_executor.execute(request, queue)
  File "/home/wjt/CardDiffBench_official_a2a_main_20260712/harness/transfer/official_a2a_peer.py", line 77, in execute
    artifact = self.env._response_artifact(body=body, identity=identity, scopes=scopes,
  File "/home/wjt/CardDiffBench_official_a2a_main_20260712/harness/downstream/impact_env.py", line 353, in _response_artifact
    raise RuntimeError(f"protocol adapter {version} could not encode the worker result")
RuntimeError: protocol adapter 1.0-primary could not encode the worker result
Request Error (ID: b245a1ca-1917-4e1c-b0f3-a5992f616376): Code=-32603, Message='protocol adapter 1.0-primary could not encode the worker result'
Agent execution failed
Traceback (most recent call last):
  File "/home/wjt/CardDiffBench_official_a2a_main_20260712/sut/transfer/official_a2a_protocol.py", line 27, in run_async
    asyncio.get_running_loop()
RuntimeError: no running event loop

During handling of the above exception, another exception occurred:

Traceback (most recent call last):
  File "/home/wjt/CardDiffBench_official_a2a_main_20260712/.venv/lib/python3.10/site-packages/a2a/server/request_handlers/default_request_handler.py", line 326, in on_message_send
    ) = await result_aggregator.consume_and_break_on_interrupt(
  File "/home/wjt/CardDiffBench_official_a2a_main_20260712/.venv/lib/python3.10/site-packages/a2a/server/tasks/result_aggregator.py", line 135, in consume_and_break_on_interrupt
    async for event in event_stream:
  File "/home/wjt/CardDiffBench_official_a2a_main_20260712/.venv/lib/python3.10/site-packages/a2a/server/events/event_consumer.py", line 87, in consume_all
    raise self._exception
  File "/home/wjt/CardDiffBench_official_a2a_main_20260712/.venv/lib/python3.10/site-packages/a2a/utils/telemetry.py", line 228, in async_wrapper
    result = await func(*args, **kwargs)
  File "/home/wjt/CardDiffBench_official_a2a_main_20260712/.venv/lib/python3.10/site-packages/a2a/server/request_handlers/default_request_handler.py", line 196, in _run_event_stream
    await self.agent_executor.execute(request, queue)
  File "/home/wjt/CardDiffBench_official_a2a_main_20260712/harness/transfer/official_a2a_peer.py", line 77, in execute
    artifact = self.env._response_artifact(body=body, identity=identity, scopes=scopes,
  File "/home/wjt/CardDiffBench_official_a2a_main_20260712/harness/downstream/impact_env.py", line 353, in _response_artifact
    raise RuntimeError(f"protocol adapter {version} could not encode the worker result")
RuntimeError: protocol adapter 1.0-primary could not encode the worker result
Unhandled exception
Traceback (most recent call last):
  File "/home/wjt/CardDiffBench_official_a2a_main_20260712/sut/transfer/official_a2a_protocol.py", line 27, in run_async
    asyncio.get_running_loop()
RuntimeError: no running event loop

During handling of the above exception, another exception occurred:

Traceback (most recent call last):
  File "/home/wjt/CardDiffBench_official_a2a_main_20260712/.venv/lib/python3.10/site-packages/a2a/server/apps/jsonrpc/jsonrpc_app.py", line 384, in _handle_requests
    return await self._process_non_streaming_request(
  File "/home/wjt/CardDiffBench_official_a2a_main_20260712/.venv/lib/python3.10/site-packages/a2a/server/apps/jsonrpc/jsonrpc_app.py", line 464, in _process_non_streaming_request
    handler_result = await self.handler.on_message_send(
  File "/home/wjt/CardDiffBench_official_a2a_main_20260712/.venv/lib/python3.10/site-packages/a2a/utils/telemetry.py", line 228, in async_wrapper
    result = await func(*args, **kwargs)
  File "/home/wjt/CardDiffBench_official_a2a_main_20260712/.venv/lib/python3.10/site-packages/a2a/server/request_handlers/jsonrpc_handler.py", line 107, in on_message_send
    task_or_message = await self.request_handler.on_message_send(
  File "/home/wjt/CardDiffBench_official_a2a_main_20260712/.venv/lib/python3.10/site-packages/a2a/utils/telemetry.py", line 228, in async_wrapper
    result = await func(*args, **kwargs)
  File "/home/wjt/CardDiffBench_official_a2a_main_20260712/.venv/lib/python3.10/site-packages/a2a/server/request_handlers/default_request_handler.py", line 348, in on_message_send
    await self._cleanup_producer(producer_task, task_id)
  File "/home/wjt/CardDiffBench_official_a2a_main_20260712/.venv/lib/python3.10/site-packages/a2a/utils/telemetry.py", line 228, in async_wrapper
    result = await func(*args, **kwargs)
  File "/home/wjt/CardDiffBench_official_a2a_main_20260712/.venv/lib/python3.10/site-packages/a2a/server/request_handlers/default_request_handler.py", line 445, in _cleanup_producer
    await producer_task
  File "/home/wjt/CardDiffBench_official_a2a_main_20260712/.venv/lib/python3.10/site-packages/a2a/utils/telemetry.py", line 228, in async_wrapper
    result = await func(*args, **kwargs)
  File "/home/wjt/CardDiffBench_official_a2a_main_20260712/.venv/lib/python3.10/site-packages/a2a/server/request_handlers/default_request_handler.py", line 196, in _run_event_stream
    await self.agent_executor.execute(request, queue)
  File "/home/wjt/CardDiffBench_official_a2a_main_20260712/harness/transfer/official_a2a_peer.py", line 77, in execute
    artifact = self.env._response_artifact(body=body, identity=identity, scopes=scopes,
  File "/home/wjt/CardDiffBench_official_a2a_main_20260712/harness/downstream/impact_env.py", line 353, in _response_artifact
    raise RuntimeError(f"protocol adapter {version} could not encode the worker result")
RuntimeError: protocol adapter 1.0-primary could not encode the worker result
Request Error (ID: 94c56248-bc49-4705-be83-f91940521eee): Code=-32603, Message='protocol adapter 1.0-primary could not encode the worker result'
Agent execution failed
Traceback (most recent call last):
  File "/home/wjt/CardDiffBench_official_a2a_main_20260712/sut/transfer/official_a2a_protocol.py", line 27, in run_async
    asyncio.get_running_loop()
RuntimeError: no running event loop

During handling of the above exception, another exception occurred:

Traceback (most recent call last):
  File "/home/wjt/CardDiffBench_official_a2a_main_20260712/.venv/lib/python3.10/site-packages/a2a/server/request_handlers/default_request_handler.py", line 326, in on_message_send
    ) = await result_aggregator.consume_and_break_on_interrupt(
  File "/home/wjt/CardDiffBench_official_a2a_main_20260712/.venv/lib/python3.10/site-packages/a2a/server/tasks/result_aggregator.py", line 135, in consume_and_break_on_interrupt
    async for event in event_stream:
  File "/home/wjt/CardDiffBench_official_a2a_main_20260712/.venv/lib/python3.10/site-packages/a2a/server/events/event_consumer.py", line 87, in consume_all
    raise self._exception
  File "/home/wjt/CardDiffBench_official_a2a_main_20260712/.venv/lib/python3.10/site-packages/a2a/utils/telemetry.py", line 228, in async_wrapper
    result = await func(*args, **kwargs)
  File "/home/wjt/CardDiffBench_official_a2a_main_20260712/.venv/lib/python3.10/site-packages/a2a/server/request_handlers/default_request_handler.py", line 196, in _run_event_stream
    await self.agent_executor.execute(request, queue)
  File "/home/wjt/CardDiffBench_official_a2a_main_20260712/harness/transfer/official_a2a_peer.py", line 77, in execute
    artifact = self.env._response_artifact(body=body, identity=identity, scopes=scopes,
  File "/home/wjt/CardDiffBench_official_a2a_main_20260712/harness/downstream/impact_env.py", line 353, in _response_artifact
    raise RuntimeError(f"protocol adapter {version} could not encode the worker result")
RuntimeError: protocol adapter 1.0-primary could not encode the worker result
Unhandled exception
Traceback (most recent call last):
  File "/home/wjt/CardDiffBench_official_a2a_main_20260712/sut/transfer/official_a2a_protocol.py", line 27, in run_async
    asyncio.get_running_loop()
RuntimeError: no running event loop

During handling of the above exception, another exception occurred:

Traceback (most recent call last):
  File "/home/wjt/CardDiffBench_official_a2a_main_20260712/.venv/lib/python3.10/site-packages/a2a/server/apps/jsonrpc/jsonrpc_app.py", line 384, in _handle_requests
    return await self._process_non_streaming_request(
  File "/home/wjt/CardDiffBench_official_a2a_main_20260712/.venv/lib/python3.10/site-packages/a2a/server/apps/jsonrpc/jsonrpc_app.py", line 464, in _process_non_streaming_request
    handler_result = await self.handler.on_message_send(
  File "/home/wjt/CardDiffBench_official_a2a_main_20260712/.venv/lib/python3.10/site-packages/a2a/utils/telemetry.py", line 228, in async_wrapper
    result = await func(*args, **kwargs)
  File "/home/wjt/CardDiffBench_official_a2a_main_20260712/.venv/lib/python3.10/site-packages/a2a/server/request_handlers/jsonrpc_handler.py", line 107, in on_message_send
    task_or_message = await self.request_handler.on_message_send(
  File "/home/wjt/CardDiffBench_official_a2a_main_20260712/.venv/lib/python3.10/site-packages/a2a/utils/telemetry.py", line 228, in async_wrapper
    result = await func(*args, **kwargs)
  File "/home/wjt/CardDiffBench_official_a2a_main_20260712/.venv/lib/python3.10/site-packages/a2a/server/request_handlers/default_request_handler.py", line 348, in on_message_send
    await self._cleanup_producer(producer_task, task_id)
  File "/home/wjt/CardDiffBench_official_a2a_main_20260712/.venv/lib/python3.10/site-packages/a2a/utils/telemetry.py", line 228, in async_wrapper
    result = await func(*args, **kwargs)
  File "/home/wjt/CardDiffBench_official_a2a_main_20260712/.venv/lib/python3.10/site-packages/a2a/server/request_handlers/default_request_handler.py", line 445, in _cleanup_producer
    await producer_task
  File "/home/wjt/CardDiffBench_official_a2a_main_20260712/.venv/lib/python3.10/site-packages/a2a/utils/telemetry.py", line 228, in async_wrapper
    result = await func(*args, **kwargs)
  File "/home/wjt/CardDiffBench_official_a2a_main_20260712/.venv/lib/python3.10/site-packages/a2a/server/request_handlers/default_request_handler.py", line 196, in _run_event_stream
    await self.agent_executor.execute(request, queue)
  File "/home/wjt/CardDiffBench_official_a2a_main_20260712/harness/transfer/official_a2a_peer.py", line 77, in execute
    artifact = self.env._response_artifact(body=body, identity=identity, scopes=scopes,
  File "/home/wjt/CardDiffBench_official_a2a_main_20260712/harness/downstream/impact_env.py", line 353, in _response_artifact
    raise RuntimeError(f"protocol adapter {version} could not encode the worker result")
RuntimeError: protocol adapter 1.0-primary could not encode the worker result
Request Error (ID: 7adf0a19-5154-4bcc-96e0-56511f61cef1): Code=-32603, Message='protocol adapter 1.0-primary could not encode the worker result'
Agent execution failed
Traceback (most recent call last):
  File "/home/wjt/CardDiffBench_official_a2a_main_20260712/sut/transfer/official_a2a_protocol.py", line 27, in run_async
    asyncio.get_running_loop()
RuntimeError: no running event loop

During handling of the above exception, another exception occurred:

Traceback (most recent call last):
  File "/home/wjt/CardDiffBench_official_a2a_main_20260712/.venv/lib/python3.10/site-packages/a2a/server/request_handlers/default_request_handler.py", line 326, in on_message_send
    ) = await result_aggregator.consume_and_break_on_interrupt(
  File "/home/wjt/CardDiffBench_official_a2a_main_20260712/.venv/lib/python3.10/site-packages/a2a/server/tasks/result_aggregator.py", line 135, in consume_and_break_on_interrupt
    async for event in event_stream:
  File "/home/wjt/CardDiffBench_official_a2a_main_20260712/.venv/lib/python3.10/site-packages/a2a/server/events/event_consumer.py", line 87, in consume_all
    raise self._exception
  File "/home/wjt/CardDiffBench_official_a2a_main_20260712/.venv/lib/python3.10/site-packages/a2a/utils/telemetry.py", line 228, in async_wrapper
    result = await func(*args, **kwargs)
  File "/home/wjt/CardDiffBench_official_a2a_main_20260712/.venv/lib/python3.10/site-packages/a2a/server/request_handlers/default_request_handler.py", line 196, in _run_event_stream
    await self.agent_executor.execute(request, queue)
  File "/home/wjt/CardDiffBench_official_a2a_main_20260712/harness/transfer/official_a2a_peer.py", line 77, in execute
    artifact = self.env._response_artifact(body=body, identity=identity, scopes=scopes,
  File "/home/wjt/CardDiffBench_official_a2a_main_20260712/harness/downstream/impact_env.py", line 353, in _response_artifact
    raise RuntimeError(f"protocol adapter {version} could not encode the worker result")
RuntimeError: protocol adapter 1.0-primary could not encode the worker result
Unhandled exception
Traceback (most recent call last):
  File "/home/wjt/CardDiffBench_official_a2a_main_20260712/sut/transfer/official_a2a_protocol.py", line 27, in run_async
    asyncio.get_running_loop()
RuntimeError: no running event loop

During handling of the above exception, another exception occurred:

Traceback (most recent call last):
  File "/home/wjt/CardDiffBench_official_a2a_main_20260712/.venv/lib/python3.10/site-packages/a2a/server/apps/jsonrpc/jsonrpc_app.py", line 384, in _handle_requests
    return await self._process_non_streaming_request(
  File "/home/wjt/CardDiffBench_official_a2a_main_20260712/.venv/lib/python3.10/site-packages/a2a/server/apps/jsonrpc/jsonrpc_app.py", line 464, in _process_non_streaming_request
    handler_result = await self.handler.on_message_send(
  File "/home/wjt/CardDiffBench_official_a2a_main_20260712/.venv/lib/python3.10/site-packages/a2a/utils/telemetry.py", line 228, in async_wrapper
    result = await func(*args, **kwargs)
  File "/home/wjt/CardDiffBench_official_a2a_main_20260712/.venv/lib/python3.10/site-packages/a2a/server/request_handlers/jsonrpc_handler.py", line 107, in on_message_send
    task_or_message = await self.request_handler.on_message_send(
  File "/home/wjt/CardDiffBench_official_a2a_main_20260712/.venv/lib/python3.10/site-packages/a2a/utils/telemetry.py", line 228, in async_wrapper
    result = await func(*args, **kwargs)
  File "/home/wjt/CardDiffBench_official_a2a_main_20260712/.venv/lib/python3.10/site-packages/a2a/server/request_handlers/default_request_handler.py", line 348, in on_message_send
    await self._cleanup_producer(producer_task, task_id)
  File "/home/wjt/CardDiffBench_official_a2a_main_20260712/.venv/lib/python3.10/site-packages/a2a/utils/telemetry.py", line 228, in async_wrapper
    result = await func(*args, **kwargs)
  File "/home/wjt/CardDiffBench_official_a2a_main_20260712/.venv/lib/python3.10/site-packages/a2a/server/request_handlers/default_request_handler.py", line 445, in _cleanup_producer
    await producer_task
  File "/home/wjt/CardDiffBench_official_a2a_main_20260712/.venv/lib/python3.10/site-packages/a2a/utils/telemetry.py", line 228, in async_wrapper
    result = await func(*args, **kwargs)
  File "/home/wjt/CardDiffBench_official_a2a_main_20260712/.venv/lib/python3.10/site-packages/a2a/server/request_handlers/default_request_handler.py", line 196, in _run_event_stream
    await self.agent_executor.execute(request, queue)
  File "/home/wjt/CardDiffBench_official_a2a_main_20260712/harness/transfer/official_a2a_peer.py", line 77, in execute
    artifact = self.env._response_artifact(body=body, identity=identity, scopes=scopes,
  File "/home/wjt/CardDiffBench_official_a2a_main_20260712/harness/downstream/impact_env.py", line 353, in _response_artifact
    raise RuntimeError(f"protocol adapter {version} could not encode the worker result")
RuntimeError: protocol adapter 1.0-primary could not encode the worker result
Request Error (ID: 7ae24b8e-bb27-4770-b24f-59c0e6d86c4a): Code=-32603, Message='protocol adapter 1.0-primary could not encode the worker result'
Agent execution failed
Traceback (most recent call last):
  File "/home/wjt/CardDiffBench_official_a2a_main_20260712/sut/transfer/official_a2a_protocol.py", line 27, in run_async
    asyncio.get_running_loop()
RuntimeError: no running event loop

During handling of the above exception, another exception occurred:

Traceback (most recent call last):
  File "/home/wjt/CardDiffBench_official_a2a_main_20260712/.venv/lib/python3.10/site-packages/a2a/server/request_handlers/default_request_handler.py", line 326, in on_message_send
    ) = await result_aggregator.consume_and_break_on_interrupt(
  File "/home/wjt/CardDiffBench_official_a2a_main_20260712/.venv/lib/python3.10/site-packages/a2a/server/tasks/result_aggregator.py", line 135, in consume_and_break_on_interrupt
    async for event in event_stream:
  File "/home/wjt/CardDiffBench_official_a2a_main_20260712/.venv/lib/python3.10/site-packages/a2a/server/events/event_consumer.py", line 87, in consume_all
    raise self._exception
  File "/home/wjt/CardDiffBench_official_a2a_main_20260712/.venv/lib/python3.10/site-packages/a2a/utils/telemetry.py", line 228, in async_wrapper
    result = await func(*args, **kwargs)
  File "/home/wjt/CardDiffBench_official_a2a_main_20260712/.venv/lib/python3.10/site-packages/a2a/server/request_handlers/default_request_handler.py", line 196, in _run_event_stream
    await self.agent_executor.execute(request, queue)
  File "/home/wjt/CardDiffBench_official_a2a_main_20260712/harness/transfer/official_a2a_peer.py", line 77, in execute
    artifact = self.env._response_artifact(body=body, identity=identity, scopes=scopes,
  File "/home/wjt/CardDiffBench_official_a2a_main_20260712/harness/downstream/impact_env.py", line 353, in _response_artifact
    raise RuntimeError(f"protocol adapter {version} could not encode the worker result")
RuntimeError: protocol adapter 1.0-primary could not encode the worker result
Unhandled exception
Traceback (most recent call last):
  File "/home/wjt/CardDiffBench_official_a2a_main_20260712/sut/transfer/official_a2a_protocol.py", line 27, in run_async
    asyncio.get_running_loop()
RuntimeError: no running event loop

During handling of the above exception, another exception occurred:

Traceback (most recent call last):
  File "/home/wjt/CardDiffBench_official_a2a_main_20260712/.venv/lib/python3.10/site-packages/a2a/server/apps/jsonrpc/jsonrpc_app.py", line 384, in _handle_requests
    return await self._process_non_streaming_request(
  File "/home/wjt/CardDiffBench_official_a2a_main_20260712/.venv/lib/python3.10/site-packages/a2a/server/apps/jsonrpc/jsonrpc_app.py", line 464, in _process_non_streaming_request
    handler_result = await self.handler.on_message_send(
  File "/home/wjt/CardDiffBench_official_a2a_main_20260712/.venv/lib/python3.10/site-packages/a2a/utils/telemetry.py", line 228, in async_wrapper
    result = await func(*args, **kwargs)
  File "/home/wjt/CardDiffBench_official_a2a_main_20260712/.venv/lib/python3.10/site-packages/a2a/server/request_handlers/jsonrpc_handler.py", line 107, in on_message_send
    task_or_message = await self.request_handler.on_message_send(
  File "/home/wjt/CardDiffBench_official_a2a_main_20260712/.venv/lib/python3.10/site-packages/a2a/utils/telemetry.py", line 228, in async_wrapper
    result = await func(*args, **kwargs)
  File "/home/wjt/CardDiffBench_official_a2a_main_20260712/.venv/lib/python3.10/site-packages/a2a/server/request_handlers/default_request_handler.py", line 348, in on_message_send
    await self._cleanup_producer(producer_task, task_id)
  File "/home/wjt/CardDiffBench_official_a2a_main_20260712/.venv/lib/python3.10/site-packages/a2a/utils/telemetry.py", line 228, in async_wrapper
    result = await func(*args, **kwargs)
  File "/home/wjt/CardDiffBench_official_a2a_main_20260712/.venv/lib/python3.10/site-packages/a2a/server/request_handlers/default_request_handler.py", line 445, in _cleanup_producer
    await producer_task
  File "/home/wjt/CardDiffBench_official_a2a_main_20260712/.venv/lib/python3.10/site-packages/a2a/utils/telemetry.py", line 228, in async_wrapper
    result = await func(*args, **kwargs)
  File "/home/wjt/CardDiffBench_official_a2a_main_20260712/.venv/lib/python3.10/site-packages/a2a/server/request_handlers/default_request_handler.py", line 196, in _run_event_stream
    await self.agent_executor.execute(request, queue)
  File "/home/wjt/CardDiffBench_official_a2a_main_20260712/harness/transfer/official_a2a_peer.py", line 77, in execute
    artifact = self.env._response_artifact(body=body, identity=identity, scopes=scopes,
  File "/home/wjt/CardDiffBench_official_a2a_main_20260712/harness/downstream/impact_env.py", line 353, in _response_artifact
    raise RuntimeError(f"protocol adapter {version} could not encode the worker result")
RuntimeError: protocol adapter 1.0-primary could not encode the worker result
Request Error (ID: f19c7e6a-5a3a-4127-9231-07fd21e4a404): Code=-32603, Message='protocol adapter 1.0-primary could not encode the worker result'
Agent execution failed
Traceback (most recent call last):
  File "/home/wjt/CardDiffBench_official_a2a_main_20260712/sut/transfer/official_a2a_protocol.py", line 27, in run_async
    asyncio.get_running_loop()
RuntimeError: no running event loop

During handling of the above exception, another exception occurred:

Traceback (most recent call last):
  File "/home/wjt/CardDiffBench_official_a2a_main_20260712/.venv/lib/python3.10/site-packages/a2a/server/request_handlers/default_request_handler.py", line 326, in on_message_send
    ) = await result_aggregator.consume_and_break_on_interrupt(
  File "/home/wjt/CardDiffBench_official_a2a_main_20260712/.venv/lib/python3.10/site-packages/a2a/server/tasks/result_aggregator.py", line 135, in consume_and_break_on_interrupt
    async for event in event_stream:
  File "/home/wjt/CardDiffBench_official_a2a_main_20260712/.venv/lib/python3.10/site-packages/a2a/server/events/event_consumer.py", line 87, in consume_all
    raise self._exception
  File "/home/wjt/CardDiffBench_official_a2a_main_20260712/.venv/lib/python3.10/site-packages/a2a/utils/telemetry.py", line 228, in async_wrapper
    result = await func(*args, **kwargs)
  File "/home/wjt/CardDiffBench_official_a2a_main_20260712/.venv/lib/python3.10/site-packages/a2a/server/request_handlers/default_request_handler.py", line 196, in _run_event_stream
    await self.agent_executor.execute(request, queue)
  File "/home/wjt/CardDiffBench_official_a2a_main_20260712/harness/transfer/official_a2a_peer.py", line 77, in execute
    artifact = self.env._response_artifact(body=body, identity=identity, scopes=scopes,
  File "/home/wjt/CardDiffBench_official_a2a_main_20260712/harness/downstream/impact_env.py", line 353, in _response_artifact
    raise RuntimeError(f"protocol adapter {version} could not encode the worker result")
RuntimeError: protocol adapter 1.0-primary could not encode the worker result
Unhandled exception
Traceback (most recent call last):
  File "/home/wjt/CardDiffBench_official_a2a_main_20260712/sut/transfer/official_a2a_protocol.py", line 27, in run_async
    asyncio.get_running_loop()
RuntimeError: no running event loop

During handling of the above exception, another exception occurred:

Traceback (most recent call last):
  File "/home/wjt/CardDiffBench_official_a2a_main_20260712/.venv/lib/python3.10/site-packages/a2a/server/apps/jsonrpc/jsonrpc_app.py", line 384, in _handle_requests
    return await self._process_non_streaming_request(
  File "/home/wjt/CardDiffBench_official_a2a_main_20260712/.venv/lib/python3.10/site-packages/a2a/server/apps/jsonrpc/jsonrpc_app.py", line 464, in _process_non_streaming_request
    handler_result = await self.handler.on_message_send(
  File "/home/wjt/CardDiffBench_official_a2a_main_20260712/.venv/lib/python3.10/site-packages/a2a/utils/telemetry.py", line 228, in async_wrapper
    result = await func(*args, **kwargs)
  File "/home/wjt/CardDiffBench_official_a2a_main_20260712/.venv/lib/python3.10/site-packages/a2a/server/request_handlers/jsonrpc_handler.py", line 107, in on_message_send
    task_or_message = await self.request_handler.on_message_send(
  File "/home/wjt/CardDiffBench_official_a2a_main_20260712/.venv/lib/python3.10/site-packages/a2a/utils/telemetry.py", line 228, in async_wrapper
    result = await func(*args, **kwargs)
  File "/home/wjt/CardDiffBench_official_a2a_main_20260712/.venv/lib/python3.10/site-packages/a2a/server/request_handlers/default_request_handler.py", line 348, in on_message_send
    await self._cleanup_producer(producer_task, task_id)
  File "/home/wjt/CardDiffBench_official_a2a_main_20260712/.venv/lib/python3.10/site-packages/a2a/utils/telemetry.py", line 228, in async_wrapper
    result = await func(*args, **kwargs)
  File "/home/wjt/CardDiffBench_official_a2a_main_20260712/.venv/lib/python3.10/site-packages/a2a/server/request_handlers/default_request_handler.py", line 445, in _cleanup_producer
    await producer_task
  File "/home/wjt/CardDiffBench_official_a2a_main_20260712/.venv/lib/python3.10/site-packages/a2a/utils/telemetry.py", line 228, in async_wrapper
    result = await func(*args, **kwargs)
  File "/home/wjt/CardDiffBench_official_a2a_main_20260712/.venv/lib/python3.10/site-packages/a2a/server/request_handlers/default_request_handler.py", line 196, in _run_event_stream
    await self.agent_executor.execute(request, queue)
  File "/home/wjt/CardDiffBench_official_a2a_main_20260712/harness/transfer/official_a2a_peer.py", line 77, in execute
    artifact = self.env._response_artifact(body=body, identity=identity, scopes=scopes,
  File "/home/wjt/CardDiffBench_official_a2a_main_20260712/harness/downstream/impact_env.py", line 353, in _response_artifact
    raise RuntimeError(f"protocol adapter {version} could not encode the worker result")
RuntimeError: protocol adapter 1.0-primary could not encode the worker result
Request Error (ID: 2738ad02-64b5-4e9e-afb4-bc08f19381cb): Code=-32603, Message='protocol adapter 1.0-primary could not encode the worker result'
Agent execution failed
Traceback (most recent call last):
  File "/home/wjt/CardDiffBench_official_a2a_main_20260712/sut/transfer/official_a2a_protocol.py", line 27, in run_async
    asyncio.get_running_loop()
RuntimeError: no running event loop

During handling of the above exception, another exception occurred:

Traceback (most recent call last):
  File "/home/wjt/CardDiffBench_official_a2a_main_20260712/.venv/lib/python3.10/site-packages/a2a/server/request_handlers/default_request_handler.py", line 326, in on_message_send
    ) = await result_aggregator.consume_and_break_on_interrupt(
  File "/home/wjt/CardDiffBench_official_a2a_main_20260712/.venv/lib/python3.10/site-packages/a2a/server/tasks/result_aggregator.py", line 135, in consume_and_break_on_interrupt
    async for event in event_stream:
  File "/home/wjt/CardDiffBench_official_a2a_main_20260712/.venv/lib/python3.10/site-packages/a2a/server/events/event_consumer.py", line 87, in consume_all
    raise self._exception
  File "/home/wjt/CardDiffBench_official_a2a_main_20260712/.venv/lib/python3.10/site-packages/a2a/utils/telemetry.py", line 228, in async_wrapper
    result = await func(*args, **kwargs)
  File "/home/wjt/CardDiffBench_official_a2a_main_20260712/.venv/lib/python3.10/site-packages/a2a/server/request_handlers/default_request_handler.py", line 196, in _run_event_stream
    await self.agent_executor.execute(request, queue)
  File "/home/wjt/CardDiffBench_official_a2a_main_20260712/harness/transfer/official_a2a_peer.py", line 77, in execute
    artifact = self.env._response_artifact(body=body, identity=identity, scopes=scopes,
  File "/home/wjt/CardDiffBench_official_a2a_main_20260712/harness/downstream/impact_env.py", line 353, in _response_artifact
    raise RuntimeError(f"protocol adapter {version} could not encode the worker result")
RuntimeError: protocol adapter 1.0-primary could not encode the worker result
Unhandled exception
Traceback (most recent call last):
  File "/home/wjt/CardDiffBench_official_a2a_main_20260712/sut/transfer/official_a2a_protocol.py", line 27, in run_async
    asyncio.get_running_loop()
RuntimeError: no running event loop

During handling of the above exception, another exception occurred:

Traceback (most recent call last):
  File "/home/wjt/CardDiffBench_official_a2a_main_20260712/.venv/lib/python3.10/site-packages/a2a/server/apps/jsonrpc/jsonrpc_app.py", line 384, in _handle_requests
    return await self._process_non_streaming_request(
  File "/home/wjt/CardDiffBench_official_a2a_main_20260712/.venv/lib/python3.10/site-packages/a2a/server/apps/jsonrpc/jsonrpc_app.py", line 464, in _process_non_streaming_request
    handler_result = await self.handler.on_message_send(
  File "/home/wjt/CardDiffBench_official_a2a_main_20260712/.venv/lib/python3.10/site-packages/a2a/utils/telemetry.py", line 228, in async_wrapper
    result = await func(*args, **kwargs)
  File "/home/wjt/CardDiffBench_official_a2a_main_20260712/.venv/lib/python3.10/site-packages/a2a/server/request_handlers/jsonrpc_handler.py", line 107, in on_message_send
    task_or_message = await self.request_handler.on_message_send(
  File "/home/wjt/CardDiffBench_official_a2a_main_20260712/.venv/lib/python3.10/site-packages/a2a/utils/telemetry.py", line 228, in async_wrapper
    result = await func(*args, **kwargs)
  File "/home/wjt/CardDiffBench_official_a2a_main_20260712/.venv/lib/python3.10/site-packages/a2a/server/request_handlers/default_request_handler.py", line 348, in on_message_send
    await self._cleanup_producer(producer_task, task_id)
  File "/home/wjt/CardDiffBench_official_a2a_main_20260712/.venv/lib/python3.10/site-packages/a2a/utils/telemetry.py", line 228, in async_wrapper
    result = await func(*args, **kwargs)
  File "/home/wjt/CardDiffBench_official_a2a_main_20260712/.venv/lib/python3.10/site-packages/a2a/server/request_handlers/default_request_handler.py", line 445, in _cleanup_producer
    await producer_task
  File "/home/wjt/CardDiffBench_official_a2a_main_20260712/.venv/lib/python3.10/site-packages/a2a/utils/telemetry.py", line 228, in async_wrapper
    result = await func(*args, **kwargs)
  File "/home/wjt/CardDiffBench_official_a2a_main_20260712/.venv/lib/python3.10/site-packages/a2a/server/request_handlers/default_request_handler.py", line 196, in _run_event_stream
    await self.agent_executor.execute(request, queue)
  File "/home/wjt/CardDiffBench_official_a2a_main_20260712/harness/transfer/official_a2a_peer.py", line 77, in execute
    artifact = self.env._response_artifact(body=body, identity=identity, scopes=scopes,
  File "/home/wjt/CardDiffBench_official_a2a_main_20260712/harness/downstream/impact_env.py", line 353, in _response_artifact
    raise RuntimeError(f"protocol adapter {version} could not encode the worker result")
RuntimeError: protocol adapter 1.0-primary could not encode the worker result
Request Error (ID: db202f56-7d3a-4fa4-8319-0dce05b280a8): Code=-32603, Message='protocol adapter 1.0-primary could not encode the worker result'
Agent execution failed
Traceback (most recent call last):
  File "/home/wjt/CardDiffBench_official_a2a_main_20260712/sut/transfer/official_a2a_protocol.py", line 27, in run_async
    asyncio.get_running_loop()
RuntimeError: no running event loop

During handling of the above exception, another exception occurred:

Traceback (most recent call last):
  File "/home/wjt/CardDiffBench_official_a2a_main_20260712/.venv/lib/python3.10/site-packages/a2a/server/request_handlers/default_request_handler.py", line 326, in on_message_send
    ) = await result_aggregator.consume_and_break_on_interrupt(
  File "/home/wjt/CardDiffBench_official_a2a_main_20260712/.venv/lib/python3.10/site-packages/a2a/server/tasks/result_aggregator.py", line 135, in consume_and_break_on_interrupt
    async for event in event_stream:
  File "/home/wjt/CardDiffBench_official_a2a_main_20260712/.venv/lib/python3.10/site-packages/a2a/server/events/event_consumer.py", line 87, in consume_all
    raise self._exception
  File "/home/wjt/CardDiffBench_official_a2a_main_20260712/.venv/lib/python3.10/site-packages/a2a/utils/telemetry.py", line 228, in async_wrapper
    result = await func(*args, **kwargs)
  File "/home/wjt/CardDiffBench_official_a2a_main_20260712/.venv/lib/python3.10/site-packages/a2a/server/request_handlers/default_request_handler.py", line 196, in _run_event_stream
    await self.agent_executor.execute(request, queue)
  File "/home/wjt/CardDiffBench_official_a2a_main_20260712/harness/transfer/official_a2a_peer.py", line 77, in execute
    artifact = self.env._response_artifact(body=body, identity=identity, scopes=scopes,
  File "/home/wjt/CardDiffBench_official_a2a_main_20260712/harness/downstream/impact_env.py", line 353, in _response_artifact
    raise RuntimeError(f"protocol adapter {version} could not encode the worker result")
RuntimeError: protocol adapter 1.0-primary could not encode the worker result
Unhandled exception
Traceback (most recent call last):
  File "/home/wjt/CardDiffBench_official_a2a_main_20260712/sut/transfer/official_a2a_protocol.py", line 27, in run_async
    asyncio.get_running_loop()
RuntimeError: no running event loop

During handling of the above exception, another exception occurred:

Traceback (most recent call last):
  File "/home/wjt/CardDiffBench_official_a2a_main_20260712/.venv/lib/python3.10/site-packages/a2a/server/apps/jsonrpc/jsonrpc_app.py", line 384, in _handle_requests
    return await self._process_non_streaming_request(
  File "/home/wjt/CardDiffBench_official_a2a_main_20260712/.venv/lib/python3.10/site-packages/a2a/server/apps/jsonrpc/jsonrpc_app.py", line 464, in _process_non_streaming_request
    handler_result = await self.handler.on_message_send(
  File "/home/wjt/CardDiffBench_official_a2a_main_20260712/.venv/lib/python3.10/site-packages/a2a/utils/telemetry.py", line 228, in async_wrapper
    result = await func(*args, **kwargs)
  File "/home/wjt/CardDiffBench_official_a2a_main_20260712/.venv/lib/python3.10/site-packages/a2a/server/request_handlers/jsonrpc_handler.py", line 107, in on_message_send
    task_or_message = await self.request_handler.on_message_send(
  File "/home/wjt/CardDiffBench_official_a2a_main_20260712/.venv/lib/python3.10/site-packages/a2a/utils/telemetry.py", line 228, in async_wrapper
    result = await func(*args, **kwargs)
  File "/home/wjt/CardDiffBench_official_a2a_main_20260712/.venv/lib/python3.10/site-packages/a2a/server/request_handlers/default_request_handler.py", line 348, in on_message_send
    await self._cleanup_producer(producer_task, task_id)
  File "/home/wjt/CardDiffBench_official_a2a_main_20260712/.venv/lib/python3.10/site-packages/a2a/utils/telemetry.py", line 228, in async_wrapper
    result = await func(*args, **kwargs)
  File "/home/wjt/CardDiffBench_official_a2a_main_20260712/.venv/lib/python3.10/site-packages/a2a/server/request_handlers/default_request_handler.py", line 445, in _cleanup_producer
    await producer_task
  File "/home/wjt/CardDiffBench_official_a2a_main_20260712/.venv/lib/python3.10/site-packages/a2a/utils/telemetry.py", line 228, in async_wrapper
    result = await func(*args, **kwargs)
  File "/home/wjt/CardDiffBench_official_a2a_main_20260712/.venv/lib/python3.10/site-packages/a2a/server/request_handlers/default_request_handler.py", line 196, in _run_event_stream
    await self.agent_executor.execute(request, queue)
  File "/home/wjt/CardDiffBench_official_a2a_main_20260712/harness/transfer/official_a2a_peer.py", line 77, in execute
    artifact = self.env._response_artifact(body=body, identity=identity, scopes=scopes,
  File "/home/wjt/CardDiffBench_official_a2a_main_20260712/harness/downstream/impact_env.py", line 353, in _response_artifact
    raise RuntimeError(f"protocol adapter {version} could not encode the worker result")
RuntimeError: protocol adapter 1.0-primary could not encode the worker result
Request Error (ID: e4a59b19-cdbc-4ec3-a660-eeec18e731ce): Code=-32603, Message='protocol adapter 1.0-primary could not encode the worker result'
Agent execution failed
Traceback (most recent call last):
  File "/home/wjt/CardDiffBench_official_a2a_main_20260712/sut/transfer/official_a2a_protocol.py", line 27, in run_async
    asyncio.get_running_loop()
RuntimeError: no running event loop

During handling of the above exception, another exception occurred:

Traceback (most recent call last):
  File "/home/wjt/CardDiffBench_official_a2a_main_20260712/.venv/lib/python3.10/site-packages/a2a/server/request_handlers/default_request_handler.py", line 326, in on_message_send
    ) = await result_aggregator.consume_and_break_on_interrupt(
  File "/home/wjt/CardDiffBench_official_a2a_main_20260712/.venv/lib/python3.10/site-packages/a2a/server/tasks/result_aggregator.py", line 135, in consume_and_break_on_interrupt
    async for event in event_stream:
  File "/home/wjt/CardDiffBench_official_a2a_main_20260712/.venv/lib/python3.10/site-packages/a2a/server/events/event_consumer.py", line 87, in consume_all
    raise self._exception
  File "/home/wjt/CardDiffBench_official_a2a_main_20260712/.venv/lib/python3.10/site-packages/a2a/utils/telemetry.py", line 228, in async_wrapper
    result = await func(*args, **kwargs)
  File "/home/wjt/CardDiffBench_official_a2a_main_20260712/.venv/lib/python3.10/site-packages/a2a/server/request_handlers/default_request_handler.py", line 196, in _run_event_stream
    await self.agent_executor.execute(request, queue)
  File "/home/wjt/CardDiffBench_official_a2a_main_20260712/harness/transfer/official_a2a_peer.py", line 77, in execute
    artifact = self.env._response_artifact(body=body, identity=identity, scopes=scopes,
  File "/home/wjt/CardDiffBench_official_a2a_main_20260712/harness/downstream/impact_env.py", line 353, in _response_artifact
    raise RuntimeError(f"protocol adapter {version} could not encode the worker result")
RuntimeError: protocol adapter 1.0-primary could not encode the worker result
Unhandled exception
Traceback (most recent call last):
  File "/home/wjt/CardDiffBench_official_a2a_main_20260712/sut/transfer/official_a2a_protocol.py", line 27, in run_async
    asyncio.get_running_loop()
RuntimeError: no running event loop

During handling of the above exception, another exception occurred:

Traceback (most recent call last):
  File "/home/wjt/CardDiffBench_official_a2a_main_20260712/.venv/lib/python3.10/site-packages/a2a/server/apps/jsonrpc/jsonrpc_app.py", line 384, in _handle_requests
    return await self._process_non_streaming_request(
  File "/home/wjt/CardDiffBench_official_a2a_main_20260712/.venv/lib/python3.10/site-packages/a2a/server/apps/jsonrpc/jsonrpc_app.py", line 464, in _process_non_streaming_request
    handler_result = await self.handler.on_message_send(
  File "/home/wjt/CardDiffBench_official_a2a_main_20260712/.venv/lib/python3.10/site-packages/a2a/utils/telemetry.py", line 228, in async_wrapper
    result = await func(*args, **kwargs)
  File "/home/wjt/CardDiffBench_official_a2a_main_20260712/.venv/lib/python3.10/site-packages/a2a/server/request_handlers/jsonrpc_handler.py", line 107, in on_message_send
    task_or_message = await self.request_handler.on_message_send(
  File "/home/wjt/CardDiffBench_official_a2a_main_20260712/.venv/lib/python3.10/site-packages/a2a/utils/telemetry.py", line 228, in async_wrapper
    result = await func(*args, **kwargs)
  File "/home/wjt/CardDiffBench_official_a2a_main_20260712/.venv/lib/python3.10/site-packages/a2a/server/request_handlers/default_request_handler.py", line 348, in on_message_send
    await self._cleanup_producer(producer_task, task_id)
  File "/home/wjt/CardDiffBench_official_a2a_main_20260712/.venv/lib/python3.10/site-packages/a2a/utils/telemetry.py", line 228, in async_wrapper
    result = await func(*args, **kwargs)
  File "/home/wjt/CardDiffBench_official_a2a_main_20260712/.venv/lib/python3.10/site-packages/a2a/server/request_handlers/default_request_handler.py", line 445, in _cleanup_producer
    await producer_task
  File "/home/wjt/CardDiffBench_official_a2a_main_20260712/.venv/lib/python3.10/site-packages/a2a/utils/telemetry.py", line 228, in async_wrapper
    result = await func(*args, **kwargs)
  File "/home/wjt/CardDiffBench_official_a2a_main_20260712/.venv/lib/python3.10/site-packages/a2a/server/request_handlers/default_request_handler.py", line 196, in _run_event_stream
    await self.agent_executor.execute(request, queue)
  File "/home/wjt/CardDiffBench_official_a2a_main_20260712/harness/transfer/official_a2a_peer.py", line 77, in execute
    artifact = self.env._response_artifact(body=body, identity=identity, scopes=scopes,
  File "/home/wjt/CardDiffBench_official_a2a_main_20260712/harness/downstream/impact_env.py", line 353, in _response_artifact
    raise RuntimeError(f"protocol adapter {version} could not encode the worker result")
RuntimeError: protocol adapter 1.0-primary could not encode the worker result
Request Error (ID: a694a5dc-20e0-4697-bc1d-8cd4507576af): Code=-32603, Message='protocol adapter 1.0-primary could not encode the worker result'
Agent execution failed
Traceback (most recent call last):
  File "/home/wjt/CardDiffBench_official_a2a_main_20260712/sut/transfer/official_a2a_protocol.py", line 27, in run_async
    asyncio.get_running_loop()
RuntimeError: no running event loop

During handling of the above exception, another exception occurred:

Traceback (most recent call last):
  File "/home/wjt/CardDiffBench_official_a2a_main_20260712/.venv/lib/python3.10/site-packages/a2a/server/request_handlers/default_request_handler.py", line 326, in on_message_send
    ) = await result_aggregator.consume_and_break_on_interrupt(
  File "/home/wjt/CardDiffBench_official_a2a_main_20260712/.venv/lib/python3.10/site-packages/a2a/server/tasks/result_aggregator.py", line 135, in consume_and_break_on_interrupt
    async for event in event_stream:
  File "/home/wjt/CardDiffBench_official_a2a_main_20260712/.venv/lib/python3.10/site-packages/a2a/server/events/event_consumer.py", line 87, in consume_all
    raise self._exception
  File "/home/wjt/CardDiffBench_official_a2a_main_20260712/.venv/lib/python3.10/site-packages/a2a/utils/telemetry.py", line 228, in async_wrapper
    result = await func(*args, **kwargs)
  File "/home/wjt/CardDiffBench_official_a2a_main_20260712/.venv/lib/python3.10/site-packages/a2a/server/request_handlers/default_request_handler.py", line 196, in _run_event_stream
    await self.agent_executor.execute(request, queue)
  File "/home/wjt/CardDiffBench_official_a2a_main_20260712/harness/transfer/official_a2a_peer.py", line 77, in execute
    artifact = self.env._response_artifact(body=body, identity=identity, scopes=scopes,
  File "/home/wjt/CardDiffBench_official_a2a_main_20260712/harness/downstream/impact_env.py", line 353, in _response_artifact
    raise RuntimeError(f"protocol adapter {version} could not encode the worker result")
RuntimeError: protocol adapter 1.0-primary could not encode the worker result
Unhandled exception
Traceback (most recent call last):
  File "/home/wjt/CardDiffBench_official_a2a_main_20260712/sut/transfer/official_a2a_protocol.py", line 27, in run_async
    asyncio.get_running_loop()
RuntimeError: no running event loop

During handling of the above exception, another exception occurred:

Traceback (most recent call last):
  File "/home/wjt/CardDiffBench_official_a2a_main_20260712/.venv/lib/python3.10/site-packages/a2a/server/apps/jsonrpc/jsonrpc_app.py", line 384, in _handle_requests
    return await self._process_non_streaming_request(
  File "/home/wjt/CardDiffBench_official_a2a_main_20260712/.venv/lib/python3.10/site-packages/a2a/server/apps/jsonrpc/jsonrpc_app.py", line 464, in _process_non_streaming_request
    handler_result = await self.handler.on_message_send(
  File "/home/wjt/CardDiffBench_official_a2a_main_20260712/.venv/lib/python3.10/site-packages/a2a/utils/telemetry.py", line 228, in async_wrapper
    result = await func(*args, **kwargs)
  File "/home/wjt/CardDiffBench_official_a2a_main_20260712/.venv/lib/python3.10/site-packages/a2a/server/request_handlers/jsonrpc_handler.py", line 107, in on_message_send
    task_or_message = await self.request_handler.on_message_send(
  File "/home/wjt/CardDiffBench_official_a2a_main_20260712/.venv/lib/python3.10/site-packages/a2a/utils/telemetry.py", line 228, in async_wrapper
    result = await func(*args, **kwargs)
  File "/home/wjt/CardDiffBench_official_a2a_main_20260712/.venv/lib/python3.10/site-packages/a2a/server/request_handlers/default_request_handler.py", line 348, in on_message_send
    await self._cleanup_producer(producer_task, task_id)
  File "/home/wjt/CardDiffBench_official_a2a_main_20260712/.venv/lib/python3.10/site-packages/a2a/utils/telemetry.py", line 228, in async_wrapper
    result = await func(*args, **kwargs)
  File "/home/wjt/CardDiffBench_official_a2a_main_20260712/.venv/lib/python3.10/site-packages/a2a/server/request_handlers/default_request_handler.py", line 445, in _cleanup_producer
    await producer_task
  File "/home/wjt/CardDiffBench_official_a2a_main_20260712/.venv/lib/python3.10/site-packages/a2a/utils/telemetry.py", line 228, in async_wrapper
    result = await func(*args, **kwargs)
  File "/home/wjt/CardDiffBench_official_a2a_main_20260712/.venv/lib/python3.10/site-packages/a2a/server/request_handlers/default_request_handler.py", line 196, in _run_event_stream
    await self.agent_executor.execute(request, queue)
  File "/home/wjt/CardDiffBench_official_a2a_main_20260712/harness/transfer/official_a2a_peer.py", line 77, in execute
    artifact = self.env._response_artifact(body=body, identity=identity, scopes=scopes,
  File "/home/wjt/CardDiffBench_official_a2a_main_20260712/harness/downstream/impact_env.py", line 353, in _response_artifact
    raise RuntimeError(f"protocol adapter {version} could not encode the worker result")
RuntimeError: protocol adapter 1.0-primary could not encode the worker result
Request Error (ID: 0e57f22e-7e51-40f7-9c3c-8c37ffcd9de8): Code=-32603, Message='protocol adapter 1.0-primary could not encode the worker result'
Agent execution failed
Traceback (most recent call last):
  File "/home/wjt/CardDiffBench_official_a2a_main_20260712/sut/transfer/official_a2a_protocol.py", line 27, in run_async
    asyncio.get_running_loop()
RuntimeError: no running event loop

During handling of the above exception, another exception occurred:

Traceback (most recent call last):
  File "/home/wjt/CardDiffBench_official_a2a_main_20260712/.venv/lib/python3.10/site-packages/a2a/server/request_handlers/default_request_handler.py", line 326, in on_message_send
    ) = await result_aggregator.consume_and_break_on_interrupt(
  File "/home/wjt/CardDiffBench_official_a2a_main_20260712/.venv/lib/python3.10/site-packages/a2a/server/tasks/result_aggregator.py", line 135, in consume_and_break_on_interrupt
    async for event in event_stream:
  File "/home/wjt/CardDiffBench_official_a2a_main_20260712/.venv/lib/python3.10/site-packages/a2a/server/events/event_consumer.py", line 87, in consume_all
    raise self._exception
  File "/home/wjt/CardDiffBench_official_a2a_main_20260712/.venv/lib/python3.10/site-packages/a2a/utils/telemetry.py", line 228, in async_wrapper
    result = await func(*args, **kwargs)
  File "/home/wjt/CardDiffBench_official_a2a_main_20260712/.venv/lib/python3.10/site-packages/a2a/server/request_handlers/default_request_handler.py", line 196, in _run_event_stream
    await self.agent_executor.execute(request, queue)
  File "/home/wjt/CardDiffBench_official_a2a_main_20260712/harness/transfer/official_a2a_peer.py", line 77, in execute
    artifact = self.env._response_artifact(body=body, identity=identity, scopes=scopes,
  File "/home/wjt/CardDiffBench_official_a2a_main_20260712/harness/downstream/impact_env.py", line 353, in _response_artifact
    raise RuntimeError(f"protocol adapter {version} could not encode the worker result")
RuntimeError: protocol adapter 1.0-primary could not encode the worker result
Unhandled exception
Traceback (most recent call last):
  File "/home/wjt/CardDiffBench_official_a2a_main_20260712/sut/transfer/official_a2a_protocol.py", line 27, in run_async
    asyncio.get_running_loop()
RuntimeError: no running event loop

During handling of the above exception, another exception occurred:

Traceback (most recent call last):
  File "/home/wjt/CardDiffBench_official_a2a_main_20260712/.venv/lib/python3.10/site-packages/a2a/server/apps/jsonrpc/jsonrpc_app.py", line 384, in _handle_requests
    return await self._process_non_streaming_request(
  File "/home/wjt/CardDiffBench_official_a2a_main_20260712/.venv/lib/python3.10/site-packages/a2a/server/apps/jsonrpc/jsonrpc_app.py", line 464, in _process_non_streaming_request
    handler_result = await self.handler.on_message_send(
  File "/home/wjt/CardDiffBench_official_a2a_main_20260712/.venv/lib/python3.10/site-packages/a2a/utils/telemetry.py", line 228, in async_wrapper
    result = await func(*args, **kwargs)
  File "/home/wjt/CardDiffBench_official_a2a_main_20260712/.venv/lib/python3.10/site-packages/a2a/server/request_handlers/jsonrpc_handler.py", line 107, in on_message_send
    task_or_message = await self.request_handler.on_message_send(
  File "/home/wjt/CardDiffBench_official_a2a_main_20260712/.venv/lib/python3.10/site-packages/a2a/utils/telemetry.py", line 228, in async_wrapper
    result = await func(*args, **kwargs)
  File "/home/wjt/CardDiffBench_official_a2a_main_20260712/.venv/lib/python3.10/site-packages/a2a/server/request_handlers/default_request_handler.py", line 348, in on_message_send
    await self._cleanup_producer(producer_task, task_id)
  File "/home/wjt/CardDiffBench_official_a2a_main_20260712/.venv/lib/python3.10/site-packages/a2a/utils/telemetry.py", line 228, in async_wrapper
    result = await func(*args, **kwargs)
  File "/home/wjt/CardDiffBench_official_a2a_main_20260712/.venv/lib/python3.10/site-packages/a2a/server/request_handlers/default_request_handler.py", line 445, in _cleanup_producer
    await producer_task
  File "/home/wjt/CardDiffBench_official_a2a_main_20260712/.venv/lib/python3.10/site-packages/a2a/utils/telemetry.py", line 228, in async_wrapper
    result = await func(*args, **kwargs)
  File "/home/wjt/CardDiffBench_official_a2a_main_20260712/.venv/lib/python3.10/site-packages/a2a/server/request_handlers/default_request_handler.py", line 196, in _run_event_stream
    await self.agent_executor.execute(request, queue)
  File "/home/wjt/CardDiffBench_official_a2a_main_20260712/harness/transfer/official_a2a_peer.py", line 77, in execute
    artifact = self.env._response_artifact(body=body, identity=identity, scopes=scopes,
  File "/home/wjt/CardDiffBench_official_a2a_main_20260712/harness/downstream/impact_env.py", line 353, in _response_artifact
    raise RuntimeError(f"protocol adapter {version} could not encode the worker result")
RuntimeError: protocol adapter 1.0-primary could not encode the worker result
Request Error (ID: 269383c0-1fe6-4ddf-9bfd-42f0ce920449): Code=-32603, Message='protocol adapter 1.0-primary could not encode the worker result'
Agent execution failed
Traceback (most recent call last):
  File "/home/wjt/CardDiffBench_official_a2a_main_20260712/sut/transfer/official_a2a_protocol.py", line 27, in run_async
    asyncio.get_running_loop()
RuntimeError: no running event loop

During handling of the above exception, another exception occurred:

Traceback (most recent call last):
  File "/home/wjt/CardDiffBench_official_a2a_main_20260712/.venv/lib/python3.10/site-packages/a2a/server/request_handlers/default_request_handler.py", line 326, in on_message_send
    ) = await result_aggregator.consume_and_break_on_interrupt(
  File "/home/wjt/CardDiffBench_official_a2a_main_20260712/.venv/lib/python3.10/site-packages/a2a/server/tasks/result_aggregator.py", line 135, in consume_and_break_on_interrupt
    async for event in event_stream:
  File "/home/wjt/CardDiffBench_official_a2a_main_20260712/.venv/lib/python3.10/site-packages/a2a/server/events/event_consumer.py", line 87, in consume_all
    raise self._exception
  File "/home/wjt/CardDiffBench_official_a2a_main_20260712/.venv/lib/python3.10/site-packages/a2a/utils/telemetry.py", line 228, in async_wrapper
    result = await func(*args, **kwargs)
  File "/home/wjt/CardDiffBench_official_a2a_main_20260712/.venv/lib/python3.10/site-packages/a2a/server/request_handlers/default_request_handler.py", line 196, in _run_event_stream
    await self.agent_executor.execute(request, queue)
  File "/home/wjt/CardDiffBench_official_a2a_main_20260712/harness/transfer/official_a2a_peer.py", line 77, in execute
    artifact = self.env._response_artifact(body=body, identity=identity, scopes=scopes,
  File "/home/wjt/CardDiffBench_official_a2a_main_20260712/harness/downstream/impact_env.py", line 353, in _response_artifact
    raise RuntimeError(f"protocol adapter {version} could not encode the worker result")
RuntimeError: protocol adapter 1.0-primary could not encode the worker result
Unhandled exception
Traceback (most recent call last):
  File "/home/wjt/CardDiffBench_official_a2a_main_20260712/sut/transfer/official_a2a_protocol.py", line 27, in run_async
    asyncio.get_running_loop()
RuntimeError: no running event loop

During handling of the above exception, another exception occurred:

Traceback (most recent call last):
  File "/home/wjt/CardDiffBench_official_a2a_main_20260712/.venv/lib/python3.10/site-packages/a2a/server/apps/jsonrpc/jsonrpc_app.py", line 384, in _handle_requests
    return await self._process_non_streaming_request(
  File "/home/wjt/CardDiffBench_official_a2a_main_20260712/.venv/lib/python3.10/site-packages/a2a/server/apps/jsonrpc/jsonrpc_app.py", line 464, in _process_non_streaming_request
    handler_result = await self.handler.on_message_send(
  File "/home/wjt/CardDiffBench_official_a2a_main_20260712/.venv/lib/python3.10/site-packages/a2a/utils/telemetry.py", line 228, in async_wrapper
    result = await func(*args, **kwargs)
  File "/home/wjt/CardDiffBench_official_a2a_main_20260712/.venv/lib/python3.10/site-packages/a2a/server/request_handlers/jsonrpc_handler.py", line 107, in on_message_send
    task_or_message = await self.request_handler.on_message_send(
  File "/home/wjt/CardDiffBench_official_a2a_main_20260712/.venv/lib/python3.10/site-packages/a2a/utils/telemetry.py", line 228, in async_wrapper
    result = await func(*args, **kwargs)
  File "/home/wjt/CardDiffBench_official_a2a_main_20260712/.venv/lib/python3.10/site-packages/a2a/server/request_handlers/default_request_handler.py", line 348, in on_message_send
    await self._cleanup_producer(producer_task, task_id)
  File "/home/wjt/CardDiffBench_official_a2a_main_20260712/.venv/lib/python3.10/site-packages/a2a/utils/telemetry.py", line 228, in async_wrapper
    result = await func(*args, **kwargs)
  File "/home/wjt/CardDiffBench_official_a2a_main_20260712/.venv/lib/python3.10/site-packages/a2a/server/request_handlers/default_request_handler.py", line 445, in _cleanup_producer
    await producer_task
  File "/home/wjt/CardDiffBench_official_a2a_main_20260712/.venv/lib/python3.10/site-packages/a2a/utils/telemetry.py", line 228, in async_wrapper
    result = await func(*args, **kwargs)
  File "/home/wjt/CardDiffBench_official_a2a_main_20260712/.venv/lib/python3.10/site-packages/a2a/server/request_handlers/default_request_handler.py", line 196, in _run_event_stream
    await self.agent_executor.execute(request, queue)
  File "/home/wjt/CardDiffBench_official_a2a_main_20260712/harness/transfer/official_a2a_peer.py", line 77, in execute
    artifact = self.env._response_artifact(body=body, identity=identity, scopes=scopes,
  File "/home/wjt/CardDiffBench_official_a2a_main_20260712/harness/downstream/impact_env.py", line 353, in _response_artifact
    raise RuntimeError(f"protocol adapter {version} could not encode the worker result")
RuntimeError: protocol adapter 1.0-primary could not encode the worker result
Request Error (ID: b28ca0a2-b0d6-45b7-94fd-8a408a46ee63): Code=-32603, Message='protocol adapter 1.0-primary could not encode the worker result'
Agent execution failed
Traceback (most recent call last):
  File "/home/wjt/CardDiffBench_official_a2a_main_20260712/sut/transfer/official_a2a_protocol.py", line 27, in run_async
    asyncio.get_running_loop()
RuntimeError: no running event loop

During handling of the above exception, another exception occurred:

Traceback (most recent call last):
  File "/home/wjt/CardDiffBench_official_a2a_main_20260712/.venv/lib/python3.10/site-packages/a2a/server/request_handlers/default_request_handler.py", line 326, in on_message_send
    ) = await result_aggregator.consume_and_break_on_interrupt(
  File "/home/wjt/CardDiffBench_official_a2a_main_20260712/.venv/lib/python3.10/site-packages/a2a/server/tasks/result_aggregator.py", line 135, in consume_and_break_on_interrupt
    async for event in event_stream:
  File "/home/wjt/CardDiffBench_official_a2a_main_20260712/.venv/lib/python3.10/site-packages/a2a/server/events/event_consumer.py", line 87, in consume_all
    raise self._exception
  File "/home/wjt/CardDiffBench_official_a2a_main_20260712/.venv/lib/python3.10/site-packages/a2a/utils/telemetry.py", line 228, in async_wrapper
    result = await func(*args, **kwargs)
  File "/home/wjt/CardDiffBench_official_a2a_main_20260712/.venv/lib/python3.10/site-packages/a2a/server/request_handlers/default_request_handler.py", line 196, in _run_event_stream
    await self.agent_executor.execute(request, queue)
  File "/home/wjt/CardDiffBench_official_a2a_main_20260712/harness/transfer/official_a2a_peer.py", line 77, in execute
    artifact = self.env._response_artifact(body=body, identity=identity, scopes=scopes,
  File "/home/wjt/CardDiffBench_official_a2a_main_20260712/harness/downstream/impact_env.py", line 353, in _response_artifact
    raise RuntimeError(f"protocol adapter {version} could not encode the worker result")
RuntimeError: protocol adapter 1.0-primary could not encode the worker result
Unhandled exception
Traceback (most recent call last):
  File "/home/wjt/CardDiffBench_official_a2a_main_20260712/sut/transfer/official_a2a_protocol.py", line 27, in run_async
    asyncio.get_running_loop()
RuntimeError: no running event loop

During handling of the above exception, another exception occurred:

Traceback (most recent call last):
  File "/home/wjt/CardDiffBench_official_a2a_main_20260712/.venv/lib/python3.10/site-packages/a2a/server/apps/jsonrpc/jsonrpc_app.py", line 384, in _handle_requests
    return await self._process_non_streaming_request(
  File "/home/wjt/CardDiffBench_official_a2a_main_20260712/.venv/lib/python3.10/site-packages/a2a/server/apps/jsonrpc/jsonrpc_app.py", line 464, in _process_non_streaming_request
    handler_result = await self.handler.on_message_send(
  File "/home/wjt/CardDiffBench_official_a2a_main_20260712/.venv/lib/python3.10/site-packages/a2a/utils/telemetry.py", line 228, in async_wrapper
    result = await func(*args, **kwargs)
  File "/home/wjt/CardDiffBench_official_a2a_main_20260712/.venv/lib/python3.10/site-packages/a2a/server/request_handlers/jsonrpc_handler.py", line 107, in on_message_send
    task_or_message = await self.request_handler.on_message_send(
  File "/home/wjt/CardDiffBench_official_a2a_main_20260712/.venv/lib/python3.10/site-packages/a2a/utils/telemetry.py", line 228, in async_wrapper
    result = await func(*args, **kwargs)
  File "/home/wjt/CardDiffBench_official_a2a_main_20260712/.venv/lib/python3.10/site-packages/a2a/server/request_handlers/default_request_handler.py", line 348, in on_message_send
    await self._cleanup_producer(producer_task, task_id)
  File "/home/wjt/CardDiffBench_official_a2a_main_20260712/.venv/lib/python3.10/site-packages/a2a/utils/telemetry.py", line 228, in async_wrapper
    result = await func(*args, **kwargs)
  File "/home/wjt/CardDiffBench_official_a2a_main_20260712/.venv/lib/python3.10/site-packages/a2a/server/request_handlers/default_request_handler.py", line 445, in _cleanup_producer
    await producer_task
  File "/home/wjt/CardDiffBench_official_a2a_main_20260712/.venv/lib/python3.10/site-packages/a2a/utils/telemetry.py", line 228, in async_wrapper
    result = await func(*args, **kwargs)
  File "/home/wjt/CardDiffBench_official_a2a_main_20260712/.venv/lib/python3.10/site-packages/a2a/server/request_handlers/default_request_handler.py", line 196, in _run_event_stream
    await self.agent_executor.execute(request, queue)
  File "/home/wjt/CardDiffBench_official_a2a_main_20260712/harness/transfer/official_a2a_peer.py", line 77, in execute
    artifact = self.env._response_artifact(body=body, identity=identity, scopes=scopes,
  File "/home/wjt/CardDiffBench_official_a2a_main_20260712/harness/downstream/impact_env.py", line 353, in _response_artifact
    raise RuntimeError(f"protocol adapter {version} could not encode the worker result")
RuntimeError: protocol adapter 1.0-primary could not encode the worker result
Request Error (ID: c55eb49f-1252-4b41-bc78-a524a80aad9a): Code=-32603, Message='protocol adapter 1.0-primary could not encode the worker result'
Agent execution failed
Traceback (most recent call last):
  File "/home/wjt/CardDiffBench_official_a2a_main_20260712/.venv/lib/python3.10/site-packages/httpx/_transports/default.py", line 101, in map_httpcore_exceptions
    yield
  File "/home/wjt/CardDiffBench_official_a2a_main_20260712/.venv/lib/python3.10/site-packages/httpx/_transports/default.py", line 250, in handle_request
    resp = self._pool.handle_request(req)
  File "/home/wjt/CardDiffBench_official_a2a_main_20260712/.venv/lib/python3.10/site-packages/httpcore/_sync/connection_pool.py", line 256, in handle_request
    raise exc from None
  File "/home/wjt/CardDiffBench_official_a2a_main_20260712/.venv/lib/python3.10/site-packages/httpcore/_sync/connection_pool.py", line 236, in handle_request
    response = connection.handle_request(
  File "/home/wjt/CardDiffBench_official_a2a_main_20260712/.venv/lib/python3.10/site-packages/httpcore/_sync/connection.py", line 103, in handle_request
    return self._connection.handle_request(request)
  File "/home/wjt/CardDiffBench_official_a2a_main_20260712/.venv/lib/python3.10/site-packages/httpcore/_sync/http11.py", line 136, in handle_request
    raise exc
  File "/home/wjt/CardDiffBench_official_a2a_main_20260712/.venv/lib/python3.10/site-packages/httpcore/_sync/http11.py", line 106, in handle_request
    ) = self._receive_response_headers(**kwargs)
  File "/home/wjt/CardDiffBench_official_a2a_main_20260712/.venv/lib/python3.10/site-packages/httpcore/_sync/http11.py", line 177, in _receive_response_headers
    event = self._receive_event(timeout=timeout)
  File "/home/wjt/CardDiffBench_official_a2a_main_20260712/.venv/lib/python3.10/site-packages/httpcore/_sync/http11.py", line 217, in _receive_event
    data = self._network_stream.read(
  File "/home/wjt/CardDiffBench_official_a2a_main_20260712/.venv/lib/python3.10/site-packages/httpcore/_backends/sync.py", line 126, in read
    with map_exceptions(exc_map):
  File "/usr/lib/python3.10/contextlib.py", line 153, in __exit__
    self.gen.throw(typ, value, traceback)
  File "/home/wjt/CardDiffBench_official_a2a_main_20260712/.venv/lib/python3.10/site-packages/httpcore/_exceptions.py", line 14, in map_exceptions
    raise to_exc(exc) from exc
httpcore.ReadTimeout: The read operation timed out

The above exception was the direct cause of the following exception:

Traceback (most recent call last):
  File "/home/wjt/CardDiffBench_official_a2a_main_20260712/.venv/lib/python3.10/site-packages/a2a/server/request_handlers/default_request_handler.py", line 326, in on_message_send
    ) = await result_aggregator.consume_and_break_on_interrupt(
  File "/home/wjt/CardDiffBench_official_a2a_main_20260712/.venv/lib/python3.10/site-packages/a2a/server/tasks/result_aggregator.py", line 135, in consume_and_break_on_interrupt
    async for event in event_stream:
  File "/home/wjt/CardDiffBench_official_a2a_main_20260712/.venv/lib/python3.10/site-packages/a2a/server/events/event_consumer.py", line 87, in consume_all
    raise self._exception
  File "/home/wjt/CardDiffBench_official_a2a_main_20260712/.venv/lib/python3.10/site-packages/a2a/utils/telemetry.py", line 228, in async_wrapper
    result = await func(*args, **kwargs)
  File "/home/wjt/CardDiffBench_official_a2a_main_20260712/.venv/lib/python3.10/site-packages/a2a/server/request_handlers/default_request_handler.py", line 196, in _run_event_stream
    await self.agent_executor.execute(request, queue)
  File "/home/wjt/CardDiffBench_official_a2a_main_20260712/harness/transfer/official_a2a_peer.py", line 77, in execute
    artifact = self.env._response_artifact(body=body, identity=identity, scopes=scopes,
  File "/home/wjt/CardDiffBench_official_a2a_main_20260712/harness/downstream/impact_env.py", line 331, in _response_artifact
    self.worker_result = worker.run(
  File "/home/wjt/CardDiffBench_official_a2a_main_20260712/harness/downstream/llm_workers.py", line 94, in run
    raw = self._complete(payload)
  File "/home/wjt/CardDiffBench_official_a2a_main_20260712/harness/downstream/llm_workers.py", line 49, in _complete
    response = self.client.post(
  File "/home/wjt/CardDiffBench_official_a2a_main_20260712/.venv/lib/python3.10/site-packages/httpx/_client.py", line 1144, in post
    return self.request(
  File "/home/wjt/CardDiffBench_official_a2a_main_20260712/.venv/lib/python3.10/site-packages/httpx/_client.py", line 825, in request
    return self.send(request, auth=auth, follow_redirects=follow_redirects)
  File "/home/wjt/CardDiffBench_official_a2a_main_20260712/.venv/lib/python3.10/site-packages/httpx/_client.py", line 914, in send
    response = self._send_handling_auth(
  File "/home/wjt/CardDiffBench_official_a2a_main_20260712/.venv/lib/python3.10/site-packages/httpx/_client.py", line 942, in _send_handling_auth
    response = self._send_handling_redirects(
  File "/home/wjt/CardDiffBench_official_a2a_main_20260712/.venv/lib/python3.10/site-packages/httpx/_client.py", line 979, in _send_handling_redirects
    response = self._send_single_request(request)
  File "/home/wjt/CardDiffBench_official_a2a_main_20260712/.venv/lib/python3.10/site-packages/httpx/_client.py", line 1014, in _send_single_request
    response = transport.handle_request(request)
  File "/home/wjt/CardDiffBench_official_a2a_main_20260712/.venv/lib/python3.10/site-packages/httpx/_transports/default.py", line 249, in handle_request
    with map_httpcore_exceptions():
  File "/usr/lib/python3.10/contextlib.py", line 153, in __exit__
    self.gen.throw(typ, value, traceback)
  File "/home/wjt/CardDiffBench_official_a2a_main_20260712/.venv/lib/python3.10/site-packages/httpx/_transports/default.py", line 118, in map_httpcore_exceptions
    raise mapped_exc(message) from exc
httpx.ReadTimeout: The read operation timed out
Unhandled exception
Traceback (most recent call last):
  File "/home/wjt/CardDiffBench_official_a2a_main_20260712/.venv/lib/python3.10/site-packages/httpx/_transports/default.py", line 101, in map_httpcore_exceptions
    yield
  File "/home/wjt/CardDiffBench_official_a2a_main_20260712/.venv/lib/python3.10/site-packages/httpx/_transports/default.py", line 250, in handle_request
    resp = self._pool.handle_request(req)
  File "/home/wjt/CardDiffBench_official_a2a_main_20260712/.venv/lib/python3.10/site-packages/httpcore/_sync/connection_pool.py", line 256, in handle_request
    raise exc from None
  File "/home/wjt/CardDiffBench_official_a2a_main_20260712/.venv/lib/python3.10/site-packages/httpcore/_sync/connection_pool.py", line 236, in handle_request
    response = connection.handle_request(
  File "/home/wjt/CardDiffBench_official_a2a_main_20260712/.venv/lib/python3.10/site-packages/httpcore/_sync/connection.py", line 103, in handle_request
    return self._connection.handle_request(request)
  File "/home/wjt/CardDiffBench_official_a2a_main_20260712/.venv/lib/python3.10/site-packages/httpcore/_sync/http11.py", line 136, in handle_request
    raise exc
  File "/home/wjt/CardDiffBench_official_a2a_main_20260712/.venv/lib/python3.10/site-packages/httpcore/_sync/http11.py", line 106, in handle_request
    ) = self._receive_response_headers(**kwargs)
  File "/home/wjt/CardDiffBench_official_a2a_main_20260712/.venv/lib/python3.10/site-packages/httpcore/_sync/http11.py", line 177, in _receive_response_headers
    event = self._receive_event(timeout=timeout)
  File "/home/wjt/CardDiffBench_official_a2a_main_20260712/.venv/lib/python3.10/site-packages/httpcore/_sync/http11.py", line 217, in _receive_event
    data = self._network_stream.read(
  File "/home/wjt/CardDiffBench_official_a2a_main_20260712/.venv/lib/python3.10/site-packages/httpcore/_backends/sync.py", line 126, in read
    with map_exceptions(exc_map):
  File "/usr/lib/python3.10/contextlib.py", line 153, in __exit__
    self.gen.throw(typ, value, traceback)
  File "/home/wjt/CardDiffBench_official_a2a_main_20260712/.venv/lib/python3.10/site-packages/httpcore/_exceptions.py", line 14, in map_exceptions
    raise to_exc(exc) from exc
httpcore.ReadTimeout: The read operation timed out

The above exception was the direct cause of the following exception:

Traceback (most recent call last):
  File "/home/wjt/CardDiffBench_official_a2a_main_20260712/.venv/lib/python3.10/site-packages/a2a/server/apps/jsonrpc/jsonrpc_app.py", line 384, in _handle_requests
    return await self._process_non_streaming_request(
  File "/home/wjt/CardDiffBench_official_a2a_main_20260712/.venv/lib/python3.10/site-packages/a2a/server/apps/jsonrpc/jsonrpc_app.py", line 464, in _process_non_streaming_request
    handler_result = await self.handler.on_message_send(
  File "/home/wjt/CardDiffBench_official_a2a_main_20260712/.venv/lib/python3.10/site-packages/a2a/utils/telemetry.py", line 228, in async_wrapper
    result = await func(*args, **kwargs)
  File "/home/wjt/CardDiffBench_official_a2a_main_20260712/.venv/lib/python3.10/site-packages/a2a/server/request_handlers/jsonrpc_handler.py", line 107, in on_message_send
    task_or_message = await self.request_handler.on_message_send(
  File "/home/wjt/CardDiffBench_official_a2a_main_20260712/.venv/lib/python3.10/site-packages/a2a/utils/telemetry.py", line 228, in async_wrapper
    result = await func(*args, **kwargs)
  File "/home/wjt/CardDiffBench_official_a2a_main_20260712/.venv/lib/python3.10/site-packages/a2a/server/request_handlers/default_request_handler.py", line 348, in on_message_send
    await self._cleanup_producer(producer_task, task_id)
  File "/home/wjt/CardDiffBench_official_a2a_main_20260712/.venv/lib/python3.10/site-packages/a2a/utils/telemetry.py", line 228, in async_wrapper
    result = await func(*args, **kwargs)
  File "/home/wjt/CardDiffBench_official_a2a_main_20260712/.venv/lib/python3.10/site-packages/a2a/server/request_handlers/default_request_handler.py", line 445, in _cleanup_producer
    await producer_task
  File "/home/wjt/CardDiffBench_official_a2a_main_20260712/.venv/lib/python3.10/site-packages/a2a/utils/telemetry.py", line 228, in async_wrapper
    result = await func(*args, **kwargs)
  File "/home/wjt/CardDiffBench_official_a2a_main_20260712/.venv/lib/python3.10/site-packages/a2a/server/request_handlers/default_request_handler.py", line 196, in _run_event_stream
    await self.agent_executor.execute(request, queue)
  File "/home/wjt/CardDiffBench_official_a2a_main_20260712/harness/transfer/official_a2a_peer.py", line 77, in execute
    artifact = self.env._response_artifact(body=body, identity=identity, scopes=scopes,
  File "/home/wjt/CardDiffBench_official_a2a_main_20260712/harness/downstream/impact_env.py", line 331, in _response_artifact
    self.worker_result = worker.run(
  File "/home/wjt/CardDiffBench_official_a2a_main_20260712/harness/downstream/llm_workers.py", line 94, in run
    raw = self._complete(payload)
  File "/home/wjt/CardDiffBench_official_a2a_main_20260712/harness/downstream/llm_workers.py", line 49, in _complete
    response = self.client.post(
  File "/home/wjt/CardDiffBench_official_a2a_main_20260712/.venv/lib/python3.10/site-packages/httpx/_client.py", line 1144, in post
    return self.request(
  File "/home/wjt/CardDiffBench_official_a2a_main_20260712/.venv/lib/python3.10/site-packages/httpx/_client.py", line 825, in request
    return self.send(request, auth=auth, follow_redirects=follow_redirects)
  File "/home/wjt/CardDiffBench_official_a2a_main_20260712/.venv/lib/python3.10/site-packages/httpx/_client.py", line 914, in send
    response = self._send_handling_auth(
  File "/home/wjt/CardDiffBench_official_a2a_main_20260712/.venv/lib/python3.10/site-packages/httpx/_client.py", line 942, in _send_handling_auth
    response = self._send_handling_redirects(
  File "/home/wjt/CardDiffBench_official_a2a_main_20260712/.venv/lib/python3.10/site-packages/httpx/_client.py", line 979, in _send_handling_redirects
    response = self._send_single_request(request)
  File "/home/wjt/CardDiffBench_official_a2a_main_20260712/.venv/lib/python3.10/site-packages/httpx/_client.py", line 1014, in _send_single_request
    response = transport.handle_request(request)
  File "/home/wjt/CardDiffBench_official_a2a_main_20260712/.venv/lib/python3.10/site-packages/httpx/_transports/default.py", line 249, in handle_request
    with map_httpcore_exceptions():
  File "/usr/lib/python3.10/contextlib.py", line 153, in __exit__
    self.gen.throw(typ, value, traceback)
  File "/home/wjt/CardDiffBench_official_a2a_main_20260712/.venv/lib/python3.10/site-packages/httpx/_transports/default.py", line 118, in map_httpcore_exceptions
    raise mapped_exc(message) from exc
httpx.ReadTimeout: The read operation timed out
Request Error (ID: 8005a29a-b9dc-4a18-85cf-825dd8e7bd48): Code=-32603, Message='The read operation timed out'
Agent execution failed
Traceback (most recent call last):
  File "/home/wjt/CardDiffBench_official_a2a_main_20260712/.venv/lib/python3.10/site-packages/httpx/_transports/default.py", line 101, in map_httpcore_exceptions
    yield
  File "/home/wjt/CardDiffBench_official_a2a_main_20260712/.venv/lib/python3.10/site-packages/httpx/_transports/default.py", line 250, in handle_request
    resp = self._pool.handle_request(req)
  File "/home/wjt/CardDiffBench_official_a2a_main_20260712/.venv/lib/python3.10/site-packages/httpcore/_sync/connection_pool.py", line 256, in handle_request
    raise exc from None
  File "/home/wjt/CardDiffBench_official_a2a_main_20260712/.venv/lib/python3.10/site-packages/httpcore/_sync/connection_pool.py", line 236, in handle_request
    response = connection.handle_request(
  File "/home/wjt/CardDiffBench_official_a2a_main_20260712/.venv/lib/python3.10/site-packages/httpcore/_sync/connection.py", line 103, in handle_request
    return self._connection.handle_request(request)
  File "/home/wjt/CardDiffBench_official_a2a_main_20260712/.venv/lib/python3.10/site-packages/httpcore/_sync/http11.py", line 136, in handle_request
    raise exc
  File "/home/wjt/CardDiffBench_official_a2a_main_20260712/.venv/lib/python3.10/site-packages/httpcore/_sync/http11.py", line 106, in handle_request
    ) = self._receive_response_headers(**kwargs)
  File "/home/wjt/CardDiffBench_official_a2a_main_20260712/.venv/lib/python3.10/site-packages/httpcore/_sync/http11.py", line 177, in _receive_response_headers
    event = self._receive_event(timeout=timeout)
  File "/home/wjt/CardDiffBench_official_a2a_main_20260712/.venv/lib/python3.10/site-packages/httpcore/_sync/http11.py", line 217, in _receive_event
    data = self._network_stream.read(
  File "/home/wjt/CardDiffBench_official_a2a_main_20260712/.venv/lib/python3.10/site-packages/httpcore/_backends/sync.py", line 126, in read
    with map_exceptions(exc_map):
  File "/usr/lib/python3.10/contextlib.py", line 153, in __exit__
    self.gen.throw(typ, value, traceback)
  File "/home/wjt/CardDiffBench_official_a2a_main_20260712/.venv/lib/python3.10/site-packages/httpcore/_exceptions.py", line 14, in map_exceptions
    raise to_exc(exc) from exc
httpcore.ReadTimeout: The read operation timed out

The above exception was the direct cause of the following exception:

Traceback (most recent call last):
  File "/home/wjt/CardDiffBench_official_a2a_main_20260712/.venv/lib/python3.10/site-packages/a2a/server/request_handlers/default_request_handler.py", line 326, in on_message_send
    ) = await result_aggregator.consume_and_break_on_interrupt(
  File "/home/wjt/CardDiffBench_official_a2a_main_20260712/.venv/lib/python3.10/site-packages/a2a/server/tasks/result_aggregator.py", line 135, in consume_and_break_on_interrupt
    async for event in event_stream:
  File "/home/wjt/CardDiffBench_official_a2a_main_20260712/.venv/lib/python3.10/site-packages/a2a/server/events/event_consumer.py", line 87, in consume_all
    raise self._exception
  File "/home/wjt/CardDiffBench_official_a2a_main_20260712/.venv/lib/python3.10/site-packages/a2a/utils/telemetry.py", line 228, in async_wrapper
    result = await func(*args, **kwargs)
  File "/home/wjt/CardDiffBench_official_a2a_main_20260712/.venv/lib/python3.10/site-packages/a2a/server/request_handlers/default_request_handler.py", line 196, in _run_event_stream
    await self.agent_executor.execute(request, queue)
  File "/home/wjt/CardDiffBench_official_a2a_main_20260712/harness/transfer/official_a2a_peer.py", line 77, in execute
    artifact = self.env._response_artifact(body=body, identity=identity, scopes=scopes,
  File "/home/wjt/CardDiffBench_official_a2a_main_20260712/harness/downstream/impact_env.py", line 331, in _response_artifact
    self.worker_result = worker.run(
  File "/home/wjt/CardDiffBench_official_a2a_main_20260712/harness/downstream/llm_workers.py", line 94, in run
    raw = self._complete(payload)
  File "/home/wjt/CardDiffBench_official_a2a_main_20260712/harness/downstream/llm_workers.py", line 49, in _complete
    response = self.client.post(
  File "/home/wjt/CardDiffBench_official_a2a_main_20260712/.venv/lib/python3.10/site-packages/httpx/_client.py", line 1144, in post
    return self.request(
  File "/home/wjt/CardDiffBench_official_a2a_main_20260712/.venv/lib/python3.10/site-packages/httpx/_client.py", line 825, in request
    return self.send(request, auth=auth, follow_redirects=follow_redirects)
  File "/home/wjt/CardDiffBench_official_a2a_main_20260712/.venv/lib/python3.10/site-packages/httpx/_client.py", line 914, in send
    response = self._send_handling_auth(
  File "/home/wjt/CardDiffBench_official_a2a_main_20260712/.venv/lib/python3.10/site-packages/httpx/_client.py", line 942, in _send_handling_auth
    response = self._send_handling_redirects(
  File "/home/wjt/CardDiffBench_official_a2a_main_20260712/.venv/lib/python3.10/site-packages/httpx/_client.py", line 979, in _send_handling_redirects
    response = self._send_single_request(request)
  File "/home/wjt/CardDiffBench_official_a2a_main_20260712/.venv/lib/python3.10/site-packages/httpx/_client.py", line 1014, in _send_single_request
    response = transport.handle_request(request)
  File "/home/wjt/CardDiffBench_official_a2a_main_20260712/.venv/lib/python3.10/site-packages/httpx/_transports/default.py", line 249, in handle_request
    with map_httpcore_exceptions():
  File "/usr/lib/python3.10/contextlib.py", line 153, in __exit__
    self.gen.throw(typ, value, traceback)
  File "/home/wjt/CardDiffBench_official_a2a_main_20260712/.venv/lib/python3.10/site-packages/httpx/_transports/default.py", line 118, in map_httpcore_exceptions
    raise mapped_exc(message) from exc
httpx.ReadTimeout: The read operation timed out
Unhandled exception
Traceback (most recent call last):
  File "/home/wjt/CardDiffBench_official_a2a_main_20260712/.venv/lib/python3.10/site-packages/httpx/_transports/default.py", line 101, in map_httpcore_exceptions
    yield
  File "/home/wjt/CardDiffBench_official_a2a_main_20260712/.venv/lib/python3.10/site-packages/httpx/_transports/default.py", line 250, in handle_request
    resp = self._pool.handle_request(req)
  File "/home/wjt/CardDiffBench_official_a2a_main_20260712/.venv/lib/python3.10/site-packages/httpcore/_sync/connection_pool.py", line 256, in handle_request
    raise exc from None
  File "/home/wjt/CardDiffBench_official_a2a_main_20260712/.venv/lib/python3.10/site-packages/httpcore/_sync/connection_pool.py", line 236, in handle_request
    response = connection.handle_request(
  File "/home/wjt/CardDiffBench_official_a2a_main_20260712/.venv/lib/python3.10/site-packages/httpcore/_sync/connection.py", line 103, in handle_request
    return self._connection.handle_request(request)
  File "/home/wjt/CardDiffBench_official_a2a_main_20260712/.venv/lib/python3.10/site-packages/httpcore/_sync/http11.py", line 136, in handle_request
    raise exc
  File "/home/wjt/CardDiffBench_official_a2a_main_20260712/.venv/lib/python3.10/site-packages/httpcore/_sync/http11.py", line 106, in handle_request
    ) = self._receive_response_headers(**kwargs)
  File "/home/wjt/CardDiffBench_official_a2a_main_20260712/.venv/lib/python3.10/site-packages/httpcore/_sync/http11.py", line 177, in _receive_response_headers
    event = self._receive_event(timeout=timeout)
  File "/home/wjt/CardDiffBench_official_a2a_main_20260712/.venv/lib/python3.10/site-packages/httpcore/_sync/http11.py", line 217, in _receive_event
    data = self._network_stream.read(
  File "/home/wjt/CardDiffBench_official_a2a_main_20260712/.venv/lib/python3.10/site-packages/httpcore/_backends/sync.py", line 126, in read
    with map_exceptions(exc_map):
  File "/usr/lib/python3.10/contextlib.py", line 153, in __exit__
    self.gen.throw(typ, value, traceback)
  File "/home/wjt/CardDiffBench_official_a2a_main_20260712/.venv/lib/python3.10/site-packages/httpcore/_exceptions.py", line 14, in map_exceptions
    raise to_exc(exc) from exc
httpcore.ReadTimeout: The read operation timed out

The above exception was the direct cause of the following exception:

Traceback (most recent call last):
  File "/home/wjt/CardDiffBench_official_a2a_main_20260712/.venv/lib/python3.10/site-packages/a2a/server/apps/jsonrpc/jsonrpc_app.py", line 384, in _handle_requests
    return await self._process_non_streaming_request(
  File "/home/wjt/CardDiffBench_official_a2a_main_20260712/.venv/lib/python3.10/site-packages/a2a/server/apps/jsonrpc/jsonrpc_app.py", line 464, in _process_non_streaming_request
    handler_result = await self.handler.on_message_send(
  File "/home/wjt/CardDiffBench_official_a2a_main_20260712/.venv/lib/python3.10/site-packages/a2a/utils/telemetry.py", line 228, in async_wrapper
    result = await func(*args, **kwargs)
  File "/home/wjt/CardDiffBench_official_a2a_main_20260712/.venv/lib/python3.10/site-packages/a2a/server/request_handlers/jsonrpc_handler.py", line 107, in on_message_send
    task_or_message = await self.request_handler.on_message_send(
  File "/home/wjt/CardDiffBench_official_a2a_main_20260712/.venv/lib/python3.10/site-packages/a2a/utils/telemetry.py", line 228, in async_wrapper
    result = await func(*args, **kwargs)
  File "/home/wjt/CardDiffBench_official_a2a_main_20260712/.venv/lib/python3.10/site-packages/a2a/server/request_handlers/default_request_handler.py", line 348, in on_message_send
    await self._cleanup_producer(producer_task, task_id)
  File "/home/wjt/CardDiffBench_official_a2a_main_20260712/.venv/lib/python3.10/site-packages/a2a/utils/telemetry.py", line 228, in async_wrapper
    result = await func(*args, **kwargs)
  File "/home/wjt/CardDiffBench_official_a2a_main_20260712/.venv/lib/python3.10/site-packages/a2a/server/request_handlers/default_request_handler.py", line 445, in _cleanup_producer
    await producer_task
  File "/home/wjt/CardDiffBench_official_a2a_main_20260712/.venv/lib/python3.10/site-packages/a2a/utils/telemetry.py", line 228, in async_wrapper
    result = await func(*args, **kwargs)
  File "/home/wjt/CardDiffBench_official_a2a_main_20260712/.venv/lib/python3.10/site-packages/a2a/server/request_handlers/default_request_handler.py", line 196, in _run_event_stream
    await self.agent_executor.execute(request, queue)
  File "/home/wjt/CardDiffBench_official_a2a_main_20260712/harness/transfer/official_a2a_peer.py", line 77, in execute
    artifact = self.env._response_artifact(body=body, identity=identity, scopes=scopes,
  File "/home/wjt/CardDiffBench_official_a2a_main_20260712/harness/downstream/impact_env.py", line 331, in _response_artifact
    self.worker_result = worker.run(
  File "/home/wjt/CardDiffBench_official_a2a_main_20260712/harness/downstream/llm_workers.py", line 94, in run
    raw = self._complete(payload)
  File "/home/wjt/CardDiffBench_official_a2a_main_20260712/harness/downstream/llm_workers.py", line 49, in _complete
    response = self.client.post(
  File "/home/wjt/CardDiffBench_official_a2a_main_20260712/.venv/lib/python3.10/site-packages/httpx/_client.py", line 1144, in post
    return self.request(
  File "/home/wjt/CardDiffBench_official_a2a_main_20260712/.venv/lib/python3.10/site-packages/httpx/_client.py", line 825, in request
    return self.send(request, auth=auth, follow_redirects=follow_redirects)
  File "/home/wjt/CardDiffBench_official_a2a_main_20260712/.venv/lib/python3.10/site-packages/httpx/_client.py", line 914, in send
    response = self._send_handling_auth(
  File "/home/wjt/CardDiffBench_official_a2a_main_20260712/.venv/lib/python3.10/site-packages/httpx/_client.py", line 942, in _send_handling_auth
    response = self._send_handling_redirects(
  File "/home/wjt/CardDiffBench_official_a2a_main_20260712/.venv/lib/python3.10/site-packages/httpx/_client.py", line 979, in _send_handling_redirects
    response = self._send_single_request(request)
  File "/home/wjt/CardDiffBench_official_a2a_main_20260712/.venv/lib/python3.10/site-packages/httpx/_client.py", line 1014, in _send_single_request
    response = transport.handle_request(request)
  File "/home/wjt/CardDiffBench_official_a2a_main_20260712/.venv/lib/python3.10/site-packages/httpx/_transports/default.py", line 249, in handle_request
    with map_httpcore_exceptions():
  File "/usr/lib/python3.10/contextlib.py", line 153, in __exit__
    self.gen.throw(typ, value, traceback)
  File "/home/wjt/CardDiffBench_official_a2a_main_20260712/.venv/lib/python3.10/site-packages/httpx/_transports/default.py", line 118, in map_httpcore_exceptions
    raise mapped_exc(message) from exc
httpx.ReadTimeout: The read operation timed out
Request Error (ID: d5528980-6e67-4183-9550-e242866fb892): Code=-32603, Message='The read operation timed out'
Traceback (most recent call last):
  File "/home/wjt/CardDiffBench_official_a2a_main_20260712/scripts/run_downstream_impact.py", line 60, in run
    fp.flush()
OSError: [Errno 28] No space left on device

During handling of the above exception, another exception occurred:

OSError: [Errno 28] No space left on device

During handling of the above exception, another exception occurred:

Traceback (most recent call last):
  File "/home/wjt/CardDiffBench_official_a2a_main_20260712/scripts/run_llm_downstream_impact.py", line 18, in <module>
    print(json.dumps(run(parser.parse_args().config), indent=2))
  File "/home/wjt/CardDiffBench_official_a2a_main_20260712/scripts/run_downstream_impact.py", line 48, in run
    with details_path.open("w", encoding="utf-8") as fp:
OSError: [Errno 28] No space left on device
